event_index,is_anomaly,anomaly_type
1,0,NORMAL
2,0,NORMAL
3,0,NORMAL
4,0,NORMAL
5,0,NORMAL
6,0,NORMAL
7,0,NORMAL
8,0,NORMAL
9,0,NORMAL
10,0,NORMAL
11,0,NORMAL
12,0,NORMAL
13,0,NORMAL
14,0,NORMAL
15,0,NORMAL
16,0,NORMAL
17,0,NORMAL
18,0,NORMAL
19,0,NORMAL
20,0,NORMAL
21,0,NORMAL
22,0,NORMAL
23,0,NORMAL
24,0,NORMAL
25,0,NORMAL
26,0,NORMAL
27,0,NORMAL
28,0,NORMAL
29,0,NORMAL
30,0,NORMAL
31,0,NORMAL
32,0,NORMAL
33,0,NORMAL
34,0,NORMAL
35,0,NORMAL
36,0,NORMAL
37,0,NORMAL
38,0,NORMAL
39,0,NORMAL
40,0,NORMAL
41,0,NORMAL
42,0,NORMAL
43,0,NORMAL
44,0,NORMAL
45,0,NORMAL
46,0,NORMAL
47,0,NORMAL
48,0,NORMAL
49,0,NORMAL
50,0,NORMAL
51,0,NORMAL
52,0,NORMAL
53,0,NORMAL
54,0,NORMAL
55,0,NORMAL
56,0,NORMAL
57,0,NORMAL
58,0,NORMAL
59,0,NORMAL
60,0,NORMAL
61,0,NORMAL
62,0,NORMAL
63,0,NORMAL
64,0,NORMAL
65,0,NORMAL
66,0,NORMAL
67,0,NORMAL
68,0,NORMAL
69,0,NORMAL
70,0,NORMAL
71,0,NORMAL
72,0,NORMAL
73,0,NORMAL
74,0,NORMAL
75,0,NORMAL
76,0,NORMAL
77,0,NORMAL
78,0,NORMAL
79,0,NORMAL
80,0,NORMAL
81,0,NORMAL
82,0,NORMAL
83,0,NORMAL
84,0,NORMAL
85,0,NORMAL
86,0,NORMAL
87,0,NORMAL
88,0,NORMAL
89,0,NORMAL
90,0,NORMAL
91,0,NORMAL
92,0,NORMAL
93,0,NORMAL
94,0,NORMAL
95,0,NORMAL
96,0,NORMAL
97,0,NORMAL
98,0,NORMAL
99,0,NORMAL
100,0,NORMAL
101,0,NORMAL
102,0,NORMAL
103,0,NORMAL
104,0,NORMAL
105,0,NORMAL
106,0,NORMAL
107,0,NORMAL
108,0,NORMAL
109,0,NORMAL
110,0,NORMAL
111,0,NORMAL
112,0,NORMAL
113,0,NORMAL
114,0,NORMAL
115,0,NORMAL
116,0,NORMAL
117,0,NORMAL
118,0,NORMAL
119,0,NORMAL
120,0,NORMAL
121,0,NORMAL
122,0,NORMAL
123,0,NORMAL
124,0,NORMAL
125,0,NORMAL
126,0,NORMAL
127,0,NORMAL
128,0,NORMAL
129,0,NORMAL
130,0,NORMAL
131,0,NORMAL
132,0,NORMAL
133,0,NORMAL
134,0,NORMAL
135,0,NORMAL
136,0,NORMAL
137,0,NORMAL
138,0,NORMAL
139,0,NORMAL
140,0,NORMAL
141,0,NORMAL
142,0,NORMAL
143,0,NORMAL
144,0,NORMAL
145,0,NORMAL
146,0,NORMAL
147,0,NORMAL
148,0,NORMAL
149,0,NORMAL
150,0,NORMAL
151,0,NORMAL
152,0,NORMAL
153,0,NORMAL
154,0,NORMAL
155,0,NORMAL
156,0,NORMAL
157,0,NORMAL
158,0,NORMAL
159,0,NORMAL
160,0,NORMAL
161,0,NORMAL
162,0,NORMAL
163,0,NORMAL
164,0,NORMAL
165,0,NORMAL
166,0,NORMAL
167,0,NORMAL
168,0,NORMAL
169,0,NORMAL
170,0,NORMAL
171,0,NORMAL
172,0,NORMAL
173,0,NORMAL
174,0,NORMAL
175,0,NORMAL
176,0,NORMAL
177,0,NORMAL
178,0,NORMAL
179,0,NORMAL
180,0,NORMAL
181,0,NORMAL
182,0,NORMAL
183,0,NORMAL
184,0,NORMAL
185,0,NORMAL
186,0,NORMAL
187,0,NORMAL
188,0,NORMAL
189,0,NORMAL
190,0,NORMAL
191,0,NORMAL
192,0,NORMAL
193,0,NORMAL
194,0,NORMAL
195,0,NORMAL
196,0,NORMAL
197,0,NORMAL
198,0,NORMAL
199,0,NORMAL
200,0,NORMAL
201,0,NORMAL
202,0,NORMAL
203,0,NORMAL
204,0,NORMAL
205,0,NORMAL
206,0,NORMAL
207,0,NORMAL
208,0,NORMAL
209,0,NORMAL
210,0,NORMAL
211,0,NORMAL
212,0,NORMAL
213,0,NORMAL
214,0,NORMAL
215,0,NORMAL
216,0,NORMAL
217,0,NORMAL
218,0,NORMAL
219,0,NORMAL
220,0,NORMAL
221,0,NORMAL
222,0,NORMAL
223,0,NORMAL
224,0,NORMAL
225,0,NORMAL
226,0,NORMAL
227,0,NORMAL
228,0,NORMAL
229,0,NORMAL
230,0,NORMAL
231,0,NORMAL
232,0,NORMAL
233,0,NORMAL
234,0,NORMAL
235,0,NORMAL
236,0,NORMAL
237,0,NORMAL
238,0,NORMAL
239,0,NORMAL
240,0,NORMAL
241,0,NORMAL
242,0,NORMAL
243,0,NORMAL
244,0,NORMAL
245,0,NORMAL
246,0,NORMAL
247,0,NORMAL
248,0,NORMAL
249,0,NORMAL
250,0,NORMAL
251,0,NORMAL
252,0,NORMAL
253,0,NORMAL
254,0,NORMAL
255,0,NORMAL
256,0,NORMAL
257,0,NORMAL
258,0,NORMAL
259,0,NORMAL
260,0,NORMAL
261,0,NORMAL
262,0,NORMAL
263,0,NORMAL
264,0,NORMAL
265,0,NORMAL
266,0,NORMAL
267,0,NORMAL
268,0,NORMAL
269,0,NORMAL
270,0,NORMAL
271,0,NORMAL
272,0,NORMAL
273,0,NORMAL
274,0,NORMAL
275,0,NORMAL
276,0,NORMAL
277,0,NORMAL
278,0,NORMAL
279,0,NORMAL
280,0,NORMAL
281,0,NORMAL
282,0,NORMAL
283,0,NORMAL
284,0,NORMAL
285,0,NORMAL
286,0,NORMAL
287,0,NORMAL
288,0,NORMAL
289,0,NORMAL
290,0,NORMAL
291,0,NORMAL
292,0,NORMAL
293,0,NORMAL
294,0,NORMAL
295,0,NORMAL
296,0,NORMAL
297,0,NORMAL
298,0,NORMAL
299,0,NORMAL
300,0,NORMAL
301,0,NORMAL
302,0,NORMAL
303,0,NORMAL
304,0,NORMAL
305,0,NORMAL
306,0,NORMAL
307,0,NORMAL
308,0,NORMAL
309,0,NORMAL
310,0,NORMAL
311,0,NORMAL
312,0,NORMAL
313,0,NORMAL
314,0,NORMAL
315,0,NORMAL
316,0,NORMAL
317,0,NORMAL
318,0,NORMAL
319,0,NORMAL
320,0,NORMAL
321,0,NORMAL
322,0,NORMAL
323,0,NORMAL
324,0,NORMAL
325,0,NORMAL
326,0,NORMAL
327,0,NORMAL
328,0,NORMAL
329,0,NORMAL
330,0,NORMAL
331,0,NORMAL
332,0,NORMAL
333,0,NORMAL
334,0,NORMAL
335,0,NORMAL
336,0,NORMAL
337,0,NORMAL
338,0,NORMAL
339,0,NORMAL
340,0,NORMAL
341,0,NORMAL
342,0,NORMAL
343,0,NORMAL
344,0,NORMAL
345,0,NORMAL
346,0,NORMAL
347,0,NORMAL
348,0,NORMAL
349,0,NORMAL
350,0,NORMAL
351,0,NORMAL
352,0,NORMAL
353,0,NORMAL
354,0,NORMAL
355,0,NORMAL
356,0,NORMAL
357,0,NORMAL
358,0,NORMAL
359,0,NORMAL
360,0,NORMAL
361,0,NORMAL
362,0,NORMAL
363,0,NORMAL
364,0,NORMAL
365,0,NORMAL
366,0,NORMAL
367,0,NORMAL
368,0,NORMAL
369,0,NORMAL
370,0,NORMAL
371,0,NORMAL
372,0,NORMAL
373,0,NORMAL
374,0,NORMAL
375,0,NORMAL
376,0,NORMAL
377,0,NORMAL
378,0,NORMAL
379,0,NORMAL
380,0,NORMAL
381,0,NORMAL
382,0,NORMAL
383,0,NORMAL
384,0,NORMAL
385,0,NORMAL
386,0,NORMAL
387,0,NORMAL
388,0,NORMAL
389,0,NORMAL
390,0,NORMAL
391,0,NORMAL
392,0,NORMAL
393,0,NORMAL
394,0,NORMAL
395,0,NORMAL
396,0,NORMAL
397,0,NORMAL
398,0,NORMAL
399,0,NORMAL
400,0,NORMAL
401,0,NORMAL
402,0,NORMAL
403,0,NORMAL
404,0,NORMAL
405,0,NORMAL
406,0,NORMAL
407,0,NORMAL
408,0,NORMAL
409,0,NORMAL
410,0,NORMAL
411,0,NORMAL
412,0,NORMAL
413,0,NORMAL
414,0,NORMAL
415,0,NORMAL
416,0,NORMAL
417,0,NORMAL
418,0,NORMAL
419,0,NORMAL
420,0,NORMAL
421,0,NORMAL
422,0,NORMAL
423,0,NORMAL
424,0,NORMAL
425,0,NORMAL
426,0,NORMAL
427,0,NORMAL
428,0,NORMAL
429,0,NORMAL
430,0,NORMAL
431,0,NORMAL
432,0,NORMAL
433,0,NORMAL
434,0,NORMAL
435,0,NORMAL
436,0,NORMAL
437,0,NORMAL
438,0,NORMAL
439,0,NORMAL
440,0,NORMAL
441,0,NORMAL
442,0,NORMAL
443,0,NORMAL
444,0,NORMAL
445,0,NORMAL
446,0,NORMAL
447,0,NORMAL
448,0,NORMAL
449,0,NORMAL
450,0,NORMAL
451,0,NORMAL
452,0,NORMAL
453,0,NORMAL
454,0,NORMAL
455,0,NORMAL
456,0,NORMAL
457,0,NORMAL
458,0,NORMAL
459,0,NORMAL
460,0,NORMAL
461,0,NORMAL
462,0,NORMAL
463,0,NORMAL
464,0,NORMAL
465,0,NORMAL
466,0,NORMAL
467,0,NORMAL
468,0,NORMAL
469,0,NORMAL
470,0,NORMAL
471,0,NORMAL
472,0,NORMAL
473,0,NORMAL
474,0,NORMAL
475,0,NORMAL
476,0,NORMAL
477,0,NORMAL
478,0,NORMAL
479,0,NORMAL
480,0,NORMAL
481,0,NORMAL
482,0,NORMAL
483,0,NORMAL
484,0,NORMAL
485,0,NORMAL
486,0,NORMAL
487,0,NORMAL
488,0,NORMAL
489,0,NORMAL
490,0,NORMAL
491,0,NORMAL
492,0,NORMAL
493,0,NORMAL
494,0,NORMAL
495,0,NORMAL
496,0,NORMAL
497,0,NORMAL
498,0,NORMAL
499,0,NORMAL
500,0,NORMAL
501,0,NORMAL
502,0,NORMAL
503,0,NORMAL
504,0,NORMAL
505,0,NORMAL
506,0,NORMAL
507,0,NORMAL
508,0,NORMAL
509,0,NORMAL
510,0,NORMAL
511,0,NORMAL
512,0,NORMAL
513,0,NORMAL
514,0,NORMAL
515,0,NORMAL
516,0,NORMAL
517,0,NORMAL
518,0,NORMAL
519,0,NORMAL
520,0,NORMAL
521,0,NORMAL
522,0,NORMAL
523,0,NORMAL
524,0,NORMAL
525,0,NORMAL
526,0,NORMAL
527,0,NORMAL
528,0,NORMAL
529,0,NORMAL
530,0,NORMAL
531,0,NORMAL
532,0,NORMAL
533,0,NORMAL
534,0,NORMAL
535,0,NORMAL
536,0,NORMAL
537,0,NORMAL
538,0,NORMAL
539,0,NORMAL
540,0,NORMAL
541,0,NORMAL
542,0,NORMAL
543,0,NORMAL
544,0,NORMAL
545,0,NORMAL
546,0,NORMAL
547,0,NORMAL
548,0,NORMAL
549,0,NORMAL
550,0,NORMAL
551,0,NORMAL
552,0,NORMAL
553,0,NORMAL
554,0,NORMAL
555,0,NORMAL
556,0,NORMAL
557,0,NORMAL
558,0,NORMAL
559,0,NORMAL
560,0,NORMAL
561,0,NORMAL
562,0,NORMAL
563,0,NORMAL
564,0,NORMAL
565,0,NORMAL
566,0,NORMAL
567,0,NORMAL
568,0,NORMAL
569,0,NORMAL
570,0,NORMAL
571,0,NORMAL
572,0,NORMAL
573,0,NORMAL
574,0,NORMAL
575,0,NORMAL
576,0,NORMAL
577,0,NORMAL
578,0,NORMAL
579,0,NORMAL
580,0,NORMAL
581,0,NORMAL
582,0,NORMAL
583,0,NORMAL
584,0,NORMAL
585,0,NORMAL
586,0,NORMAL
587,0,NORMAL
588,0,NORMAL
589,0,NORMAL
590,0,NORMAL
591,0,NORMAL
592,0,NORMAL
593,0,NORMAL
594,0,NORMAL
595,0,NORMAL
596,0,NORMAL
597,0,NORMAL
598,0,NORMAL
599,0,NORMAL
600,0,NORMAL
601,0,NORMAL
602,0,NORMAL
603,0,NORMAL
604,0,NORMAL
605,0,NORMAL
606,0,NORMAL
607,0,NORMAL
608,0,NORMAL
609,0,NORMAL
610,0,NORMAL
611,0,NORMAL
612,0,NORMAL
613,0,NORMAL
614,0,NORMAL
615,0,NORMAL
616,0,NORMAL
617,0,NORMAL
618,0,NORMAL
619,0,NORMAL
620,0,NORMAL
621,0,NORMAL
622,0,NORMAL
623,0,NORMAL
624,0,NORMAL
625,0,NORMAL
626,0,NORMAL
627,0,NORMAL
628,0,NORMAL
629,0,NORMAL
630,0,NORMAL
631,0,NORMAL
632,0,NORMAL
633,0,NORMAL
634,0,NORMAL
635,0,NORMAL
636,0,NORMAL
637,0,NORMAL
638,0,NORMAL
639,0,NORMAL
640,0,NORMAL
641,0,NORMAL
642,0,NORMAL
643,0,NORMAL
644,0,NORMAL
645,0,NORMAL
646,0,NORMAL
647,0,NORMAL
648,0,NORMAL
649,0,NORMAL
650,0,NORMAL
651,0,NORMAL
652,0,NORMAL
653,0,NORMAL
654,0,NORMAL
655,0,NORMAL
656,0,NORMAL
657,0,NORMAL
658,0,NORMAL
659,0,NORMAL
660,0,NORMAL
661,0,NORMAL
662,0,NORMAL
663,0,NORMAL
664,0,NORMAL
665,0,NORMAL
666,0,NORMAL
667,0,NORMAL
668,0,NORMAL
669,0,NORMAL
670,0,NORMAL
671,0,NORMAL
672,0,NORMAL
673,0,NORMAL
674,0,NORMAL
675,0,NORMAL
676,0,NORMAL
677,0,NORMAL
678,0,NORMAL
679,0,NORMAL
680,0,NORMAL
681,0,NORMAL
682,0,NORMAL
683,0,NORMAL
684,0,NORMAL
685,0,NORMAL
686,0,NORMAL
687,0,NORMAL
688,0,NORMAL
689,0,NORMAL
690,0,NORMAL
691,0,NORMAL
692,0,NORMAL
693,0,NORMAL
694,0,NORMAL
695,0,NORMAL
696,0,NORMAL
697,0,NORMAL
698,0,NORMAL
699,0,NORMAL
700,0,NORMAL
701,0,NORMAL
702,0,NORMAL
703,0,NORMAL
704,0,NORMAL
705,0,NORMAL
706,0,NORMAL
707,0,NORMAL
708,0,NORMAL
709,0,NORMAL
710,0,NORMAL
711,0,NORMAL
712,0,NORMAL
713,0,NORMAL
714,0,NORMAL
715,0,NORMAL
716,0,NORMAL
717,0,NORMAL
718,0,NORMAL
719,0,NORMAL
720,0,NORMAL
721,0,NORMAL
722,0,NORMAL
723,0,NORMAL
724,0,NORMAL
725,0,NORMAL
726,0,NORMAL
727,0,NORMAL
728,0,NORMAL
729,0,NORMAL
730,0,NORMAL
731,0,NORMAL
732,0,NORMAL
733,0,NORMAL
734,0,NORMAL
735,0,NORMAL
736,0,NORMAL
737,0,NORMAL
738,0,NORMAL
739,0,NORMAL
740,0,NORMAL
741,0,NORMAL
742,0,NORMAL
743,0,NORMAL
744,0,NORMAL
745,0,NORMAL
746,0,NORMAL
747,0,NORMAL
748,0,NORMAL
749,0,NORMAL
750,0,NORMAL
751,0,NORMAL
752,0,NORMAL
753,0,NORMAL
754,0,NORMAL
755,0,NORMAL
756,0,NORMAL
757,0,NORMAL
758,0,NORMAL
759,0,NORMAL
760,0,NORMAL
761,0,NORMAL
762,0,NORMAL
763,0,NORMAL
764,0,NORMAL
765,0,NORMAL
766,0,NORMAL
767,0,NORMAL
768,0,NORMAL
769,0,NORMAL
770,0,NORMAL
771,0,NORMAL
772,0,NORMAL
773,0,NORMAL
774,0,NORMAL
775,0,NORMAL
776,0,NORMAL
777,0,NORMAL
778,0,NORMAL
779,0,NORMAL
780,0,NORMAL
781,0,NORMAL
782,0,NORMAL
783,0,NORMAL
784,0,NORMAL
785,0,NORMAL
786,0,NORMAL
787,0,NORMAL
788,0,NORMAL
789,0,NORMAL
790,0,NORMAL
791,0,NORMAL
792,0,NORMAL
793,0,NORMAL
794,0,NORMAL
795,0,NORMAL
796,0,NORMAL
797,0,NORMAL
798,0,NORMAL
799,0,NORMAL
800,0,NORMAL
801,0,NORMAL
802,0,NORMAL
803,0,NORMAL
804,0,NORMAL
805,0,NORMAL
806,0,NORMAL
807,0,NORMAL
808,0,NORMAL
809,0,NORMAL
810,0,NORMAL
811,0,NORMAL
812,0,NORMAL
813,0,NORMAL
814,0,NORMAL
815,0,NORMAL
816,0,NORMAL
817,0,NORMAL
818,0,NORMAL
819,0,NORMAL
820,0,NORMAL
821,0,NORMAL
822,0,NORMAL
823,0,NORMAL
824,0,NORMAL
825,0,NORMAL
826,0,NORMAL
827,0,NORMAL
828,0,NORMAL
829,0,NORMAL
830,0,NORMAL
831,0,NORMAL
832,0,NORMAL
833,0,NORMAL
834,0,NORMAL
835,0,NORMAL
836,0,NORMAL
837,0,NORMAL
838,0,NORMAL
839,0,NORMAL
840,0,NORMAL
841,0,NORMAL
842,0,NORMAL
843,0,NORMAL
844,0,NORMAL
845,0,NORMAL
846,0,NORMAL
847,0,NORMAL
848,0,NORMAL
849,0,NORMAL
850,0,NORMAL
851,0,NORMAL
852,0,NORMAL
853,0,NORMAL
854,0,NORMAL
855,0,NORMAL
856,0,NORMAL
857,0,NORMAL
858,0,NORMAL
859,0,NORMAL
860,0,NORMAL
861,0,NORMAL
862,0,NORMAL
863,0,NORMAL
864,0,NORMAL
865,0,NORMAL
866,0,NORMAL
867,0,NORMAL
868,0,NORMAL
869,0,NORMAL
870,0,NORMAL
871,0,NORMAL
872,0,NORMAL
873,0,NORMAL
874,0,NORMAL
875,0,NORMAL
876,0,NORMAL
877,0,NORMAL
878,0,NORMAL
879,0,NORMAL
880,0,NORMAL
881,0,NORMAL
882,0,NORMAL
883,0,NORMAL
884,0,NORMAL
885,0,NORMAL
886,0,NORMAL
887,0,NORMAL
888,0,NORMAL
889,0,NORMAL
890,0,NORMAL
891,0,NORMAL
892,0,NORMAL
893,0,NORMAL
894,0,NORMAL
895,0,NORMAL
896,0,NORMAL
897,0,NORMAL
898,0,NORMAL
899,0,NORMAL
900,0,NORMAL
901,0,NORMAL
902,0,NORMAL
903,0,NORMAL
904,0,NORMAL
905,0,NORMAL
906,0,NORMAL
907,0,NORMAL
908,0,NORMAL
909,0,NORMAL
910,0,NORMAL
911,0,NORMAL
912,0,NORMAL
913,0,NORMAL
914,0,NORMAL
915,0,NORMAL
916,0,NORMAL
917,0,NORMAL
918,0,NORMAL
919,0,NORMAL
920,0,NORMAL
921,0,NORMAL
922,0,NORMAL
923,0,NORMAL
924,0,NORMAL
925,0,NORMAL
926,0,NORMAL
927,0,NORMAL
928,0,NORMAL
929,0,NORMAL
930,0,NORMAL
931,0,NORMAL
932,0,NORMAL
933,0,NORMAL
934,0,NORMAL
935,0,NORMAL
936,0,NORMAL
937,0,NORMAL
938,0,NORMAL
939,0,NORMAL
940,0,NORMAL
941,0,NORMAL
942,0,NORMAL
943,0,NORMAL
944,0,NORMAL
945,0,NORMAL
946,0,NORMAL
947,0,NORMAL
948,0,NORMAL
949,0,NORMAL
950,0,NORMAL
951,0,NORMAL
952,0,NORMAL
953,0,NORMAL
954,0,NORMAL
955,0,NORMAL
956,0,NORMAL
957,0,NORMAL
958,0,NORMAL
959,0,NORMAL
960,0,NORMAL
961,0,NORMAL
962,0,NORMAL
963,0,NORMAL
964,0,NORMAL
965,0,NORMAL
966,0,NORMAL
967,0,NORMAL
968,0,NORMAL
969,0,NORMAL
970,0,NORMAL
971,0,NORMAL
972,0,NORMAL
973,0,NORMAL
974,0,NORMAL
975,0,NORMAL
976,0,NORMAL
977,0,NORMAL
978,0,NORMAL
979,0,NORMAL
980,0,NORMAL
981,0,NORMAL
982,0,NORMAL
983,0,NORMAL
984,0,NORMAL
985,0,NORMAL
986,0,NORMAL
987,0,NORMAL
988,0,NORMAL
989,0,NORMAL
990,0,NORMAL
991,0,NORMAL
992,0,NORMAL
993,0,NORMAL
994,0,NORMAL
995,0,NORMAL
996,0,NORMAL
997,0,NORMAL
998,0,NORMAL
999,0,NORMAL
1000,0,NORMAL
1001,0,NORMAL
1002,0,NORMAL
1003,0,NORMAL
1004,0,NORMAL
1005,0,NORMAL
1006,0,NORMAL
1007,0,NORMAL
1008,0,NORMAL
1009,0,NORMAL
1010,0,NORMAL
1011,0,NORMAL
1012,0,NORMAL
1013,0,NORMAL
1014,0,NORMAL
1015,0,NORMAL
1016,0,NORMAL
1017,0,NORMAL
1018,0,NORMAL
1019,0,NORMAL
1020,0,NORMAL
1021,0,NORMAL
1022,0,NORMAL
1023,0,NORMAL
1024,0,NORMAL
1025,0,NORMAL
1026,0,NORMAL
1027,0,NORMAL
1028,0,NORMAL
1029,0,NORMAL
1030,0,NORMAL
1031,0,NORMAL
1032,0,NORMAL
1033,0,NORMAL
1034,0,NORMAL
1035,0,NORMAL
1036,0,NORMAL
1037,0,NORMAL
1038,0,NORMAL
1039,0,NORMAL
1040,0,NORMAL
1041,0,NORMAL
1042,0,NORMAL
1043,0,NORMAL
1044,0,NORMAL
1045,0,NORMAL
1046,0,NORMAL
1047,0,NORMAL
1048,0,NORMAL
1049,0,NORMAL
1050,0,NORMAL
1051,0,NORMAL
1052,0,NORMAL
1053,0,NORMAL
1054,0,NORMAL
1055,0,NORMAL
1056,0,NORMAL
1057,0,NORMAL
1058,0,NORMAL
1059,0,NORMAL
1060,0,NORMAL
1061,0,NORMAL
1062,0,NORMAL
1063,0,NORMAL
1064,0,NORMAL
1065,0,NORMAL
1066,0,NORMAL
1067,0,NORMAL
1068,0,NORMAL
1069,0,NORMAL
1070,0,NORMAL
1071,0,NORMAL
1072,0,NORMAL
1073,0,NORMAL
1074,0,NORMAL
1075,0,NORMAL
1076,0,NORMAL
1077,0,NORMAL
1078,0,NORMAL
1079,0,NORMAL
1080,0,NORMAL
1081,0,NORMAL
1082,0,NORMAL
1083,0,NORMAL
1084,0,NORMAL
1085,0,NORMAL
1086,0,NORMAL
1087,0,NORMAL
1088,0,NORMAL
1089,0,NORMAL
1090,0,NORMAL
1091,0,NORMAL
1092,0,NORMAL
1093,0,NORMAL
1094,0,NORMAL
1095,0,NORMAL
1096,0,NORMAL
1097,0,NORMAL
1098,0,NORMAL
1099,0,NORMAL
1100,0,NORMAL
1101,0,NORMAL
1102,0,NORMAL
1103,0,NORMAL
1104,0,NORMAL
1105,0,NORMAL
1106,0,NORMAL
1107,0,NORMAL
1108,0,NORMAL
1109,0,NORMAL
1110,0,NORMAL
1111,0,NORMAL
1112,0,NORMAL
1113,0,NORMAL
1114,0,NORMAL
1115,0,NORMAL
1116,0,NORMAL
1117,0,NORMAL
1118,0,NORMAL
1119,0,NORMAL
1120,0,NORMAL
1121,0,NORMAL
1122,0,NORMAL
1123,0,NORMAL
1124,0,NORMAL
1125,0,NORMAL
1126,0,NORMAL
1127,0,NORMAL
1128,0,NORMAL
1129,0,NORMAL
1130,0,NORMAL
1131,0,NORMAL
1132,0,NORMAL
1133,0,NORMAL
1134,0,NORMAL
1135,0,NORMAL
1136,0,NORMAL
1137,0,NORMAL
1138,0,NORMAL
1139,0,NORMAL
1140,0,NORMAL
1141,0,NORMAL
1142,0,NORMAL
1143,0,NORMAL
1144,0,NORMAL
1145,0,NORMAL
1146,0,NORMAL
1147,0,NORMAL
1148,0,NORMAL
1149,0,NORMAL
1150,0,NORMAL
1151,0,NORMAL
1152,0,NORMAL
1153,0,NORMAL
1154,0,NORMAL
1155,0,NORMAL
1156,0,NORMAL
1157,0,NORMAL
1158,0,NORMAL
1159,0,NORMAL
1160,0,NORMAL
1161,0,NORMAL
1162,0,NORMAL
1163,0,NORMAL
1164,0,NORMAL
1165,0,NORMAL
1166,0,NORMAL
1167,0,NORMAL
1168,0,NORMAL
1169,0,NORMAL
1170,0,NORMAL
1171,0,NORMAL
1172,0,NORMAL
1173,0,NORMAL
1174,0,NORMAL
1175,0,NORMAL
1176,0,NORMAL
1177,0,NORMAL
1178,0,NORMAL
1179,0,NORMAL
1180,0,NORMAL
1181,0,NORMAL
1182,0,NORMAL
1183,0,NORMAL
1184,0,NORMAL
1185,0,NORMAL
1186,0,NORMAL
1187,0,NORMAL
1188,0,NORMAL
1189,0,NORMAL
1190,0,NORMAL
1191,0,NORMAL
1192,0,NORMAL
1193,0,NORMAL
1194,0,NORMAL
1195,0,NORMAL
1196,0,NORMAL
1197,0,NORMAL
1198,0,NORMAL
1199,0,NORMAL
1200,0,NORMAL
1201,0,NORMAL
1202,0,NORMAL
1203,0,NORMAL
1204,0,NORMAL
1205,0,NORMAL
1206,0,NORMAL
1207,0,NORMAL
1208,0,NORMAL
1209,0,NORMAL
1210,0,NORMAL
1211,0,NORMAL
1212,0,NORMAL
1213,0,NORMAL
1214,0,NORMAL
1215,0,NORMAL
1216,0,NORMAL
1217,0,NORMAL
1218,0,NORMAL
1219,0,NORMAL
1220,0,NORMAL
1221,0,NORMAL
1222,0,NORMAL
1223,0,NORMAL
1224,0,NORMAL
1225,0,NORMAL
1226,0,NORMAL
1227,0,NORMAL
1228,0,NORMAL
1229,0,NORMAL
1230,0,NORMAL
1231,0,NORMAL
1232,0,NORMAL
1233,0,NORMAL
1234,0,NORMAL
1235,0,NORMAL
1236,0,NORMAL
1237,0,NORMAL
1238,0,NORMAL
1239,0,NORMAL
1240,0,NORMAL
1241,0,NORMAL
1242,0,NORMAL
1243,0,NORMAL
1244,0,NORMAL
1245,0,NORMAL
1246,0,NORMAL
1247,0,NORMAL
1248,0,NORMAL
1249,0,NORMAL
1250,0,NORMAL
1251,0,NORMAL
1252,0,NORMAL
1253,0,NORMAL
1254,0,NORMAL
1255,0,NORMAL
1256,0,NORMAL
1257,0,NORMAL
1258,0,NORMAL
1259,0,NORMAL
1260,0,NORMAL
1261,0,NORMAL
1262,0,NORMAL
1263,0,NORMAL
1264,0,NORMAL
1265,0,NORMAL
1266,0,NORMAL
1267,0,NORMAL
1268,0,NORMAL
1269,0,NORMAL
1270,0,NORMAL
1271,0,NORMAL
1272,0,NORMAL
1273,0,NORMAL
1274,0,NORMAL
1275,0,NORMAL
1276,0,NORMAL
1277,0,NORMAL
1278,0,NORMAL
1279,0,NORMAL
1280,0,NORMAL
1281,0,NORMAL
1282,0,NORMAL
1283,0,NORMAL
1284,0,NORMAL
1285,0,NORMAL
1286,0,NORMAL
1287,0,NORMAL
1288,0,NORMAL
1289,0,NORMAL
1290,0,NORMAL
1291,0,NORMAL
1292,0,NORMAL
1293,0,NORMAL
1294,0,NORMAL
1295,0,NORMAL
1296,0,NORMAL
1297,0,NORMAL
1298,0,NORMAL
1299,0,NORMAL
1300,0,NORMAL
1301,0,NORMAL
1302,0,NORMAL
1303,0,NORMAL
1304,0,NORMAL
1305,0,NORMAL
1306,0,NORMAL
1307,0,NORMAL
1308,0,NORMAL
1309,0,NORMAL
1310,0,NORMAL
1311,0,NORMAL
1312,0,NORMAL
1313,0,NORMAL
1314,0,NORMAL
1315,0,NORMAL
1316,0,NORMAL
1317,0,NORMAL
1318,0,NORMAL
1319,0,NORMAL
1320,0,NORMAL
1321,0,NORMAL
1322,0,NORMAL
1323,0,NORMAL
1324,0,NORMAL
1325,0,NORMAL
1326,0,NORMAL
1327,0,NORMAL
1328,0,NORMAL
1329,0,NORMAL
1330,0,NORMAL
1331,0,NORMAL
1332,0,NORMAL
1333,0,NORMAL
1334,0,NORMAL
1335,0,NORMAL
1336,0,NORMAL
1337,0,NORMAL
1338,0,NORMAL
1339,0,NORMAL
1340,0,NORMAL
1341,0,NORMAL
1342,0,NORMAL
1343,0,NORMAL
1344,0,NORMAL
1345,0,NORMAL
1346,0,NORMAL
1347,0,NORMAL
1348,0,NORMAL
1349,0,NORMAL
1350,0,NORMAL
1351,0,NORMAL
1352,0,NORMAL
1353,0,NORMAL
1354,0,NORMAL
1355,0,NORMAL
1356,0,NORMAL
1357,0,NORMAL
1358,0,NORMAL
1359,0,NORMAL
1360,0,NORMAL
1361,0,NORMAL
1362,0,NORMAL
1363,0,NORMAL
1364,0,NORMAL
1365,0,NORMAL
1366,0,NORMAL
1367,0,NORMAL
1368,0,NORMAL
1369,0,NORMAL
1370,0,NORMAL
1371,0,NORMAL
1372,0,NORMAL
1373,0,NORMAL
1374,0,NORMAL
1375,0,NORMAL
1376,0,NORMAL
1377,0,NORMAL
1378,0,NORMAL
1379,0,NORMAL
1380,0,NORMAL
1381,0,NORMAL
1382,0,NORMAL
1383,0,NORMAL
1384,0,NORMAL
1385,0,NORMAL
1386,0,NORMAL
1387,0,NORMAL
1388,0,NORMAL
1389,0,NORMAL
1390,0,NORMAL
1391,0,NORMAL
1392,0,NORMAL
1393,0,NORMAL
1394,0,NORMAL
1395,0,NORMAL
1396,0,NORMAL
1397,0,NORMAL
1398,0,NORMAL
1399,0,NORMAL
1400,0,NORMAL
1401,0,NORMAL
1402,0,NORMAL
1403,0,NORMAL
1404,0,NORMAL
1405,0,NORMAL
1406,0,NORMAL
1407,0,NORMAL
1408,0,NORMAL
1409,0,NORMAL
1410,0,NORMAL
1411,0,NORMAL
1412,0,NORMAL
1413,0,NORMAL
1414,0,NORMAL
1415,0,NORMAL
1416,0,NORMAL
1417,0,NORMAL
1418,0,NORMAL
1419,0,NORMAL
1420,0,NORMAL
1421,0,NORMAL
1422,0,NORMAL
1423,0,NORMAL
1424,0,NORMAL
1425,0,NORMAL
1426,0,NORMAL
1427,0,NORMAL
1428,0,NORMAL
1429,0,NORMAL
1430,0,NORMAL
1431,0,NORMAL
1432,0,NORMAL
1433,0,NORMAL
1434,0,NORMAL
1435,0,NORMAL
1436,0,NORMAL
1437,0,NORMAL
1438,0,NORMAL
1439,0,NORMAL
1440,0,NORMAL
1441,0,NORMAL
1442,0,NORMAL
1443,0,NORMAL
1444,0,NORMAL
1445,0,NORMAL
1446,0,NORMAL
1447,0,NORMAL
1448,0,NORMAL
1449,0,NORMAL
1450,0,NORMAL
1451,0,NORMAL
1452,0,NORMAL
1453,0,NORMAL
1454,0,NORMAL
1455,0,NORMAL
1456,0,NORMAL
1457,0,NORMAL
1458,0,NORMAL
1459,0,NORMAL
1460,0,NORMAL
1461,0,NORMAL
1462,0,NORMAL
1463,0,NORMAL
1464,0,NORMAL
1465,0,NORMAL
1466,0,NORMAL
1467,0,NORMAL
1468,0,NORMAL
1469,0,NORMAL
1470,0,NORMAL
1471,0,NORMAL
1472,0,NORMAL
1473,0,NORMAL
1474,0,NORMAL
1475,0,NORMAL
1476,0,NORMAL
1477,0,NORMAL
1478,0,NORMAL
1479,0,NORMAL
1480,0,NORMAL
1481,0,NORMAL
1482,0,NORMAL
1483,0,NORMAL
1484,0,NORMAL
1485,0,NORMAL
1486,0,NORMAL
1487,0,NORMAL
1488,0,NORMAL
1489,0,NORMAL
1490,0,NORMAL
1491,0,NORMAL
1492,0,NORMAL
1493,0,NORMAL
1494,0,NORMAL
1495,0,NORMAL
1496,0,NORMAL
1497,0,NORMAL
1498,0,NORMAL
1499,0,NORMAL
1500,0,NORMAL
1501,0,NORMAL
1502,0,NORMAL
1503,0,NORMAL
1504,0,NORMAL
1505,0,NORMAL
1506,0,NORMAL
1507,0,NORMAL
1508,0,NORMAL
1509,0,NORMAL
1510,0,NORMAL
1511,0,NORMAL
1512,0,NORMAL
1513,0,NORMAL
1514,0,NORMAL
1515,0,NORMAL
1516,0,NORMAL
1517,0,NORMAL
1518,0,NORMAL
1519,0,NORMAL
1520,0,NORMAL
1521,0,NORMAL
1522,0,NORMAL
1523,0,NORMAL
1524,0,NORMAL
1525,0,NORMAL
1526,0,NORMAL
1527,0,NORMAL
1528,0,NORMAL
1529,0,NORMAL
1530,0,NORMAL
1531,0,NORMAL
1532,0,NORMAL
1533,0,NORMAL
1534,0,NORMAL
1535,0,NORMAL
1536,0,NORMAL
1537,0,NORMAL
1538,0,NORMAL
1539,0,NORMAL
1540,0,NORMAL
1541,0,NORMAL
1542,0,NORMAL
1543,0,NORMAL
1544,0,NORMAL
1545,0,NORMAL
1546,0,NORMAL
1547,0,NORMAL
1548,0,NORMAL
1549,0,NORMAL
1550,0,NORMAL
1551,0,NORMAL
1552,0,NORMAL
1553,0,NORMAL
1554,0,NORMAL
1555,0,NORMAL
1556,0,NORMAL
1557,0,NORMAL
1558,0,NORMAL
1559,0,NORMAL
1560,0,NORMAL
1561,0,NORMAL
1562,0,NORMAL
1563,0,NORMAL
1564,0,NORMAL
1565,0,NORMAL
1566,0,NORMAL
1567,0,NORMAL
1568,0,NORMAL
1569,0,NORMAL
1570,0,NORMAL
1571,0,NORMAL
1572,0,NORMAL
1573,0,NORMAL
1574,0,NORMAL
1575,0,NORMAL
1576,0,NORMAL
1577,0,NORMAL
1578,0,NORMAL
1579,0,NORMAL
1580,0,NORMAL
1581,0,NORMAL
1582,0,NORMAL
1583,0,NORMAL
1584,0,NORMAL
1585,0,NORMAL
1586,0,NORMAL
1587,0,NORMAL
1588,0,NORMAL
1589,0,NORMAL
1590,0,NORMAL
1591,0,NORMAL
1592,0,NORMAL
1593,0,NORMAL
1594,0,NORMAL
1595,0,NORMAL
1596,0,NORMAL
1597,0,NORMAL
1598,0,NORMAL
1599,0,NORMAL
1600,0,NORMAL
1601,0,NORMAL
1602,0,NORMAL
1603,0,NORMAL
1604,0,NORMAL
1605,0,NORMAL
1606,0,NORMAL
1607,0,NORMAL
1608,0,NORMAL
1609,0,NORMAL
1610,0,NORMAL
1611,0,NORMAL
1612,0,NORMAL
1613,0,NORMAL
1614,0,NORMAL
1615,0,NORMAL
1616,0,NORMAL
1617,0,NORMAL
1618,0,NORMAL
1619,0,NORMAL
1620,0,NORMAL
1621,0,NORMAL
1622,0,NORMAL
1623,0,NORMAL
1624,0,NORMAL
1625,0,NORMAL
1626,0,NORMAL
1627,0,NORMAL
1628,0,NORMAL
1629,0,NORMAL
1630,0,NORMAL
1631,0,NORMAL
1632,0,NORMAL
1633,0,NORMAL
1634,0,NORMAL
1635,0,NORMAL
1636,0,NORMAL
1637,0,NORMAL
1638,0,NORMAL
1639,0,NORMAL
1640,0,NORMAL
1641,0,NORMAL
1642,0,NORMAL
1643,0,NORMAL
1644,0,NORMAL
1645,0,NORMAL
1646,0,NORMAL
1647,0,NORMAL
1648,0,NORMAL
1649,0,NORMAL
1650,0,NORMAL
1651,0,NORMAL
1652,0,NORMAL
1653,0,NORMAL
1654,0,NORMAL
1655,0,NORMAL
1656,0,NORMAL
1657,0,NORMAL
1658,0,NORMAL
1659,0,NORMAL
1660,0,NORMAL
1661,0,NORMAL
1662,0,NORMAL
1663,0,NORMAL
1664,0,NORMAL
1665,0,NORMAL
1666,0,NORMAL
1667,0,NORMAL
1668,0,NORMAL
1669,0,NORMAL
1670,0,NORMAL
1671,0,NORMAL
1672,0,NORMAL
1673,0,NORMAL
1674,0,NORMAL
1675,0,NORMAL
1676,0,NORMAL
1677,0,NORMAL
1678,0,NORMAL
1679,0,NORMAL
1680,0,NORMAL
1681,0,NORMAL
1682,0,NORMAL
1683,0,NORMAL
1684,0,NORMAL
1685,0,NORMAL
1686,0,NORMAL
1687,0,NORMAL
1688,0,NORMAL
1689,0,NORMAL
1690,0,NORMAL
1691,0,NORMAL
1692,0,NORMAL
1693,0,NORMAL
1694,0,NORMAL
1695,0,NORMAL
1696,0,NORMAL
1697,0,NORMAL
1698,0,NORMAL
1699,0,NORMAL
1700,0,NORMAL
1701,0,NORMAL
1702,0,NORMAL
1703,0,NORMAL
1704,0,NORMAL
1705,0,NORMAL
1706,0,NORMAL
1707,0,NORMAL
1708,0,NORMAL
1709,0,NORMAL
1710,0,NORMAL
1711,0,NORMAL
1712,0,NORMAL
1713,0,NORMAL
1714,0,NORMAL
1715,0,NORMAL
1716,0,NORMAL
1717,0,NORMAL
1718,0,NORMAL
1719,0,NORMAL
1720,0,NORMAL
1721,0,NORMAL
1722,0,NORMAL
1723,0,NORMAL
1724,0,NORMAL
1725,0,NORMAL
1726,0,NORMAL
1727,0,NORMAL
1728,0,NORMAL
1729,0,NORMAL
1730,0,NORMAL
1731,0,NORMAL
1732,0,NORMAL
1733,0,NORMAL
1734,0,NORMAL
1735,0,NORMAL
1736,0,NORMAL
1737,0,NORMAL
1738,0,NORMAL
1739,0,NORMAL
1740,0,NORMAL
1741,0,NORMAL
1742,0,NORMAL
1743,0,NORMAL
1744,0,NORMAL
1745,0,NORMAL
1746,0,NORMAL
1747,0,NORMAL
1748,0,NORMAL
1749,0,NORMAL
1750,0,NORMAL
1751,0,NORMAL
1752,0,NORMAL
1753,0,NORMAL
1754,0,NORMAL
1755,0,NORMAL
1756,0,NORMAL
1757,0,NORMAL
1758,0,NORMAL
1759,0,NORMAL
1760,0,NORMAL
1761,0,NORMAL
1762,0,NORMAL
1763,0,NORMAL
1764,0,NORMAL
1765,0,NORMAL
1766,0,NORMAL
1767,0,NORMAL
1768,0,NORMAL
1769,0,NORMAL
1770,0,NORMAL
1771,0,NORMAL
1772,0,NORMAL
1773,0,NORMAL
1774,0,NORMAL
1775,0,NORMAL
1776,0,NORMAL
1777,0,NORMAL
1778,0,NORMAL
1779,0,NORMAL
1780,0,NORMAL
1781,0,NORMAL
1782,0,NORMAL
1783,0,NORMAL
1784,0,NORMAL
1785,0,NORMAL
1786,0,NORMAL
1787,0,NORMAL
1788,0,NORMAL
1789,0,NORMAL
1790,0,NORMAL
1791,0,NORMAL
1792,0,NORMAL
1793,0,NORMAL
1794,0,NORMAL
1795,0,NORMAL
1796,0,NORMAL
1797,0,NORMAL
1798,0,NORMAL
1799,0,NORMAL
1800,0,NORMAL
1801,0,NORMAL
1802,0,NORMAL
1803,0,NORMAL
1804,0,NORMAL
1805,0,NORMAL
1806,0,NORMAL
1807,0,NORMAL
1808,0,NORMAL
1809,0,NORMAL
1810,0,NORMAL
1811,0,NORMAL
1812,0,NORMAL
1813,0,NORMAL
1814,0,NORMAL
1815,0,NORMAL
1816,0,NORMAL
1817,0,NORMAL
1818,0,NORMAL
1819,0,NORMAL
1820,0,NORMAL
1821,0,NORMAL
1822,0,NORMAL
1823,0,NORMAL
1824,0,NORMAL
1825,0,NORMAL
1826,0,NORMAL
1827,0,NORMAL
1828,0,NORMAL
1829,0,NORMAL
1830,0,NORMAL
1831,0,NORMAL
1832,0,NORMAL
1833,0,NORMAL
1834,0,NORMAL
1835,0,NORMAL
1836,0,NORMAL
1837,0,NORMAL
1838,0,NORMAL
1839,0,NORMAL
1840,0,NORMAL
1841,0,NORMAL
1842,0,NORMAL
1843,0,NORMAL
1844,0,NORMAL
1845,0,NORMAL
1846,0,NORMAL
1847,0,NORMAL
1848,0,NORMAL
1849,0,NORMAL
1850,0,NORMAL
1851,0,NORMAL
1852,0,NORMAL
1853,0,NORMAL
1854,0,NORMAL
1855,0,NORMAL
1856,0,NORMAL
1857,0,NORMAL
1858,0,NORMAL
1859,0,NORMAL
1860,0,NORMAL
1861,0,NORMAL
1862,0,NORMAL
1863,0,NORMAL
1864,0,NORMAL
1865,0,NORMAL
1866,0,NORMAL
1867,0,NORMAL
1868,0,NORMAL
1869,0,NORMAL
1870,0,NORMAL
1871,0,NORMAL
1872,0,NORMAL
1873,0,NORMAL
1874,0,NORMAL
1875,0,NORMAL
1876,0,NORMAL
1877,0,NORMAL
1878,0,NORMAL
1879,0,NORMAL
1880,0,NORMAL
1881,0,NORMAL
1882,0,NORMAL
1883,0,NORMAL
1884,0,NORMAL
1885,0,NORMAL
1886,0,NORMAL
1887,0,NORMAL
1888,0,NORMAL
1889,0,NORMAL
1890,0,NORMAL
1891,0,NORMAL
1892,0,NORMAL
1893,0,NORMAL
1894,0,NORMAL
1895,0,NORMAL
1896,0,NORMAL
1897,0,NORMAL
1898,0,NORMAL
1899,0,NORMAL
1900,0,NORMAL
1901,0,NORMAL
1902,0,NORMAL
1903,0,NORMAL
1904,0,NORMAL
1905,0,NORMAL
1906,0,NORMAL
1907,0,NORMAL
1908,0,NORMAL
1909,0,NORMAL
1910,0,NORMAL
1911,0,NORMAL
1912,0,NORMAL
1913,0,NORMAL
1914,0,NORMAL
1915,0,NORMAL
1916,0,NORMAL
1917,0,NORMAL
1918,0,NORMAL
1919,0,NORMAL
1920,0,NORMAL
1921,0,NORMAL
1922,0,NORMAL
1923,0,NORMAL
1924,0,NORMAL
1925,0,NORMAL
1926,0,NORMAL
1927,0,NORMAL
1928,0,NORMAL
1929,0,NORMAL
1930,0,NORMAL
1931,0,NORMAL
1932,0,NORMAL
1933,0,NORMAL
1934,0,NORMAL
1935,0,NORMAL
1936,0,NORMAL
1937,0,NORMAL
1938,0,NORMAL
1939,0,NORMAL
1940,0,NORMAL
1941,0,NORMAL
1942,0,NORMAL
1943,0,NORMAL
1944,0,NORMAL
1945,0,NORMAL
1946,0,NORMAL
1947,0,NORMAL
1948,0,NORMAL
1949,0,NORMAL
1950,0,NORMAL
1951,0,NORMAL
1952,0,NORMAL
1953,0,NORMAL
1954,0,NORMAL
1955,0,NORMAL
1956,0,NORMAL
1957,0,NORMAL
1958,0,NORMAL
1959,0,NORMAL
1960,0,NORMAL
1961,0,NORMAL
1962,0,NORMAL
1963,0,NORMAL
1964,0,NORMAL
1965,0,NORMAL
1966,0,NORMAL
1967,0,NORMAL
1968,0,NORMAL
1969,0,NORMAL
1970,0,NORMAL
1971,0,NORMAL
1972,0,NORMAL
1973,0,NORMAL
1974,0,NORMAL
1975,0,NORMAL
1976,0,NORMAL
1977,0,NORMAL
1978,0,NORMAL
1979,0,NORMAL
1980,0,NORMAL
1981,0,NORMAL
1982,0,NORMAL
1983,0,NORMAL
1984,0,NORMAL
1985,0,NORMAL
1986,0,NORMAL
1987,0,NORMAL
1988,0,NORMAL
1989,0,NORMAL
1990,0,NORMAL
1991,0,NORMAL
1992,0,NORMAL
1993,0,NORMAL
1994,0,NORMAL
1995,0,NORMAL
1996,0,NORMAL
1997,0,NORMAL
1998,0,NORMAL
1999,0,NORMAL
2000,0,NORMAL
2001,0,NORMAL
2002,0,NORMAL
2003,0,NORMAL
2004,0,NORMAL
2005,0,NORMAL
2006,0,NORMAL
2007,0,NORMAL
2008,0,NORMAL
2009,0,NORMAL
2010,0,NORMAL
2011,0,NORMAL
2012,0,NORMAL
2013,0,NORMAL
2014,0,NORMAL
2015,0,NORMAL
2016,0,NORMAL
2017,0,NORMAL
2018,0,NORMAL
2019,0,NORMAL
2020,0,NORMAL
2021,0,NORMAL
2022,0,NORMAL
2023,0,NORMAL
2024,0,NORMAL
2025,0,NORMAL
2026,0,NORMAL
2027,0,NORMAL
2028,0,NORMAL
2029,0,NORMAL
2030,0,NORMAL
2031,0,NORMAL
2032,0,NORMAL
2033,0,NORMAL
2034,0,NORMAL
2035,0,NORMAL
2036,0,NORMAL
2037,0,NORMAL
2038,0,NORMAL
2039,0,NORMAL
2040,0,NORMAL
2041,0,NORMAL
2042,0,NORMAL
2043,0,NORMAL
2044,0,NORMAL
2045,0,NORMAL
2046,0,NORMAL
2047,0,NORMAL
2048,0,NORMAL
2049,0,NORMAL
2050,0,NORMAL
2051,0,NORMAL
2052,0,NORMAL
2053,0,NORMAL
2054,0,NORMAL
2055,0,NORMAL
2056,0,NORMAL
2057,0,NORMAL
2058,0,NORMAL
2059,0,NORMAL
2060,0,NORMAL
2061,0,NORMAL
2062,0,NORMAL
2063,0,NORMAL
2064,0,NORMAL
2065,0,NORMAL
2066,0,NORMAL
2067,0,NORMAL
2068,0,NORMAL
2069,0,NORMAL
2070,0,NORMAL
2071,0,NORMAL
2072,0,NORMAL
2073,0,NORMAL
2074,0,NORMAL
2075,0,NORMAL
2076,0,NORMAL
2077,0,NORMAL
2078,0,NORMAL
2079,0,NORMAL
2080,0,NORMAL
2081,0,NORMAL
2082,0,NORMAL
2083,0,NORMAL
2084,0,NORMAL
2085,0,NORMAL
2086,0,NORMAL
2087,0,NORMAL
2088,0,NORMAL
2089,0,NORMAL
2090,0,NORMAL
2091,0,NORMAL
2092,0,NORMAL
2093,0,NORMAL
2094,0,NORMAL
2095,0,NORMAL
2096,0,NORMAL
2097,0,NORMAL
2098,0,NORMAL
2099,0,NORMAL
2100,0,NORMAL
2101,0,NORMAL
2102,0,NORMAL
2103,0,NORMAL
2104,0,NORMAL
2105,0,NORMAL
2106,0,NORMAL
2107,0,NORMAL
2108,0,NORMAL
2109,0,NORMAL
2110,0,NORMAL
2111,0,NORMAL
2112,0,NORMAL
2113,0,NORMAL
2114,0,NORMAL
2115,0,NORMAL
2116,0,NORMAL
2117,0,NORMAL
2118,0,NORMAL
2119,0,NORMAL
2120,0,NORMAL
2121,0,NORMAL
2122,0,NORMAL
2123,0,NORMAL
2124,0,NORMAL
2125,0,NORMAL
2126,0,NORMAL
2127,0,NORMAL
2128,0,NORMAL
2129,0,NORMAL
2130,0,NORMAL
2131,0,NORMAL
2132,0,NORMAL
2133,0,NORMAL
2134,0,NORMAL
2135,0,NORMAL
2136,0,NORMAL
2137,0,NORMAL
2138,0,NORMAL
2139,0,NORMAL
2140,0,NORMAL
2141,0,NORMAL
2142,0,NORMAL
2143,0,NORMAL
2144,0,NORMAL
2145,0,NORMAL
2146,0,NORMAL
2147,0,NORMAL
2148,0,NORMAL
2149,0,NORMAL
2150,0,NORMAL
2151,0,NORMAL
2152,0,NORMAL
2153,0,NORMAL
2154,0,NORMAL
2155,0,NORMAL
2156,0,NORMAL
2157,0,NORMAL
2158,0,NORMAL
2159,0,NORMAL
2160,0,NORMAL
2161,0,NORMAL
2162,0,NORMAL
2163,0,NORMAL
2164,0,NORMAL
2165,0,NORMAL
2166,0,NORMAL
2167,0,NORMAL
2168,0,NORMAL
2169,0,NORMAL
2170,0,NORMAL
2171,0,NORMAL
2172,0,NORMAL
2173,0,NORMAL
2174,0,NORMAL
2175,0,NORMAL
2176,0,NORMAL
2177,0,NORMAL
2178,0,NORMAL
2179,0,NORMAL
2180,0,NORMAL
2181,0,NORMAL
2182,0,NORMAL
2183,0,NORMAL
2184,0,NORMAL
2185,0,NORMAL
2186,0,NORMAL
2187,0,NORMAL
2188,0,NORMAL
2189,0,NORMAL
2190,0,NORMAL
2191,0,NORMAL
2192,0,NORMAL
2193,0,NORMAL
2194,0,NORMAL
2195,0,NORMAL
2196,0,NORMAL
2197,0,NORMAL
2198,0,NORMAL
2199,0,NORMAL
2200,0,NORMAL
2201,0,NORMAL
2202,0,NORMAL
2203,0,NORMAL
2204,0,NORMAL
2205,0,NORMAL
2206,0,NORMAL
2207,0,NORMAL
2208,0,NORMAL
2209,0,NORMAL
2210,0,NORMAL
2211,0,NORMAL
2212,0,NORMAL
2213,0,NORMAL
2214,0,NORMAL
2215,0,NORMAL
2216,0,NORMAL
2217,0,NORMAL
2218,0,NORMAL
2219,0,NORMAL
2220,0,NORMAL
2221,0,NORMAL
2222,0,NORMAL
2223,0,NORMAL
2224,0,NORMAL
2225,0,NORMAL
2226,0,NORMAL
2227,0,NORMAL
2228,0,NORMAL
2229,0,NORMAL
2230,0,NORMAL
2231,0,NORMAL
2232,0,NORMAL
2233,0,NORMAL
2234,0,NORMAL
2235,0,NORMAL
2236,0,NORMAL
2237,0,NORMAL
2238,0,NORMAL
2239,0,NORMAL
2240,0,NORMAL
2241,0,NORMAL
2242,0,NORMAL
2243,0,NORMAL
2244,0,NORMAL
2245,0,NORMAL
2246,0,NORMAL
2247,0,NORMAL
2248,0,NORMAL
2249,0,NORMAL
2250,0,NORMAL
2251,0,NORMAL
2252,0,NORMAL
2253,0,NORMAL
2254,0,NORMAL
2255,0,NORMAL
2256,0,NORMAL
2257,0,NORMAL
2258,0,NORMAL
2259,0,NORMAL
2260,0,NORMAL
2261,0,NORMAL
2262,0,NORMAL
2263,0,NORMAL
2264,0,NORMAL
2265,0,NORMAL
2266,0,NORMAL
2267,0,NORMAL
2268,0,NORMAL
2269,0,NORMAL
2270,0,NORMAL
2271,0,NORMAL
2272,0,NORMAL
2273,0,NORMAL
2274,0,NORMAL
2275,0,NORMAL
2276,0,NORMAL
2277,0,NORMAL
2278,0,NORMAL
2279,0,NORMAL
2280,0,NORMAL
2281,0,NORMAL
2282,0,NORMAL
2283,0,NORMAL
2284,0,NORMAL
2285,0,NORMAL
2286,0,NORMAL
2287,0,NORMAL
2288,0,NORMAL
2289,0,NORMAL
2290,0,NORMAL
2291,0,NORMAL
2292,0,NORMAL
2293,0,NORMAL
2294,0,NORMAL
2295,0,NORMAL
2296,0,NORMAL
2297,0,NORMAL
2298,0,NORMAL
2299,0,NORMAL
2300,0,NORMAL
2301,0,NORMAL
2302,0,NORMAL
2303,0,NORMAL
2304,0,NORMAL
2305,0,NORMAL
2306,0,NORMAL
2307,0,NORMAL
2308,0,NORMAL
2309,0,NORMAL
2310,0,NORMAL
2311,0,NORMAL
2312,0,NORMAL
2313,0,NORMAL
2314,0,NORMAL
2315,0,NORMAL
2316,0,NORMAL
2317,0,NORMAL
2318,0,NORMAL
2319,0,NORMAL
2320,0,NORMAL
2321,0,NORMAL
2322,0,NORMAL
2323,0,NORMAL
2324,0,NORMAL
2325,0,NORMAL
2326,0,NORMAL
2327,0,NORMAL
2328,0,NORMAL
2329,0,NORMAL
2330,0,NORMAL
2331,0,NORMAL
2332,0,NORMAL
2333,0,NORMAL
2334,0,NORMAL
2335,0,NORMAL
2336,0,NORMAL
2337,0,NORMAL
2338,0,NORMAL
2339,0,NORMAL
2340,0,NORMAL
2341,0,NORMAL
2342,0,NORMAL
2343,0,NORMAL
2344,0,NORMAL
2345,0,NORMAL
2346,0,NORMAL
2347,0,NORMAL
2348,0,NORMAL
2349,0,NORMAL
2350,0,NORMAL
2351,0,NORMAL
2352,0,NORMAL
2353,0,NORMAL
2354,0,NORMAL
2355,0,NORMAL
2356,0,NORMAL
2357,0,NORMAL
2358,0,NORMAL
2359,0,NORMAL
2360,0,NORMAL
2361,0,NORMAL
2362,0,NORMAL
2363,0,NORMAL
2364,0,NORMAL
2365,0,NORMAL
2366,0,NORMAL
2367,0,NORMAL
2368,0,NORMAL
2369,0,NORMAL
2370,0,NORMAL
2371,0,NORMAL
2372,0,NORMAL
2373,0,NORMAL
2374,0,NORMAL
2375,0,NORMAL
2376,0,NORMAL
2377,0,NORMAL
2378,0,NORMAL
2379,0,NORMAL
2380,0,NORMAL
2381,0,NORMAL
2382,0,NORMAL
2383,0,NORMAL
2384,0,NORMAL
2385,0,NORMAL
2386,0,NORMAL
2387,0,NORMAL
2388,0,NORMAL
2389,0,NORMAL
2390,0,NORMAL
2391,0,NORMAL
2392,0,NORMAL
2393,0,NORMAL
2394,0,NORMAL
2395,0,NORMAL
2396,0,NORMAL
2397,0,NORMAL
2398,0,NORMAL
2399,0,NORMAL
2400,0,NORMAL
2401,0,NORMAL
2402,0,NORMAL
2403,0,NORMAL
2404,0,NORMAL
2405,0,NORMAL
2406,0,NORMAL
2407,0,NORMAL
2408,0,NORMAL
2409,0,NORMAL
2410,0,NORMAL
2411,0,NORMAL
2412,0,NORMAL
2413,0,NORMAL
2414,0,NORMAL
2415,0,NORMAL
2416,0,NORMAL
2417,0,NORMAL
2418,0,NORMAL
2419,0,NORMAL
2420,0,NORMAL
2421,0,NORMAL
2422,0,NORMAL
2423,0,NORMAL
2424,0,NORMAL
2425,0,NORMAL
2426,0,NORMAL
2427,0,NORMAL
2428,0,NORMAL
2429,0,NORMAL
2430,0,NORMAL
2431,0,NORMAL
2432,0,NORMAL
2433,0,NORMAL
2434,0,NORMAL
2435,0,NORMAL
2436,0,NORMAL
2437,0,NORMAL
2438,0,NORMAL
2439,0,NORMAL
2440,0,NORMAL
2441,0,NORMAL
2442,0,NORMAL
2443,0,NORMAL
2444,0,NORMAL
2445,0,NORMAL
2446,0,NORMAL
2447,0,NORMAL
2448,0,NORMAL
2449,0,NORMAL
2450,0,NORMAL
2451,0,NORMAL
2452,0,NORMAL
2453,0,NORMAL
2454,0,NORMAL
2455,0,NORMAL
2456,0,NORMAL
2457,0,NORMAL
2458,0,NORMAL
2459,0,NORMAL
2460,0,NORMAL
2461,0,NORMAL
2462,0,NORMAL
2463,0,NORMAL
2464,0,NORMAL
2465,0,NORMAL
2466,0,NORMAL
2467,0,NORMAL
2468,0,NORMAL
2469,0,NORMAL
2470,0,NORMAL
2471,0,NORMAL
2472,0,NORMAL
2473,0,NORMAL
2474,0,NORMAL
2475,0,NORMAL
2476,0,NORMAL
2477,0,NORMAL
2478,0,NORMAL
2479,0,NORMAL
2480,0,NORMAL
2481,0,NORMAL
2482,0,NORMAL
2483,0,NORMAL
2484,0,NORMAL
2485,0,NORMAL
2486,0,NORMAL
2487,0,NORMAL
2488,0,NORMAL
2489,0,NORMAL
2490,0,NORMAL
2491,0,NORMAL
2492,0,NORMAL
2493,0,NORMAL
2494,0,NORMAL
2495,0,NORMAL
2496,0,NORMAL
2497,0,NORMAL
2498,0,NORMAL
2499,0,NORMAL
2500,0,NORMAL
2501,0,NORMAL
2502,0,NORMAL
2503,0,NORMAL
2504,0,NORMAL
2505,0,NORMAL
2506,0,NORMAL
2507,0,NORMAL
2508,0,NORMAL
2509,0,NORMAL
2510,0,NORMAL
2511,0,NORMAL
2512,0,NORMAL
2513,0,NORMAL
2514,0,NORMAL
2515,0,NORMAL
2516,0,NORMAL
2517,0,NORMAL
2518,0,NORMAL
2519,0,NORMAL
2520,0,NORMAL
2521,0,NORMAL
2522,0,NORMAL
2523,0,NORMAL
2524,0,NORMAL
2525,0,NORMAL
2526,0,NORMAL
2527,0,NORMAL
2528,0,NORMAL
2529,0,NORMAL
2530,0,NORMAL
2531,0,NORMAL
2532,0,NORMAL
2533,0,NORMAL
2534,0,NORMAL
2535,0,NORMAL
2536,0,NORMAL
2537,0,NORMAL
2538,0,NORMAL
2539,0,NORMAL
2540,0,NORMAL
2541,0,NORMAL
2542,0,NORMAL
2543,0,NORMAL
2544,0,NORMAL
2545,0,NORMAL
2546,0,NORMAL
2547,0,NORMAL
2548,0,NORMAL
2549,0,NORMAL
2550,0,NORMAL
2551,0,NORMAL
2552,0,NORMAL
2553,0,NORMAL
2554,0,NORMAL
2555,0,NORMAL
2556,0,NORMAL
2557,0,NORMAL
2558,0,NORMAL
2559,0,NORMAL
2560,0,NORMAL
2561,0,NORMAL
2562,0,NORMAL
2563,0,NORMAL
2564,0,NORMAL
2565,0,NORMAL
2566,0,NORMAL
2567,0,NORMAL
2568,0,NORMAL
2569,0,NORMAL
2570,0,NORMAL
2571,0,NORMAL
2572,0,NORMAL
2573,0,NORMAL
2574,0,NORMAL
2575,0,NORMAL
2576,0,NORMAL
2577,0,NORMAL
2578,0,NORMAL
2579,0,NORMAL
2580,0,NORMAL
2581,0,NORMAL
2582,0,NORMAL
2583,0,NORMAL
2584,0,NORMAL
2585,0,NORMAL
2586,0,NORMAL
2587,0,NORMAL
2588,0,NORMAL
2589,0,NORMAL
2590,0,NORMAL
2591,0,NORMAL
2592,0,NORMAL
2593,0,NORMAL
2594,0,NORMAL
2595,0,NORMAL
2596,0,NORMAL
2597,0,NORMAL
2598,0,NORMAL
2599,0,NORMAL
2600,0,NORMAL
2601,0,NORMAL
2602,0,NORMAL
2603,0,NORMAL
2604,0,NORMAL
2605,0,NORMAL
2606,0,NORMAL
2607,0,NORMAL
2608,0,NORMAL
2609,0,NORMAL
2610,0,NORMAL
2611,0,NORMAL
2612,0,NORMAL
2613,0,NORMAL
2614,0,NORMAL
2615,0,NORMAL
2616,0,NORMAL
2617,0,NORMAL
2618,0,NORMAL
2619,0,NORMAL
2620,0,NORMAL
2621,0,NORMAL
2622,0,NORMAL
2623,0,NORMAL
2624,0,NORMAL
2625,0,NORMAL
2626,0,NORMAL
2627,0,NORMAL
2628,0,NORMAL
2629,0,NORMAL
2630,0,NORMAL
2631,0,NORMAL
2632,0,NORMAL
2633,0,NORMAL
2634,0,NORMAL
2635,0,NORMAL
2636,0,NORMAL
2637,0,NORMAL
2638,0,NORMAL
2639,0,NORMAL
2640,0,NORMAL
2641,0,NORMAL
2642,0,NORMAL
2643,0,NORMAL
2644,0,NORMAL
2645,0,NORMAL
2646,0,NORMAL
2647,0,NORMAL
2648,0,NORMAL
2649,0,NORMAL
2650,0,NORMAL
2651,0,NORMAL
2652,0,NORMAL
2653,0,NORMAL
2654,0,NORMAL
2655,0,NORMAL
2656,0,NORMAL
2657,0,NORMAL
2658,0,NORMAL
2659,0,NORMAL
2660,0,NORMAL
2661,0,NORMAL
2662,0,NORMAL
2663,0,NORMAL
2664,0,NORMAL
2665,0,NORMAL
2666,0,NORMAL
2667,0,NORMAL
2668,0,NORMAL
2669,0,NORMAL
2670,0,NORMAL
2671,0,NORMAL
2672,0,NORMAL
2673,0,NORMAL
2674,0,NORMAL
2675,0,NORMAL
2676,0,NORMAL
2677,0,NORMAL
2678,0,NORMAL
2679,0,NORMAL
2680,0,NORMAL
2681,0,NORMAL
2682,0,NORMAL
2683,0,NORMAL
2684,0,NORMAL
2685,0,NORMAL
2686,0,NORMAL
2687,0,NORMAL
2688,0,NORMAL
2689,0,NORMAL
2690,0,NORMAL
2691,0,NORMAL
2692,0,NORMAL
2693,0,NORMAL
2694,0,NORMAL
2695,0,NORMAL
2696,0,NORMAL
2697,0,NORMAL
2698,0,NORMAL
2699,0,NORMAL
2700,0,NORMAL
2701,0,NORMAL
2702,0,NORMAL
2703,0,NORMAL
2704,0,NORMAL
2705,0,NORMAL
2706,0,NORMAL
2707,0,NORMAL
2708,0,NORMAL
2709,0,NORMAL
2710,0,NORMAL
2711,0,NORMAL
2712,0,NORMAL
2713,0,NORMAL
2714,0,NORMAL
2715,0,NORMAL
2716,0,NORMAL
2717,0,NORMAL
2718,0,NORMAL
2719,0,NORMAL
2720,0,NORMAL
2721,0,NORMAL
2722,0,NORMAL
2723,0,NORMAL
2724,0,NORMAL
2725,0,NORMAL
2726,0,NORMAL
2727,0,NORMAL
2728,0,NORMAL
2729,0,NORMAL
2730,0,NORMAL
2731,0,NORMAL
2732,0,NORMAL
2733,0,NORMAL
2734,0,NORMAL
2735,0,NORMAL
2736,0,NORMAL
2737,0,NORMAL
2738,0,NORMAL
2739,0,NORMAL
2740,0,NORMAL
2741,0,NORMAL
2742,0,NORMAL
2743,0,NORMAL
2744,0,NORMAL
2745,0,NORMAL
2746,0,NORMAL
2747,0,NORMAL
2748,0,NORMAL
2749,0,NORMAL
2750,0,NORMAL
2751,0,NORMAL
2752,0,NORMAL
2753,0,NORMAL
2754,0,NORMAL
2755,0,NORMAL
2756,0,NORMAL
2757,0,NORMAL
2758,0,NORMAL
2759,0,NORMAL
2760,0,NORMAL
2761,0,NORMAL
2762,0,NORMAL
2763,0,NORMAL
2764,0,NORMAL
2765,0,NORMAL
2766,0,NORMAL
2767,0,NORMAL
2768,0,NORMAL
2769,0,NORMAL
2770,0,NORMAL
2771,0,NORMAL
2772,0,NORMAL
2773,0,NORMAL
2774,0,NORMAL
2775,0,NORMAL
2776,0,NORMAL
2777,0,NORMAL
2778,0,NORMAL
2779,0,NORMAL
2780,0,NORMAL
2781,0,NORMAL
2782,0,NORMAL
2783,0,NORMAL
2784,0,NORMAL
2785,0,NORMAL
2786,0,NORMAL
2787,0,NORMAL
2788,0,NORMAL
2789,0,NORMAL
2790,0,NORMAL
2791,0,NORMAL
2792,0,NORMAL
2793,0,NORMAL
2794,0,NORMAL
2795,0,NORMAL
2796,0,NORMAL
2797,0,NORMAL
2798,0,NORMAL
2799,0,NORMAL
2800,0,NORMAL
2801,0,NORMAL
2802,0,NORMAL
2803,0,NORMAL
2804,0,NORMAL
2805,0,NORMAL
2806,0,NORMAL
2807,0,NORMAL
2808,0,NORMAL
2809,0,NORMAL
2810,0,NORMAL
2811,0,NORMAL
2812,0,NORMAL
2813,0,NORMAL
2814,0,NORMAL
2815,0,NORMAL
2816,0,NORMAL
2817,0,NORMAL
2818,0,NORMAL
2819,0,NORMAL
2820,0,NORMAL
2821,0,NORMAL
2822,0,NORMAL
2823,0,NORMAL
2824,0,NORMAL
2825,0,NORMAL
2826,0,NORMAL
2827,0,NORMAL
2828,0,NORMAL
2829,0,NORMAL
2830,0,NORMAL
2831,0,NORMAL
2832,0,NORMAL
2833,0,NORMAL
2834,0,NORMAL
2835,0,NORMAL
2836,0,NORMAL
2837,0,NORMAL
2838,0,NORMAL
2839,0,NORMAL
2840,0,NORMAL
2841,0,NORMAL
2842,0,NORMAL
2843,0,NORMAL
2844,0,NORMAL
2845,0,NORMAL
2846,0,NORMAL
2847,0,NORMAL
2848,0,NORMAL
2849,0,NORMAL
2850,0,NORMAL
2851,0,NORMAL
2852,0,NORMAL
2853,0,NORMAL
2854,0,NORMAL
2855,0,NORMAL
2856,0,NORMAL
2857,0,NORMAL
2858,0,NORMAL
2859,0,NORMAL
2860,0,NORMAL
2861,0,NORMAL
2862,0,NORMAL
2863,0,NORMAL
2864,0,NORMAL
2865,0,NORMAL
2866,0,NORMAL
2867,0,NORMAL
2868,0,NORMAL
2869,0,NORMAL
2870,0,NORMAL
2871,0,NORMAL
2872,0,NORMAL
2873,0,NORMAL
2874,0,NORMAL
2875,0,NORMAL
2876,0,NORMAL
2877,0,NORMAL
2878,0,NORMAL
2879,0,NORMAL
2880,0,NORMAL
2881,0,NORMAL
2882,0,NORMAL
2883,0,NORMAL
2884,0,NORMAL
2885,0,NORMAL
2886,0,NORMAL
2887,0,NORMAL
2888,0,NORMAL
2889,0,NORMAL
2890,0,NORMAL
2891,0,NORMAL
2892,0,NORMAL
2893,0,NORMAL
2894,0,NORMAL
2895,0,NORMAL
2896,0,NORMAL
2897,0,NORMAL
2898,0,NORMAL
2899,0,NORMAL
2900,0,NORMAL
2901,0,NORMAL
2902,0,NORMAL
2903,0,NORMAL
2904,0,NORMAL
2905,0,NORMAL
2906,0,NORMAL
2907,0,NORMAL
2908,0,NORMAL
2909,0,NORMAL
2910,0,NORMAL
2911,0,NORMAL
2912,0,NORMAL
2913,0,NORMAL
2914,0,NORMAL
2915,0,NORMAL
2916,0,NORMAL
2917,0,NORMAL
2918,0,NORMAL
2919,0,NORMAL
2920,0,NORMAL
2921,0,NORMAL
2922,0,NORMAL
2923,0,NORMAL
2924,0,NORMAL
2925,0,NORMAL
2926,0,NORMAL
2927,0,NORMAL
2928,0,NORMAL
2929,0,NORMAL
2930,0,NORMAL
2931,0,NORMAL
2932,0,NORMAL
2933,0,NORMAL
2934,0,NORMAL
2935,0,NORMAL
2936,0,NORMAL
2937,0,NORMAL
2938,0,NORMAL
2939,0,NORMAL
2940,0,NORMAL
2941,0,NORMAL
2942,0,NORMAL
2943,0,NORMAL
2944,0,NORMAL
2945,0,NORMAL
2946,0,NORMAL
2947,0,NORMAL
2948,0,NORMAL
2949,0,NORMAL
2950,0,NORMAL
2951,0,NORMAL
2952,0,NORMAL
2953,0,NORMAL
2954,0,NORMAL
2955,0,NORMAL
2956,0,NORMAL
2957,0,NORMAL
2958,0,NORMAL
2959,0,NORMAL
2960,0,NORMAL
2961,0,NORMAL
2962,0,NORMAL
2963,0,NORMAL
2964,0,NORMAL
2965,0,NORMAL
2966,0,NORMAL
2967,0,NORMAL
2968,0,NORMAL
2969,0,NORMAL
2970,0,NORMAL
2971,0,NORMAL
2972,0,NORMAL
2973,0,NORMAL
2974,0,NORMAL
2975,0,NORMAL
2976,0,NORMAL
2977,0,NORMAL
2978,0,NORMAL
2979,0,NORMAL
2980,0,NORMAL
2981,0,NORMAL
2982,0,NORMAL
2983,0,NORMAL
2984,0,NORMAL
2985,0,NORMAL
2986,0,NORMAL
2987,0,NORMAL
2988,0,NORMAL
2989,0,NORMAL
2990,0,NORMAL
2991,0,NORMAL
2992,0,NORMAL
2993,0,NORMAL
2994,0,NORMAL
2995,0,NORMAL
2996,0,NORMAL
2997,0,NORMAL
2998,0,NORMAL
2999,0,NORMAL
3000,0,NORMAL
3001,0,NORMAL
3002,0,NORMAL
3003,0,NORMAL
3004,0,NORMAL
3005,0,NORMAL
3006,0,NORMAL
3007,0,NORMAL
3008,0,NORMAL
3009,0,NORMAL
3010,0,NORMAL
3011,0,NORMAL
3012,0,NORMAL
3013,0,NORMAL
3014,0,NORMAL
3015,0,NORMAL
3016,0,NORMAL
3017,0,NORMAL
3018,0,NORMAL
3019,0,NORMAL
3020,0,NORMAL
3021,0,NORMAL
3022,0,NORMAL
3023,0,NORMAL
3024,0,NORMAL
3025,0,NORMAL
3026,0,NORMAL
3027,0,NORMAL
3028,0,NORMAL
3029,0,NORMAL
3030,0,NORMAL
3031,0,NORMAL
3032,0,NORMAL
3033,0,NORMAL
3034,0,NORMAL
3035,0,NORMAL
3036,0,NORMAL
3037,0,NORMAL
3038,0,NORMAL
3039,0,NORMAL
3040,0,NORMAL
3041,0,NORMAL
3042,0,NORMAL
3043,0,NORMAL
3044,0,NORMAL
3045,0,NORMAL
3046,0,NORMAL
3047,0,NORMAL
3048,0,NORMAL
3049,0,NORMAL
3050,0,NORMAL
3051,0,NORMAL
3052,0,NORMAL
3053,0,NORMAL
3054,0,NORMAL
3055,0,NORMAL
3056,0,NORMAL
3057,0,NORMAL
3058,0,NORMAL
3059,0,NORMAL
3060,0,NORMAL
3061,0,NORMAL
3062,0,NORMAL
3063,0,NORMAL
3064,0,NORMAL
3065,0,NORMAL
3066,0,NORMAL
3067,0,NORMAL
3068,0,NORMAL
3069,0,NORMAL
3070,0,NORMAL
3071,0,NORMAL
3072,0,NORMAL
3073,0,NORMAL
3074,0,NORMAL
3075,0,NORMAL
3076,0,NORMAL
3077,0,NORMAL
3078,0,NORMAL
3079,0,NORMAL
3080,0,NORMAL
3081,0,NORMAL
3082,0,NORMAL
3083,0,NORMAL
3084,0,NORMAL
3085,0,NORMAL
3086,0,NORMAL
3087,0,NORMAL
3088,0,NORMAL
3089,0,NORMAL
3090,0,NORMAL
3091,0,NORMAL
3092,0,NORMAL
3093,0,NORMAL
3094,0,NORMAL
3095,0,NORMAL
3096,0,NORMAL
3097,0,NORMAL
3098,0,NORMAL
3099,0,NORMAL
3100,0,NORMAL
3101,0,NORMAL
3102,0,NORMAL
3103,0,NORMAL
3104,0,NORMAL
3105,0,NORMAL
3106,0,NORMAL
3107,0,NORMAL
3108,0,NORMAL
3109,0,NORMAL
3110,0,NORMAL
3111,0,NORMAL
3112,0,NORMAL
3113,0,NORMAL
3114,0,NORMAL
3115,0,NORMAL
3116,0,NORMAL
3117,0,NORMAL
3118,0,NORMAL
3119,0,NORMAL
3120,0,NORMAL
3121,0,NORMAL
3122,0,NORMAL
3123,0,NORMAL
3124,0,NORMAL
3125,0,NORMAL
3126,0,NORMAL
3127,0,NORMAL
3128,0,NORMAL
3129,0,NORMAL
3130,0,NORMAL
3131,0,NORMAL
3132,0,NORMAL
3133,0,NORMAL
3134,0,NORMAL
3135,0,NORMAL
3136,0,NORMAL
3137,0,NORMAL
3138,0,NORMAL
3139,0,NORMAL
3140,0,NORMAL
3141,0,NORMAL
3142,0,NORMAL
3143,0,NORMAL
3144,0,NORMAL
3145,0,NORMAL
3146,0,NORMAL
3147,0,NORMAL
3148,0,NORMAL
3149,0,NORMAL
3150,0,NORMAL
3151,0,NORMAL
3152,0,NORMAL
3153,0,NORMAL
3154,0,NORMAL
3155,0,NORMAL
3156,0,NORMAL
3157,0,NORMAL
3158,0,NORMAL
3159,0,NORMAL
3160,0,NORMAL
3161,0,NORMAL
3162,0,NORMAL
3163,0,NORMAL
3164,0,NORMAL
3165,0,NORMAL
3166,0,NORMAL
3167,0,NORMAL
3168,0,NORMAL
3169,0,NORMAL
3170,0,NORMAL
3171,0,NORMAL
3172,0,NORMAL
3173,0,NORMAL
3174,0,NORMAL
3175,0,NORMAL
3176,0,NORMAL
3177,0,NORMAL
3178,0,NORMAL
3179,0,NORMAL
3180,0,NORMAL
3181,0,NORMAL
3182,0,NORMAL
3183,0,NORMAL
3184,0,NORMAL
3185,0,NORMAL
3186,0,NORMAL
3187,0,NORMAL
3188,0,NORMAL
3189,0,NORMAL
3190,0,NORMAL
3191,0,NORMAL
3192,0,NORMAL
3193,0,NORMAL
3194,0,NORMAL
3195,0,NORMAL
3196,0,NORMAL
3197,0,NORMAL
3198,0,NORMAL
3199,0,NORMAL
3200,0,NORMAL
3201,0,NORMAL
3202,0,NORMAL
3203,0,NORMAL
3204,0,NORMAL
3205,0,NORMAL
3206,0,NORMAL
3207,0,NORMAL
3208,0,NORMAL
3209,0,NORMAL
3210,0,NORMAL
3211,0,NORMAL
3212,0,NORMAL
3213,0,NORMAL
3214,0,NORMAL
3215,0,NORMAL
3216,0,NORMAL
3217,0,NORMAL
3218,0,NORMAL
3219,0,NORMAL
3220,0,NORMAL
3221,0,NORMAL
3222,0,NORMAL
3223,0,NORMAL
3224,0,NORMAL
3225,0,NORMAL
3226,0,NORMAL
3227,0,NORMAL
3228,0,NORMAL
3229,0,NORMAL
3230,0,NORMAL
3231,0,NORMAL
3232,0,NORMAL
3233,0,NORMAL
3234,0,NORMAL
3235,0,NORMAL
3236,0,NORMAL
3237,0,NORMAL
3238,0,NORMAL
3239,0,NORMAL
3240,0,NORMAL
3241,0,NORMAL
3242,0,NORMAL
3243,0,NORMAL
3244,0,NORMAL
3245,0,NORMAL
3246,0,NORMAL
3247,0,NORMAL
3248,0,NORMAL
3249,0,NORMAL
3250,0,NORMAL
3251,0,NORMAL
3252,0,NORMAL
3253,0,NORMAL
3254,0,NORMAL
3255,0,NORMAL
3256,0,NORMAL
3257,0,NORMAL
3258,0,NORMAL
3259,0,NORMAL
3260,0,NORMAL
3261,0,NORMAL
3262,0,NORMAL
3263,0,NORMAL
3264,0,NORMAL
3265,0,NORMAL
3266,0,NORMAL
3267,0,NORMAL
3268,0,NORMAL
3269,0,NORMAL
3270,0,NORMAL
3271,0,NORMAL
3272,0,NORMAL
3273,0,NORMAL
3274,0,NORMAL
3275,0,NORMAL
3276,0,NORMAL
3277,0,NORMAL
3278,0,NORMAL
3279,0,NORMAL
3280,0,NORMAL
3281,0,NORMAL
3282,0,NORMAL
3283,0,NORMAL
3284,0,NORMAL
3285,0,NORMAL
3286,0,NORMAL
3287,0,NORMAL
3288,0,NORMAL
3289,0,NORMAL
3290,0,NORMAL
3291,0,NORMAL
3292,0,NORMAL
3293,0,NORMAL
3294,0,NORMAL
3295,0,NORMAL
3296,0,NORMAL
3297,0,NORMAL
3298,0,NORMAL
3299,0,NORMAL
3300,0,NORMAL
3301,0,NORMAL
3302,0,NORMAL
3303,0,NORMAL
3304,0,NORMAL
3305,0,NORMAL
3306,0,NORMAL
3307,0,NORMAL
3308,0,NORMAL
3309,0,NORMAL
3310,0,NORMAL
3311,0,NORMAL
3312,0,NORMAL
3313,0,NORMAL
3314,0,NORMAL
3315,0,NORMAL
3316,0,NORMAL
3317,0,NORMAL
3318,0,NORMAL
3319,0,NORMAL
3320,0,NORMAL
3321,0,NORMAL
3322,0,NORMAL
3323,0,NORMAL
3324,0,NORMAL
3325,0,NORMAL
3326,0,NORMAL
3327,0,NORMAL
3328,0,NORMAL
3329,0,NORMAL
3330,0,NORMAL
3331,0,NORMAL
3332,0,NORMAL
3333,0,NORMAL
3334,0,NORMAL
3335,0,NORMAL
3336,0,NORMAL
3337,0,NORMAL
3338,0,NORMAL
3339,0,NORMAL
3340,0,NORMAL
3341,0,NORMAL
3342,0,NORMAL
3343,0,NORMAL
3344,0,NORMAL
3345,0,NORMAL
3346,0,NORMAL
3347,0,NORMAL
3348,0,NORMAL
3349,0,NORMAL
3350,0,NORMAL
3351,0,NORMAL
3352,0,NORMAL
3353,0,NORMAL
3354,0,NORMAL
3355,0,NORMAL
3356,0,NORMAL
3357,0,NORMAL
3358,0,NORMAL
3359,0,NORMAL
3360,0,NORMAL
3361,0,NORMAL
3362,0,NORMAL
3363,0,NORMAL
3364,0,NORMAL
3365,0,NORMAL
3366,0,NORMAL
3367,0,NORMAL
3368,0,NORMAL
3369,0,NORMAL
3370,0,NORMAL
3371,0,NORMAL
3372,0,NORMAL
3373,0,NORMAL
3374,0,NORMAL
3375,0,NORMAL
3376,0,NORMAL
3377,0,NORMAL
3378,0,NORMAL
3379,0,NORMAL
3380,0,NORMAL
3381,0,NORMAL
3382,0,NORMAL
3383,0,NORMAL
3384,0,NORMAL
3385,0,NORMAL
3386,0,NORMAL
3387,0,NORMAL
3388,0,NORMAL
3389,0,NORMAL
3390,0,NORMAL
3391,0,NORMAL
3392,0,NORMAL
3393,0,NORMAL
3394,0,NORMAL
3395,0,NORMAL
3396,0,NORMAL
3397,0,NORMAL
3398,0,NORMAL
3399,0,NORMAL
3400,0,NORMAL
3401,0,NORMAL
3402,0,NORMAL
3403,0,NORMAL
3404,0,NORMAL
3405,0,NORMAL
3406,0,NORMAL
3407,0,NORMAL
3408,0,NORMAL
3409,0,NORMAL
3410,0,NORMAL
3411,0,NORMAL
3412,0,NORMAL
3413,0,NORMAL
3414,0,NORMAL
3415,0,NORMAL
3416,0,NORMAL
3417,0,NORMAL
3418,0,NORMAL
3419,0,NORMAL
3420,0,NORMAL
3421,0,NORMAL
3422,0,NORMAL
3423,0,NORMAL
3424,0,NORMAL
3425,0,NORMAL
3426,0,NORMAL
3427,0,NORMAL
3428,0,NORMAL
3429,0,NORMAL
3430,0,NORMAL
3431,0,NORMAL
3432,0,NORMAL
3433,0,NORMAL
3434,0,NORMAL
3435,0,NORMAL
3436,0,NORMAL
3437,0,NORMAL
3438,0,NORMAL
3439,0,NORMAL
3440,0,NORMAL
3441,0,NORMAL
3442,0,NORMAL
3443,0,NORMAL
3444,0,NORMAL
3445,0,NORMAL
3446,0,NORMAL
3447,0,NORMAL
3448,0,NORMAL
3449,0,NORMAL
3450,0,NORMAL
3451,0,NORMAL
3452,0,NORMAL
3453,0,NORMAL
3454,0,NORMAL
3455,0,NORMAL
3456,0,NORMAL
3457,0,NORMAL
3458,0,NORMAL
3459,0,NORMAL
3460,0,NORMAL
3461,0,NORMAL
3462,0,NORMAL
3463,0,NORMAL
3464,0,NORMAL
3465,0,NORMAL
3466,0,NORMAL
3467,0,NORMAL
3468,0,NORMAL
3469,0,NORMAL
3470,0,NORMAL
3471,0,NORMAL
3472,0,NORMAL
3473,0,NORMAL
3474,0,NORMAL
3475,0,NORMAL
3476,0,NORMAL
3477,0,NORMAL
3478,0,NORMAL
3479,0,NORMAL
3480,0,NORMAL
3481,0,NORMAL
3482,0,NORMAL
3483,0,NORMAL
3484,0,NORMAL
3485,0,NORMAL
3486,0,NORMAL
3487,0,NORMAL
3488,0,NORMAL
3489,0,NORMAL
3490,0,NORMAL
3491,0,NORMAL
3492,0,NORMAL
3493,0,NORMAL
3494,0,NORMAL
3495,0,NORMAL
3496,0,NORMAL
3497,0,NORMAL
3498,0,NORMAL
3499,0,NORMAL
3500,0,NORMAL
3501,0,NORMAL
3502,0,NORMAL
3503,0,NORMAL
3504,0,NORMAL
3505,0,NORMAL
3506,0,NORMAL
3507,0,NORMAL
3508,0,NORMAL
3509,0,NORMAL
3510,0,NORMAL
3511,0,NORMAL
3512,0,NORMAL
3513,0,NORMAL
3514,0,NORMAL
3515,0,NORMAL
3516,0,NORMAL
3517,0,NORMAL
3518,0,NORMAL
3519,0,NORMAL
3520,0,NORMAL
3521,0,NORMAL
3522,0,NORMAL
3523,0,NORMAL
3524,0,NORMAL
3525,0,NORMAL
3526,0,NORMAL
3527,0,NORMAL
3528,0,NORMAL
3529,0,NORMAL
3530,0,NORMAL
3531,0,NORMAL
3532,0,NORMAL
3533,0,NORMAL
3534,0,NORMAL
3535,0,NORMAL
3536,0,NORMAL
3537,0,NORMAL
3538,0,NORMAL
3539,0,NORMAL
3540,0,NORMAL
3541,0,NORMAL
3542,0,NORMAL
3543,0,NORMAL
3544,0,NORMAL
3545,0,NORMAL
3546,0,NORMAL
3547,0,NORMAL
3548,0,NORMAL
3549,0,NORMAL
3550,0,NORMAL
3551,0,NORMAL
3552,0,NORMAL
3553,0,NORMAL
3554,0,NORMAL
3555,0,NORMAL
3556,0,NORMAL
3557,0,NORMAL
3558,0,NORMAL
3559,0,NORMAL
3560,0,NORMAL
3561,0,NORMAL
3562,0,NORMAL
3563,0,NORMAL
3564,0,NORMAL
3565,0,NORMAL
3566,0,NORMAL
3567,0,NORMAL
3568,0,NORMAL
3569,0,NORMAL
3570,0,NORMAL
3571,0,NORMAL
3572,0,NORMAL
3573,0,NORMAL
3574,0,NORMAL
3575,0,NORMAL
3576,0,NORMAL
3577,0,NORMAL
3578,0,NORMAL
3579,0,NORMAL
3580,0,NORMAL
3581,0,NORMAL
3582,0,NORMAL
3583,0,NORMAL
3584,0,NORMAL
3585,0,NORMAL
3586,0,NORMAL
3587,0,NORMAL
3588,0,NORMAL
3589,0,NORMAL
3590,0,NORMAL
3591,0,NORMAL
3592,0,NORMAL
3593,0,NORMAL
3594,0,NORMAL
3595,0,NORMAL
3596,0,NORMAL
3597,0,NORMAL
3598,0,NORMAL
3599,0,NORMAL
3600,0,NORMAL
3601,0,NORMAL
3602,0,NORMAL
3603,0,NORMAL
3604,0,NORMAL
3605,0,NORMAL
3606,0,NORMAL
3607,0,NORMAL
3608,0,NORMAL
3609,0,NORMAL
3610,0,NORMAL
3611,0,NORMAL
3612,0,NORMAL
3613,0,NORMAL
3614,0,NORMAL
3615,0,NORMAL
3616,0,NORMAL
3617,0,NORMAL
3618,0,NORMAL
3619,0,NORMAL
3620,0,NORMAL
3621,0,NORMAL
3622,0,NORMAL
3623,0,NORMAL
3624,0,NORMAL
3625,0,NORMAL
3626,0,NORMAL
3627,0,NORMAL
3628,0,NORMAL
3629,0,NORMAL
3630,0,NORMAL
3631,0,NORMAL
3632,0,NORMAL
3633,0,NORMAL
3634,0,NORMAL
3635,0,NORMAL
3636,0,NORMAL
3637,0,NORMAL
3638,0,NORMAL
3639,0,NORMAL
3640,0,NORMAL
3641,0,NORMAL
3642,0,NORMAL
3643,0,NORMAL
3644,0,NORMAL
3645,0,NORMAL
3646,0,NORMAL
3647,0,NORMAL
3648,0,NORMAL
3649,0,NORMAL
3650,0,NORMAL
3651,0,NORMAL
3652,0,NORMAL
3653,0,NORMAL
3654,0,NORMAL
3655,0,NORMAL
3656,0,NORMAL
3657,0,NORMAL
3658,0,NORMAL
3659,0,NORMAL
3660,0,NORMAL
3661,0,NORMAL
3662,0,NORMAL
3663,0,NORMAL
3664,0,NORMAL
3665,0,NORMAL
3666,0,NORMAL
3667,0,NORMAL
3668,0,NORMAL
3669,0,NORMAL
3670,0,NORMAL
3671,0,NORMAL
3672,0,NORMAL
3673,0,NORMAL
3674,0,NORMAL
3675,0,NORMAL
3676,0,NORMAL
3677,0,NORMAL
3678,0,NORMAL
3679,0,NORMAL
3680,0,NORMAL
3681,0,NORMAL
3682,0,NORMAL
3683,0,NORMAL
3684,0,NORMAL
3685,0,NORMAL
3686,0,NORMAL
3687,0,NORMAL
3688,0,NORMAL
3689,0,NORMAL
3690,0,NORMAL
3691,0,NORMAL
3692,0,NORMAL
3693,0,NORMAL
3694,0,NORMAL
3695,0,NORMAL
3696,0,NORMAL
3697,0,NORMAL
3698,0,NORMAL
3699,0,NORMAL
3700,0,NORMAL
3701,0,NORMAL
3702,0,NORMAL
3703,0,NORMAL
3704,0,NORMAL
3705,0,NORMAL
3706,0,NORMAL
3707,0,NORMAL
3708,0,NORMAL
3709,0,NORMAL
3710,0,NORMAL
3711,0,NORMAL
3712,0,NORMAL
3713,0,NORMAL
3714,0,NORMAL
3715,0,NORMAL
3716,0,NORMAL
3717,0,NORMAL
3718,0,NORMAL
3719,0,NORMAL
3720,0,NORMAL
3721,0,NORMAL
3722,0,NORMAL
3723,0,NORMAL
3724,0,NORMAL
3725,0,NORMAL
3726,0,NORMAL
3727,0,NORMAL
3728,0,NORMAL
3729,0,NORMAL
3730,0,NORMAL
3731,0,NORMAL
3732,0,NORMAL
3733,0,NORMAL
3734,0,NORMAL
3735,0,NORMAL
3736,0,NORMAL
3737,0,NORMAL
3738,0,NORMAL
3739,0,NORMAL
3740,0,NORMAL
3741,0,NORMAL
3742,0,NORMAL
3743,0,NORMAL
3744,0,NORMAL
3745,0,NORMAL
3746,0,NORMAL
3747,0,NORMAL
3748,0,NORMAL
3749,0,NORMAL
3750,0,NORMAL
3751,0,NORMAL
3752,0,NORMAL
3753,0,NORMAL
3754,0,NORMAL
3755,0,NORMAL
3756,0,NORMAL
3757,0,NORMAL
3758,0,NORMAL
3759,0,NORMAL
3760,0,NORMAL
3761,0,NORMAL
3762,0,NORMAL
3763,0,NORMAL
3764,0,NORMAL
3765,0,NORMAL
3766,0,NORMAL
3767,0,NORMAL
3768,0,NORMAL
3769,0,NORMAL
3770,0,NORMAL
3771,0,NORMAL
3772,0,NORMAL
3773,0,NORMAL
3774,0,NORMAL
3775,0,NORMAL
3776,0,NORMAL
3777,0,NORMAL
3778,0,NORMAL
3779,0,NORMAL
3780,0,NORMAL
3781,0,NORMAL
3782,0,NORMAL
3783,0,NORMAL
3784,0,NORMAL
3785,0,NORMAL
3786,0,NORMAL
3787,0,NORMAL
3788,0,NORMAL
3789,0,NORMAL
3790,0,NORMAL
3791,0,NORMAL
3792,0,NORMAL
3793,0,NORMAL
3794,0,NORMAL
3795,0,NORMAL
3796,0,NORMAL
3797,0,NORMAL
3798,0,NORMAL
3799,0,NORMAL
3800,0,NORMAL
3801,0,NORMAL
3802,0,NORMAL
3803,0,NORMAL
3804,0,NORMAL
3805,0,NORMAL
3806,0,NORMAL
3807,0,NORMAL
3808,0,NORMAL
3809,0,NORMAL
3810,0,NORMAL
3811,0,NORMAL
3812,0,NORMAL
3813,0,NORMAL
3814,0,NORMAL
3815,0,NORMAL
3816,0,NORMAL
3817,0,NORMAL
3818,0,NORMAL
3819,0,NORMAL
3820,0,NORMAL
3821,0,NORMAL
3822,0,NORMAL
3823,0,NORMAL
3824,0,NORMAL
3825,0,NORMAL
3826,0,NORMAL
3827,0,NORMAL
3828,0,NORMAL
3829,0,NORMAL
3830,0,NORMAL
3831,0,NORMAL
3832,0,NORMAL
3833,0,NORMAL
3834,0,NORMAL
3835,0,NORMAL
3836,0,NORMAL
3837,0,NORMAL
3838,0,NORMAL
3839,0,NORMAL
3840,0,NORMAL
3841,0,NORMAL
3842,0,NORMAL
3843,0,NORMAL
3844,0,NORMAL
3845,0,NORMAL
3846,0,NORMAL
3847,0,NORMAL
3848,0,NORMAL
3849,0,NORMAL
3850,0,NORMAL
3851,0,NORMAL
3852,0,NORMAL
3853,0,NORMAL
3854,0,NORMAL
3855,0,NORMAL
3856,0,NORMAL
3857,0,NORMAL
3858,0,NORMAL
3859,0,NORMAL
3860,0,NORMAL
3861,0,NORMAL
3862,0,NORMAL
3863,0,NORMAL
3864,0,NORMAL
3865,0,NORMAL
3866,0,NORMAL
3867,0,NORMAL
3868,0,NORMAL
3869,0,NORMAL
3870,0,NORMAL
3871,0,NORMAL
3872,0,NORMAL
3873,0,NORMAL
3874,0,NORMAL
3875,0,NORMAL
3876,0,NORMAL
3877,0,NORMAL
3878,0,NORMAL
3879,0,NORMAL
3880,0,NORMAL
3881,0,NORMAL
3882,0,NORMAL
3883,0,NORMAL
3884,0,NORMAL
3885,0,NORMAL
3886,0,NORMAL
3887,0,NORMAL
3888,0,NORMAL
3889,0,NORMAL
3890,0,NORMAL
3891,0,NORMAL
3892,0,NORMAL
3893,0,NORMAL
3894,0,NORMAL
3895,0,NORMAL
3896,0,NORMAL
3897,0,NORMAL
3898,0,NORMAL
3899,0,NORMAL
3900,0,NORMAL
3901,0,NORMAL
3902,0,NORMAL
3903,0,NORMAL
3904,0,NORMAL
3905,0,NORMAL
3906,0,NORMAL
3907,0,NORMAL
3908,0,NORMAL
3909,0,NORMAL
3910,0,NORMAL
3911,0,NORMAL
3912,0,NORMAL
3913,0,NORMAL
3914,0,NORMAL
3915,0,NORMAL
3916,0,NORMAL
3917,0,NORMAL
3918,0,NORMAL
3919,0,NORMAL
3920,0,NORMAL
3921,0,NORMAL
3922,0,NORMAL
3923,0,NORMAL
3924,0,NORMAL
3925,0,NORMAL
3926,0,NORMAL
3927,0,NORMAL
3928,0,NORMAL
3929,0,NORMAL
3930,0,NORMAL
3931,0,NORMAL
3932,0,NORMAL
3933,0,NORMAL
3934,0,NORMAL
3935,0,NORMAL
3936,0,NORMAL
3937,0,NORMAL
3938,0,NORMAL
3939,0,NORMAL
3940,0,NORMAL
3941,0,NORMAL
3942,0,NORMAL
3943,0,NORMAL
3944,0,NORMAL
3945,0,NORMAL
3946,0,NORMAL
3947,0,NORMAL
3948,0,NORMAL
3949,0,NORMAL
3950,0,NORMAL
3951,0,NORMAL
3952,0,NORMAL
3953,0,NORMAL
3954,0,NORMAL
3955,0,NORMAL
3956,0,NORMAL
3957,0,NORMAL
3958,0,NORMAL
3959,0,NORMAL
3960,0,NORMAL
3961,0,NORMAL
3962,0,NORMAL
3963,0,NORMAL
3964,0,NORMAL
3965,0,NORMAL
3966,0,NORMAL
3967,0,NORMAL
3968,0,NORMAL
3969,0,NORMAL
3970,0,NORMAL
3971,0,NORMAL
3972,0,NORMAL
3973,0,NORMAL
3974,0,NORMAL
3975,0,NORMAL
3976,0,NORMAL
3977,0,NORMAL
3978,0,NORMAL
3979,0,NORMAL
3980,0,NORMAL
3981,0,NORMAL
3982,0,NORMAL
3983,0,NORMAL
3984,0,NORMAL
3985,0,NORMAL
3986,0,NORMAL
3987,0,NORMAL
3988,0,NORMAL
3989,0,NORMAL
3990,0,NORMAL
3991,0,NORMAL
3992,0,NORMAL
3993,0,NORMAL
3994,0,NORMAL
3995,0,NORMAL
3996,0,NORMAL
3997,0,NORMAL
3998,0,NORMAL
3999,0,NORMAL
4000,0,NORMAL
4001,0,NORMAL
4002,0,NORMAL
4003,0,NORMAL
4004,0,NORMAL
4005,0,NORMAL
4006,0,NORMAL
4007,0,NORMAL
4008,0,NORMAL
4009,0,NORMAL
4010,0,NORMAL
4011,0,NORMAL
4012,0,NORMAL
4013,0,NORMAL
4014,0,NORMAL
4015,0,NORMAL
4016,0,NORMAL
4017,0,NORMAL
4018,0,NORMAL
4019,0,NORMAL
4020,0,NORMAL
4021,0,NORMAL
4022,0,NORMAL
4023,0,NORMAL
4024,0,NORMAL
4025,0,NORMAL
4026,0,NORMAL
4027,0,NORMAL
4028,0,NORMAL
4029,0,NORMAL
4030,0,NORMAL
4031,0,NORMAL
4032,0,NORMAL
4033,0,NORMAL
4034,0,NORMAL
4035,0,NORMAL
4036,0,NORMAL
4037,0,NORMAL
4038,0,NORMAL
4039,0,NORMAL
4040,0,NORMAL
4041,0,NORMAL
4042,0,NORMAL
4043,0,NORMAL
4044,0,NORMAL
4045,0,NORMAL
4046,0,NORMAL
4047,0,NORMAL
4048,0,NORMAL
4049,0,NORMAL
4050,0,NORMAL
4051,0,NORMAL
4052,0,NORMAL
4053,0,NORMAL
4054,0,NORMAL
4055,0,NORMAL
4056,0,NORMAL
4057,0,NORMAL
4058,0,NORMAL
4059,0,NORMAL
4060,0,NORMAL
4061,0,NORMAL
4062,0,NORMAL
4063,0,NORMAL
4064,0,NORMAL
4065,0,NORMAL
4066,0,NORMAL
4067,0,NORMAL
4068,0,NORMAL
4069,0,NORMAL
4070,0,NORMAL
4071,0,NORMAL
4072,0,NORMAL
4073,0,NORMAL
4074,0,NORMAL
4075,0,NORMAL
4076,0,NORMAL
4077,0,NORMAL
4078,0,NORMAL
4079,0,NORMAL
4080,0,NORMAL
4081,0,NORMAL
4082,0,NORMAL
4083,0,NORMAL
4084,0,NORMAL
4085,0,NORMAL
4086,0,NORMAL
4087,0,NORMAL
4088,0,NORMAL
4089,0,NORMAL
4090,0,NORMAL
4091,0,NORMAL
4092,0,NORMAL
4093,0,NORMAL
4094,0,NORMAL
4095,0,NORMAL
4096,0,NORMAL
4097,0,NORMAL
4098,0,NORMAL
4099,0,NORMAL
4100,0,NORMAL
4101,0,NORMAL
4102,0,NORMAL
4103,0,NORMAL
4104,0,NORMAL
4105,0,NORMAL
4106,0,NORMAL
4107,0,NORMAL
4108,0,NORMAL
4109,0,NORMAL
4110,0,NORMAL
4111,0,NORMAL
4112,0,NORMAL
4113,0,NORMAL
4114,0,NORMAL
4115,0,NORMAL
4116,0,NORMAL
4117,0,NORMAL
4118,0,NORMAL
4119,0,NORMAL
4120,0,NORMAL
4121,0,NORMAL
4122,0,NORMAL
4123,0,NORMAL
4124,0,NORMAL
4125,0,NORMAL
4126,0,NORMAL
4127,0,NORMAL
4128,0,NORMAL
4129,0,NORMAL
4130,0,NORMAL
4131,0,NORMAL
4132,0,NORMAL
4133,0,NORMAL
4134,0,NORMAL
4135,0,NORMAL
4136,0,NORMAL
4137,0,NORMAL
4138,0,NORMAL
4139,0,NORMAL
4140,0,NORMAL
4141,0,NORMAL
4142,0,NORMAL
4143,0,NORMAL
4144,0,NORMAL
4145,0,NORMAL
4146,0,NORMAL
4147,0,NORMAL
4148,0,NORMAL
4149,0,NORMAL
4150,0,NORMAL
4151,0,NORMAL
4152,0,NORMAL
4153,0,NORMAL
4154,0,NORMAL
4155,0,NORMAL
4156,0,NORMAL
4157,0,NORMAL
4158,0,NORMAL
4159,0,NORMAL
4160,0,NORMAL
4161,0,NORMAL
4162,0,NORMAL
4163,0,NORMAL
4164,0,NORMAL
4165,0,NORMAL
4166,0,NORMAL
4167,0,NORMAL
4168,0,NORMAL
4169,0,NORMAL
4170,0,NORMAL
4171,0,NORMAL
4172,0,NORMAL
4173,0,NORMAL
4174,0,NORMAL
4175,0,NORMAL
4176,0,NORMAL
4177,0,NORMAL
4178,0,NORMAL
4179,0,NORMAL
4180,0,NORMAL
4181,0,NORMAL
4182,0,NORMAL
4183,0,NORMAL
4184,0,NORMAL
4185,0,NORMAL
4186,0,NORMAL
4187,0,NORMAL
4188,0,NORMAL
4189,0,NORMAL
4190,0,NORMAL
4191,0,NORMAL
4192,0,NORMAL
4193,0,NORMAL
4194,0,NORMAL
4195,0,NORMAL
4196,0,NORMAL
4197,0,NORMAL
4198,0,NORMAL
4199,0,NORMAL
4200,0,NORMAL
4201,0,NORMAL
4202,0,NORMAL
4203,0,NORMAL
4204,0,NORMAL
4205,0,NORMAL
4206,0,NORMAL
4207,0,NORMAL
4208,0,NORMAL
4209,0,NORMAL
4210,0,NORMAL
4211,0,NORMAL
4212,0,NORMAL
4213,0,NORMAL
4214,0,NORMAL
4215,0,NORMAL
4216,0,NORMAL
4217,0,NORMAL
4218,0,NORMAL
4219,0,NORMAL
4220,0,NORMAL
4221,0,NORMAL
4222,0,NORMAL
4223,0,NORMAL
4224,0,NORMAL
4225,0,NORMAL
4226,0,NORMAL
4227,0,NORMAL
4228,0,NORMAL
4229,0,NORMAL
4230,0,NORMAL
4231,0,NORMAL
4232,0,NORMAL
4233,0,NORMAL
4234,0,NORMAL
4235,0,NORMAL
4236,0,NORMAL
4237,0,NORMAL
4238,0,NORMAL
4239,0,NORMAL
4240,0,NORMAL
4241,0,NORMAL
4242,0,NORMAL
4243,0,NORMAL
4244,0,NORMAL
4245,0,NORMAL
4246,0,NORMAL
4247,0,NORMAL
4248,0,NORMAL
4249,0,NORMAL
4250,0,NORMAL
4251,0,NORMAL
4252,0,NORMAL
4253,0,NORMAL
4254,0,NORMAL
4255,0,NORMAL
4256,0,NORMAL
4257,0,NORMAL
4258,0,NORMAL
4259,0,NORMAL
4260,0,NORMAL
4261,0,NORMAL
4262,0,NORMAL
4263,0,NORMAL
4264,0,NORMAL
4265,0,NORMAL
4266,0,NORMAL
4267,0,NORMAL
4268,0,NORMAL
4269,0,NORMAL
4270,0,NORMAL
4271,0,NORMAL
4272,0,NORMAL
4273,0,NORMAL
4274,0,NORMAL
4275,0,NORMAL
4276,0,NORMAL
4277,0,NORMAL
4278,0,NORMAL
4279,0,NORMAL
4280,0,NORMAL
4281,0,NORMAL
4282,0,NORMAL
4283,0,NORMAL
4284,0,NORMAL
4285,0,NORMAL
4286,0,NORMAL
4287,0,NORMAL
4288,0,NORMAL
4289,0,NORMAL
4290,0,NORMAL
4291,0,NORMAL
4292,0,NORMAL
4293,0,NORMAL
4294,0,NORMAL
4295,0,NORMAL
4296,0,NORMAL
4297,0,NORMAL
4298,0,NORMAL
4299,0,NORMAL
4300,0,NORMAL
4301,0,NORMAL
4302,0,NORMAL
4303,0,NORMAL
4304,0,NORMAL
4305,0,NORMAL
4306,0,NORMAL
4307,0,NORMAL
4308,0,NORMAL
4309,0,NORMAL
4310,0,NORMAL
4311,0,NORMAL
4312,0,NORMAL
4313,0,NORMAL
4314,0,NORMAL
4315,0,NORMAL
4316,0,NORMAL
4317,0,NORMAL
4318,0,NORMAL
4319,0,NORMAL
4320,0,NORMAL
4321,0,NORMAL
4322,0,NORMAL
4323,0,NORMAL
4324,0,NORMAL
4325,0,NORMAL
4326,0,NORMAL
4327,0,NORMAL
4328,0,NORMAL
4329,0,NORMAL
4330,0,NORMAL
4331,0,NORMAL
4332,0,NORMAL
4333,0,NORMAL
4334,0,NORMAL
4335,0,NORMAL
4336,0,NORMAL
4337,0,NORMAL
4338,0,NORMAL
4339,0,NORMAL
4340,0,NORMAL
4341,0,NORMAL
4342,0,NORMAL
4343,0,NORMAL
4344,0,NORMAL
4345,0,NORMAL
4346,0,NORMAL
4347,0,NORMAL
4348,0,NORMAL
4349,0,NORMAL
4350,0,NORMAL
4351,0,NORMAL
4352,0,NORMAL
4353,0,NORMAL
4354,0,NORMAL
4355,0,NORMAL
4356,0,NORMAL
4357,0,NORMAL
4358,0,NORMAL
4359,0,NORMAL
4360,0,NORMAL
4361,0,NORMAL
4362,0,NORMAL
4363,0,NORMAL
4364,0,NORMAL
4365,0,NORMAL
4366,0,NORMAL
4367,0,NORMAL
4368,0,NORMAL
4369,0,NORMAL
4370,0,NORMAL
4371,0,NORMAL
4372,0,NORMAL
4373,0,NORMAL
4374,0,NORMAL
4375,0,NORMAL
4376,0,NORMAL
4377,0,NORMAL
4378,0,NORMAL
4379,0,NORMAL
4380,0,NORMAL
4381,0,NORMAL
4382,0,NORMAL
4383,0,NORMAL
4384,0,NORMAL
4385,0,NORMAL
4386,0,NORMAL
4387,0,NORMAL
4388,0,NORMAL
4389,0,NORMAL
4390,0,NORMAL
4391,0,NORMAL
4392,0,NORMAL
4393,0,NORMAL
4394,0,NORMAL
4395,0,NORMAL
4396,0,NORMAL
4397,0,NORMAL
4398,0,NORMAL
4399,0,NORMAL
4400,0,NORMAL
4401,0,NORMAL
4402,0,NORMAL
4403,0,NORMAL
4404,0,NORMAL
4405,0,NORMAL
4406,0,NORMAL
4407,0,NORMAL
4408,0,NORMAL
4409,0,NORMAL
4410,0,NORMAL
4411,0,NORMAL
4412,0,NORMAL
4413,0,NORMAL
4414,0,NORMAL
4415,0,NORMAL
4416,0,NORMAL
4417,0,NORMAL
4418,0,NORMAL
4419,0,NORMAL
4420,0,NORMAL
4421,0,NORMAL
4422,0,NORMAL
4423,0,NORMAL
4424,0,NORMAL
4425,0,NORMAL
4426,0,NORMAL
4427,0,NORMAL
4428,0,NORMAL
4429,0,NORMAL
4430,0,NORMAL
4431,0,NORMAL
4432,0,NORMAL
4433,0,NORMAL
4434,0,NORMAL
4435,0,NORMAL
4436,0,NORMAL
4437,0,NORMAL
4438,0,NORMAL
4439,0,NORMAL
4440,0,NORMAL
4441,0,NORMAL
4442,0,NORMAL
4443,0,NORMAL
4444,0,NORMAL
4445,0,NORMAL
4446,0,NORMAL
4447,0,NORMAL
4448,0,NORMAL
4449,0,NORMAL
4450,0,NORMAL
4451,0,NORMAL
4452,0,NORMAL
4453,0,NORMAL
4454,0,NORMAL
4455,0,NORMAL
4456,0,NORMAL
4457,0,NORMAL
4458,0,NORMAL
4459,0,NORMAL
4460,0,NORMAL
4461,0,NORMAL
4462,0,NORMAL
4463,0,NORMAL
4464,0,NORMAL
4465,0,NORMAL
4466,0,NORMAL
4467,0,NORMAL
4468,0,NORMAL
4469,0,NORMAL
4470,0,NORMAL
4471,0,NORMAL
4472,0,NORMAL
4473,0,NORMAL
4474,0,NORMAL
4475,0,NORMAL
4476,0,NORMAL
4477,0,NORMAL
4478,0,NORMAL
4479,0,NORMAL
4480,0,NORMAL
4481,0,NORMAL
4482,0,NORMAL
4483,0,NORMAL
4484,0,NORMAL
4485,0,NORMAL
4486,0,NORMAL
4487,0,NORMAL
4488,0,NORMAL
4489,0,NORMAL
4490,0,NORMAL
4491,0,NORMAL
4492,0,NORMAL
4493,0,NORMAL
4494,0,NORMAL
4495,0,NORMAL
4496,0,NORMAL
4497,0,NORMAL
4498,0,NORMAL
4499,0,NORMAL
4500,0,NORMAL
4501,0,NORMAL
4502,0,NORMAL
4503,0,NORMAL
4504,0,NORMAL
4505,0,NORMAL
4506,0,NORMAL
4507,0,NORMAL
4508,0,NORMAL
4509,0,NORMAL
4510,0,NORMAL
4511,0,NORMAL
4512,0,NORMAL
4513,0,NORMAL
4514,0,NORMAL
4515,0,NORMAL
4516,0,NORMAL
4517,0,NORMAL
4518,0,NORMAL
4519,0,NORMAL
4520,0,NORMAL
4521,0,NORMAL
4522,0,NORMAL
4523,0,NORMAL
4524,0,NORMAL
4525,0,NORMAL
4526,0,NORMAL
4527,0,NORMAL
4528,0,NORMAL
4529,0,NORMAL
4530,0,NORMAL
4531,0,NORMAL
4532,0,NORMAL
4533,0,NORMAL
4534,0,NORMAL
4535,0,NORMAL
4536,0,NORMAL
4537,0,NORMAL
4538,0,NORMAL
4539,0,NORMAL
4540,0,NORMAL
4541,0,NORMAL
4542,0,NORMAL
4543,0,NORMAL
4544,0,NORMAL
4545,0,NORMAL
4546,0,NORMAL
4547,0,NORMAL
4548,0,NORMAL
4549,0,NORMAL
4550,0,NORMAL
4551,0,NORMAL
4552,0,NORMAL
4553,0,NORMAL
4554,0,NORMAL
4555,0,NORMAL
4556,0,NORMAL
4557,0,NORMAL
4558,0,NORMAL
4559,0,NORMAL
4560,0,NORMAL
4561,0,NORMAL
4562,0,NORMAL
4563,0,NORMAL
4564,0,NORMAL
4565,0,NORMAL
4566,0,NORMAL
4567,0,NORMAL
4568,0,NORMAL
4569,0,NORMAL
4570,0,NORMAL
4571,0,NORMAL
4572,0,NORMAL
4573,0,NORMAL
4574,0,NORMAL
4575,0,NORMAL
4576,0,NORMAL
4577,0,NORMAL
4578,0,NORMAL
4579,0,NORMAL
4580,0,NORMAL
4581,0,NORMAL
4582,0,NORMAL
4583,0,NORMAL
4584,0,NORMAL
4585,0,NORMAL
4586,0,NORMAL
4587,0,NORMAL
4588,0,NORMAL
4589,0,NORMAL
4590,0,NORMAL
4591,0,NORMAL
4592,0,NORMAL
4593,0,NORMAL
4594,0,NORMAL
4595,0,NORMAL
4596,0,NORMAL
4597,0,NORMAL
4598,0,NORMAL
4599,0,NORMAL
4600,0,NORMAL
4601,0,NORMAL
4602,0,NORMAL
4603,0,NORMAL
4604,0,NORMAL
4605,0,NORMAL
4606,0,NORMAL
4607,0,NORMAL
4608,0,NORMAL
4609,0,NORMAL
4610,0,NORMAL
4611,0,NORMAL
4612,0,NORMAL
4613,0,NORMAL
4614,0,NORMAL
4615,0,NORMAL
4616,0,NORMAL
4617,0,NORMAL
4618,0,NORMAL
4619,0,NORMAL
4620,0,NORMAL
4621,0,NORMAL
4622,0,NORMAL
4623,0,NORMAL
4624,0,NORMAL
4625,0,NORMAL
4626,0,NORMAL
4627,0,NORMAL
4628,0,NORMAL
4629,0,NORMAL
4630,0,NORMAL
4631,0,NORMAL
4632,0,NORMAL
4633,0,NORMAL
4634,0,NORMAL
4635,0,NORMAL
4636,0,NORMAL
4637,0,NORMAL
4638,0,NORMAL
4639,0,NORMAL
4640,0,NORMAL
4641,0,NORMAL
4642,0,NORMAL
4643,0,NORMAL
4644,0,NORMAL
4645,0,NORMAL
4646,0,NORMAL
4647,0,NORMAL
4648,0,NORMAL
4649,0,NORMAL
4650,0,NORMAL
4651,0,NORMAL
4652,0,NORMAL
4653,0,NORMAL
4654,0,NORMAL
4655,0,NORMAL
4656,0,NORMAL
4657,0,NORMAL
4658,0,NORMAL
4659,0,NORMAL
4660,0,NORMAL
4661,0,NORMAL
4662,0,NORMAL
4663,0,NORMAL
4664,0,NORMAL
4665,0,NORMAL
4666,0,NORMAL
4667,0,NORMAL
4668,0,NORMAL
4669,0,NORMAL
4670,0,NORMAL
4671,0,NORMAL
4672,0,NORMAL
4673,0,NORMAL
4674,0,NORMAL
4675,0,NORMAL
4676,0,NORMAL
4677,0,NORMAL
4678,0,NORMAL
4679,0,NORMAL
4680,0,NORMAL
4681,0,NORMAL
4682,0,NORMAL
4683,0,NORMAL
4684,0,NORMAL
4685,0,NORMAL
4686,0,NORMAL
4687,0,NORMAL
4688,0,NORMAL
4689,0,NORMAL
4690,0,NORMAL
4691,0,NORMAL
4692,0,NORMAL
4693,0,NORMAL
4694,0,NORMAL
4695,0,NORMAL
4696,0,NORMAL
4697,0,NORMAL
4698,0,NORMAL
4699,0,NORMAL
4700,0,NORMAL
4701,0,NORMAL
4702,0,NORMAL
4703,0,NORMAL
4704,0,NORMAL
4705,0,NORMAL
4706,0,NORMAL
4707,0,NORMAL
4708,0,NORMAL
4709,0,NORMAL
4710,0,NORMAL
4711,0,NORMAL
4712,0,NORMAL
4713,0,NORMAL
4714,0,NORMAL
4715,0,NORMAL
4716,0,NORMAL
4717,0,NORMAL
4718,0,NORMAL
4719,0,NORMAL
4720,0,NORMAL
4721,0,NORMAL
4722,0,NORMAL
4723,0,NORMAL
4724,0,NORMAL
4725,0,NORMAL
4726,0,NORMAL
4727,0,NORMAL
4728,0,NORMAL
4729,0,NORMAL
4730,0,NORMAL
4731,0,NORMAL
4732,0,NORMAL
4733,0,NORMAL
4734,0,NORMAL
4735,0,NORMAL
4736,0,NORMAL
4737,0,NORMAL
4738,0,NORMAL
4739,0,NORMAL
4740,0,NORMAL
4741,0,NORMAL
4742,0,NORMAL
4743,0,NORMAL
4744,0,NORMAL
4745,0,NORMAL
4746,0,NORMAL
4747,0,NORMAL
4748,0,NORMAL
4749,0,NORMAL
4750,0,NORMAL
4751,0,NORMAL
4752,0,NORMAL
4753,0,NORMAL
4754,0,NORMAL
4755,0,NORMAL
4756,0,NORMAL
4757,0,NORMAL
4758,0,NORMAL
4759,0,NORMAL
4760,0,NORMAL
4761,0,NORMAL
4762,0,NORMAL
4763,0,NORMAL
4764,0,NORMAL
4765,0,NORMAL
4766,0,NORMAL
4767,0,NORMAL
4768,0,NORMAL
4769,0,NORMAL
4770,0,NORMAL
4771,0,NORMAL
4772,0,NORMAL
4773,0,NORMAL
4774,0,NORMAL
4775,0,NORMAL
4776,0,NORMAL
4777,0,NORMAL
4778,0,NORMAL
4779,0,NORMAL
4780,0,NORMAL
4781,0,NORMAL
4782,0,NORMAL
4783,0,NORMAL
4784,0,NORMAL
4785,0,NORMAL
4786,0,NORMAL
4787,0,NORMAL
4788,0,NORMAL
4789,0,NORMAL
4790,0,NORMAL
4791,0,NORMAL
4792,0,NORMAL
4793,0,NORMAL
4794,0,NORMAL
4795,0,NORMAL
4796,0,NORMAL
4797,0,NORMAL
4798,0,NORMAL
4799,0,NORMAL
4800,0,NORMAL
4801,0,NORMAL
4802,0,NORMAL
4803,0,NORMAL
4804,0,NORMAL
4805,0,NORMAL
4806,0,NORMAL
4807,0,NORMAL
4808,0,NORMAL
4809,0,NORMAL
4810,0,NORMAL
4811,0,NORMAL
4812,0,NORMAL
4813,0,NORMAL
4814,0,NORMAL
4815,0,NORMAL
4816,0,NORMAL
4817,0,NORMAL
4818,0,NORMAL
4819,0,NORMAL
4820,0,NORMAL
4821,0,NORMAL
4822,0,NORMAL
4823,0,NORMAL
4824,0,NORMAL
4825,0,NORMAL
4826,0,NORMAL
4827,0,NORMAL
4828,0,NORMAL
4829,0,NORMAL
4830,0,NORMAL
4831,0,NORMAL
4832,0,NORMAL
4833,0,NORMAL
4834,0,NORMAL
4835,0,NORMAL
4836,0,NORMAL
4837,0,NORMAL
4838,0,NORMAL
4839,0,NORMAL
4840,0,NORMAL
4841,0,NORMAL
4842,0,NORMAL
4843,0,NORMAL
4844,0,NORMAL
4845,0,NORMAL
4846,0,NORMAL
4847,0,NORMAL
4848,0,NORMAL
4849,0,NORMAL
4850,0,NORMAL
4851,0,NORMAL
4852,0,NORMAL
4853,0,NORMAL
4854,0,NORMAL
4855,0,NORMAL
4856,0,NORMAL
4857,0,NORMAL
4858,0,NORMAL
4859,0,NORMAL
4860,0,NORMAL
4861,0,NORMAL
4862,0,NORMAL
4863,0,NORMAL
4864,0,NORMAL
4865,0,NORMAL
4866,0,NORMAL
4867,0,NORMAL
4868,0,NORMAL
4869,0,NORMAL
4870,0,NORMAL
4871,0,NORMAL
4872,0,NORMAL
4873,0,NORMAL
4874,0,NORMAL
4875,0,NORMAL
4876,0,NORMAL
4877,0,NORMAL
4878,0,NORMAL
4879,0,NORMAL
4880,0,NORMAL
4881,0,NORMAL
4882,0,NORMAL
4883,0,NORMAL
4884,0,NORMAL
4885,0,NORMAL
4886,0,NORMAL
4887,0,NORMAL
4888,0,NORMAL
4889,0,NORMAL
4890,0,NORMAL
4891,0,NORMAL
4892,0,NORMAL
4893,0,NORMAL
4894,0,NORMAL
4895,0,NORMAL
4896,0,NORMAL
4897,0,NORMAL
4898,0,NORMAL
4899,0,NORMAL
4900,0,NORMAL
4901,0,NORMAL
4902,0,NORMAL
4903,0,NORMAL
4904,0,NORMAL
4905,0,NORMAL
4906,0,NORMAL
4907,0,NORMAL
4908,0,NORMAL
4909,0,NORMAL
4910,0,NORMAL
4911,0,NORMAL
4912,0,NORMAL
4913,0,NORMAL
4914,0,NORMAL
4915,0,NORMAL
4916,0,NORMAL
4917,0,NORMAL
4918,0,NORMAL
4919,0,NORMAL
4920,0,NORMAL
4921,0,NORMAL
4922,0,NORMAL
4923,0,NORMAL
4924,0,NORMAL
4925,0,NORMAL
4926,0,NORMAL
4927,0,NORMAL
4928,0,NORMAL
4929,0,NORMAL
4930,0,NORMAL
4931,0,NORMAL
4932,0,NORMAL
4933,0,NORMAL
4934,0,NORMAL
4935,0,NORMAL
4936,0,NORMAL
4937,0,NORMAL
4938,0,NORMAL
4939,0,NORMAL
4940,0,NORMAL
4941,0,NORMAL
4942,0,NORMAL
4943,0,NORMAL
4944,0,NORMAL
4945,0,NORMAL
4946,0,NORMAL
4947,0,NORMAL
4948,0,NORMAL
4949,0,NORMAL
4950,0,NORMAL
4951,0,NORMAL
4952,0,NORMAL
4953,0,NORMAL
4954,0,NORMAL
4955,0,NORMAL
4956,0,NORMAL
4957,0,NORMAL
4958,0,NORMAL
4959,0,NORMAL
4960,0,NORMAL
4961,0,NORMAL
4962,0,NORMAL
4963,0,NORMAL
4964,0,NORMAL
4965,0,NORMAL
4966,0,NORMAL
4967,0,NORMAL
4968,0,NORMAL
4969,0,NORMAL
4970,0,NORMAL
4971,0,NORMAL
4972,0,NORMAL
4973,0,NORMAL
4974,0,NORMAL
4975,0,NORMAL
4976,0,NORMAL
4977,0,NORMAL
4978,0,NORMAL
4979,0,NORMAL
4980,0,NORMAL
4981,0,NORMAL
4982,0,NORMAL
4983,0,NORMAL
4984,0,NORMAL
4985,0,NORMAL
4986,0,NORMAL
4987,0,NORMAL
4988,0,NORMAL
4989,0,NORMAL
4990,0,NORMAL
4991,0,NORMAL
4992,0,NORMAL
4993,0,NORMAL
4994,0,NORMAL
4995,0,NORMAL
4996,0,NORMAL
4997,0,NORMAL
4998,0,NORMAL
4999,0,NORMAL
5000,0,NORMAL
5001,0,NORMAL
5002,0,NORMAL
5003,0,NORMAL
5004,0,NORMAL
5005,0,NORMAL
5006,0,NORMAL
5007,0,NORMAL
5008,0,NORMAL
5009,0,NORMAL
5010,0,NORMAL
5011,0,NORMAL
5012,0,NORMAL
5013,0,NORMAL
5014,0,NORMAL
5015,0,NORMAL
5016,0,NORMAL
5017,0,NORMAL
5018,0,NORMAL
5019,0,NORMAL
5020,0,NORMAL
5021,0,NORMAL
5022,0,NORMAL
5023,0,NORMAL
5024,0,NORMAL
5025,0,NORMAL
5026,0,NORMAL
5027,0,NORMAL
5028,0,NORMAL
5029,0,NORMAL
5030,0,NORMAL
5031,0,NORMAL
5032,0,NORMAL
5033,0,NORMAL
5034,0,NORMAL
5035,0,NORMAL
5036,0,NORMAL
5037,0,NORMAL
5038,0,NORMAL
5039,0,NORMAL
5040,0,NORMAL
5041,0,NORMAL
5042,0,NORMAL
5043,0,NORMAL
5044,0,NORMAL
5045,0,NORMAL
5046,0,NORMAL
5047,0,NORMAL
5048,0,NORMAL
5049,0,NORMAL
5050,0,NORMAL
5051,0,NORMAL
5052,0,NORMAL
5053,0,NORMAL
5054,0,NORMAL
5055,0,NORMAL
5056,0,NORMAL
5057,0,NORMAL
5058,0,NORMAL
5059,0,NORMAL
5060,0,NORMAL
5061,0,NORMAL
5062,0,NORMAL
5063,0,NORMAL
5064,0,NORMAL
5065,0,NORMAL
5066,0,NORMAL
5067,0,NORMAL
5068,0,NORMAL
5069,0,NORMAL
5070,0,NORMAL
5071,0,NORMAL
5072,0,NORMAL
5073,0,NORMAL
5074,0,NORMAL
5075,0,NORMAL
5076,0,NORMAL
5077,0,NORMAL
5078,0,NORMAL
5079,0,NORMAL
5080,0,NORMAL
5081,0,NORMAL
5082,0,NORMAL
5083,0,NORMAL
5084,0,NORMAL
5085,0,NORMAL
5086,0,NORMAL
5087,0,NORMAL
5088,0,NORMAL
5089,0,NORMAL
5090,0,NORMAL
5091,0,NORMAL
5092,0,NORMAL
5093,0,NORMAL
5094,0,NORMAL
5095,0,NORMAL
5096,0,NORMAL
5097,0,NORMAL
5098,0,NORMAL
5099,0,NORMAL
5100,0,NORMAL
5101,0,NORMAL
5102,0,NORMAL
5103,0,NORMAL
5104,0,NORMAL
5105,0,NORMAL
5106,0,NORMAL
5107,0,NORMAL
5108,0,NORMAL
5109,0,NORMAL
5110,0,NORMAL
5111,0,NORMAL
5112,0,NORMAL
5113,0,NORMAL
5114,0,NORMAL
5115,0,NORMAL
5116,0,NORMAL
5117,0,NORMAL
5118,0,NORMAL
5119,0,NORMAL
5120,0,NORMAL
5121,0,NORMAL
5122,0,NORMAL
5123,0,NORMAL
5124,0,NORMAL
5125,0,NORMAL
5126,0,NORMAL
5127,0,NORMAL
5128,0,NORMAL
5129,0,NORMAL
5130,0,NORMAL
5131,0,NORMAL
5132,0,NORMAL
5133,0,NORMAL
5134,0,NORMAL
5135,0,NORMAL
5136,0,NORMAL
5137,0,NORMAL
5138,0,NORMAL
5139,0,NORMAL
5140,0,NORMAL
5141,0,NORMAL
5142,0,NORMAL
5143,0,NORMAL
5144,0,NORMAL
5145,0,NORMAL
5146,0,NORMAL
5147,0,NORMAL
5148,0,NORMAL
5149,0,NORMAL
5150,0,NORMAL
5151,0,NORMAL
5152,0,NORMAL
5153,0,NORMAL
5154,0,NORMAL
5155,0,NORMAL
5156,0,NORMAL
5157,0,NORMAL
5158,0,NORMAL
5159,0,NORMAL
5160,0,NORMAL
5161,0,NORMAL
5162,0,NORMAL
5163,0,NORMAL
5164,0,NORMAL
5165,0,NORMAL
5166,0,NORMAL
5167,0,NORMAL
5168,0,NORMAL
5169,0,NORMAL
5170,0,NORMAL
5171,0,NORMAL
5172,0,NORMAL
5173,0,NORMAL
5174,0,NORMAL
5175,0,NORMAL
5176,0,NORMAL
5177,0,NORMAL
5178,0,NORMAL
5179,0,NORMAL
5180,0,NORMAL
5181,0,NORMAL
5182,0,NORMAL
5183,0,NORMAL
5184,0,NORMAL
5185,0,NORMAL
5186,0,NORMAL
5187,0,NORMAL
5188,0,NORMAL
5189,0,NORMAL
5190,0,NORMAL
5191,0,NORMAL
5192,0,NORMAL
5193,0,NORMAL
5194,0,NORMAL
5195,0,NORMAL
5196,0,NORMAL
5197,0,NORMAL
5198,0,NORMAL
5199,0,NORMAL
5200,0,NORMAL
5201,0,NORMAL
5202,0,NORMAL
5203,0,NORMAL
5204,0,NORMAL
5205,0,NORMAL
5206,0,NORMAL
5207,0,NORMAL
5208,0,NORMAL
5209,0,NORMAL
5210,0,NORMAL
5211,0,NORMAL
5212,0,NORMAL
5213,0,NORMAL
5214,0,NORMAL
5215,0,NORMAL
5216,0,NORMAL
5217,0,NORMAL
5218,0,NORMAL
5219,0,NORMAL
5220,0,NORMAL
5221,0,NORMAL
5222,0,NORMAL
5223,0,NORMAL
5224,0,NORMAL
5225,0,NORMAL
5226,0,NORMAL
5227,0,NORMAL
5228,0,NORMAL
5229,0,NORMAL
5230,0,NORMAL
5231,0,NORMAL
5232,0,NORMAL
5233,0,NORMAL
5234,0,NORMAL
5235,0,NORMAL
5236,0,NORMAL
5237,0,NORMAL
5238,0,NORMAL
5239,0,NORMAL
5240,0,NORMAL
5241,0,NORMAL
5242,0,NORMAL
5243,0,NORMAL
5244,0,NORMAL
5245,0,NORMAL
5246,0,NORMAL
5247,0,NORMAL
5248,0,NORMAL
5249,0,NORMAL
5250,0,NORMAL
5251,0,NORMAL
5252,0,NORMAL
5253,0,NORMAL
5254,0,NORMAL
5255,0,NORMAL
5256,0,NORMAL
5257,0,NORMAL
5258,0,NORMAL
5259,0,NORMAL
5260,0,NORMAL
5261,0,NORMAL
5262,0,NORMAL
5263,0,NORMAL
5264,0,NORMAL
5265,0,NORMAL
5266,0,NORMAL
5267,0,NORMAL
5268,0,NORMAL
5269,0,NORMAL
5270,0,NORMAL
5271,0,NORMAL
5272,0,NORMAL
5273,0,NORMAL
5274,0,NORMAL
5275,0,NORMAL
5276,0,NORMAL
5277,0,NORMAL
5278,0,NORMAL
5279,0,NORMAL
5280,0,NORMAL
5281,0,NORMAL
5282,0,NORMAL
5283,0,NORMAL
5284,0,NORMAL
5285,0,NORMAL
5286,0,NORMAL
5287,0,NORMAL
5288,0,NORMAL
5289,0,NORMAL
5290,0,NORMAL
5291,0,NORMAL
5292,0,NORMAL
5293,0,NORMAL
5294,0,NORMAL
5295,0,NORMAL
5296,0,NORMAL
5297,0,NORMAL
5298,0,NORMAL
5299,0,NORMAL
5300,0,NORMAL
5301,0,NORMAL
5302,0,NORMAL
5303,0,NORMAL
5304,0,NORMAL
5305,0,NORMAL
5306,0,NORMAL
5307,0,NORMAL
5308,0,NORMAL
5309,0,NORMAL
5310,0,NORMAL
5311,0,NORMAL
5312,0,NORMAL
5313,0,NORMAL
5314,0,NORMAL
5315,0,NORMAL
5316,0,NORMAL
5317,0,NORMAL
5318,0,NORMAL
5319,0,NORMAL
5320,0,NORMAL
5321,0,NORMAL
5322,0,NORMAL
5323,0,NORMAL
5324,0,NORMAL
5325,0,NORMAL
5326,0,NORMAL
5327,0,NORMAL
5328,0,NORMAL
5329,0,NORMAL
5330,0,NORMAL
5331,0,NORMAL
5332,0,NORMAL
5333,0,NORMAL
5334,0,NORMAL
5335,0,NORMAL
5336,0,NORMAL
5337,0,NORMAL
5338,0,NORMAL
5339,0,NORMAL
5340,0,NORMAL
5341,0,NORMAL
5342,0,NORMAL
5343,0,NORMAL
5344,0,NORMAL
5345,0,NORMAL
5346,0,NORMAL
5347,0,NORMAL
5348,0,NORMAL
5349,0,NORMAL
5350,0,NORMAL
5351,0,NORMAL
5352,0,NORMAL
5353,0,NORMAL
5354,0,NORMAL
5355,0,NORMAL
5356,0,NORMAL
5357,0,NORMAL
5358,0,NORMAL
5359,0,NORMAL
5360,0,NORMAL
5361,0,NORMAL
5362,0,NORMAL
5363,0,NORMAL
5364,0,NORMAL
5365,0,NORMAL
5366,0,NORMAL
5367,0,NORMAL
5368,0,NORMAL
5369,0,NORMAL
5370,0,NORMAL
5371,0,NORMAL
5372,0,NORMAL
5373,0,NORMAL
5374,0,NORMAL
5375,0,NORMAL
5376,0,NORMAL
5377,0,NORMAL
5378,0,NORMAL
5379,0,NORMAL
5380,0,NORMAL
5381,0,NORMAL
5382,0,NORMAL
5383,0,NORMAL
5384,0,NORMAL
5385,0,NORMAL
5386,0,NORMAL
5387,0,NORMAL
5388,0,NORMAL
5389,0,NORMAL
5390,0,NORMAL
5391,0,NORMAL
5392,0,NORMAL
5393,0,NORMAL
5394,0,NORMAL
5395,0,NORMAL
5396,0,NORMAL
5397,0,NORMAL
5398,0,NORMAL
5399,0,NORMAL
5400,0,NORMAL
5401,0,NORMAL
5402,0,NORMAL
5403,0,NORMAL
5404,0,NORMAL
5405,0,NORMAL
5406,0,NORMAL
5407,0,NORMAL
5408,0,NORMAL
5409,0,NORMAL
5410,0,NORMAL
5411,0,NORMAL
5412,0,NORMAL
5413,0,NORMAL
5414,0,NORMAL
5415,0,NORMAL
5416,0,NORMAL
5417,0,NORMAL
5418,0,NORMAL
5419,0,NORMAL
5420,0,NORMAL
5421,0,NORMAL
5422,0,NORMAL
5423,0,NORMAL
5424,0,NORMAL
5425,0,NORMAL
5426,0,NORMAL
5427,0,NORMAL
5428,0,NORMAL
5429,0,NORMAL
5430,0,NORMAL
5431,0,NORMAL
5432,0,NORMAL
5433,0,NORMAL
5434,0,NORMAL
5435,0,NORMAL
5436,0,NORMAL
5437,0,NORMAL
5438,0,NORMAL
5439,0,NORMAL
5440,0,NORMAL
5441,0,NORMAL
5442,0,NORMAL
5443,0,NORMAL
5444,0,NORMAL
5445,0,NORMAL
5446,0,NORMAL
5447,0,NORMAL
5448,0,NORMAL
5449,0,NORMAL
5450,0,NORMAL
5451,0,NORMAL
5452,0,NORMAL
5453,0,NORMAL
5454,0,NORMAL
5455,0,NORMAL
5456,0,NORMAL
5457,0,NORMAL
5458,0,NORMAL
5459,0,NORMAL
5460,0,NORMAL
5461,0,NORMAL
5462,0,NORMAL
5463,0,NORMAL
5464,0,NORMAL
5465,0,NORMAL
5466,0,NORMAL
5467,0,NORMAL
5468,0,NORMAL
5469,0,NORMAL
5470,0,NORMAL
5471,0,NORMAL
5472,0,NORMAL
5473,0,NORMAL
5474,0,NORMAL
5475,0,NORMAL
5476,0,NORMAL
5477,0,NORMAL
5478,0,NORMAL
5479,0,NORMAL
5480,0,NORMAL
5481,0,NORMAL
5482,0,NORMAL
5483,0,NORMAL
5484,0,NORMAL
5485,0,NORMAL
5486,0,NORMAL
5487,0,NORMAL
5488,0,NORMAL
5489,0,NORMAL
5490,0,NORMAL
5491,0,NORMAL
5492,0,NORMAL
5493,0,NORMAL
5494,0,NORMAL
5495,0,NORMAL
5496,0,NORMAL
5497,0,NORMAL
5498,0,NORMAL
5499,0,NORMAL
5500,0,NORMAL
5501,0,NORMAL
5502,0,NORMAL
5503,0,NORMAL
5504,0,NORMAL
5505,0,NORMAL
5506,0,NORMAL
5507,0,NORMAL
5508,0,NORMAL
5509,0,NORMAL
5510,0,NORMAL
5511,0,NORMAL
5512,0,NORMAL
5513,0,NORMAL
5514,0,NORMAL
5515,0,NORMAL
5516,0,NORMAL
5517,0,NORMAL
5518,0,NORMAL
5519,0,NORMAL
5520,0,NORMAL
5521,0,NORMAL
5522,0,NORMAL
5523,0,NORMAL
5524,0,NORMAL
5525,0,NORMAL
5526,0,NORMAL
5527,0,NORMAL
5528,0,NORMAL
5529,0,NORMAL
5530,0,NORMAL
5531,0,NORMAL
5532,0,NORMAL
5533,0,NORMAL
5534,0,NORMAL
5535,0,NORMAL
5536,0,NORMAL
5537,0,NORMAL
5538,0,NORMAL
5539,0,NORMAL
5540,0,NORMAL
5541,0,NORMAL
5542,0,NORMAL
5543,0,NORMAL
5544,0,NORMAL
5545,0,NORMAL
5546,0,NORMAL
5547,0,NORMAL
5548,0,NORMAL
5549,0,NORMAL
5550,0,NORMAL
5551,0,NORMAL
5552,0,NORMAL
5553,0,NORMAL
5554,0,NORMAL
5555,0,NORMAL
5556,0,NORMAL
5557,0,NORMAL
5558,0,NORMAL
5559,0,NORMAL
5560,0,NORMAL
5561,0,NORMAL
5562,0,NORMAL
5563,0,NORMAL
5564,0,NORMAL
5565,0,NORMAL
5566,0,NORMAL
5567,0,NORMAL
5568,0,NORMAL
5569,0,NORMAL
5570,0,NORMAL
5571,0,NORMAL
5572,0,NORMAL
5573,0,NORMAL
5574,0,NORMAL
5575,0,NORMAL
5576,0,NORMAL
5577,0,NORMAL
5578,0,NORMAL
5579,0,NORMAL
5580,0,NORMAL
5581,0,NORMAL
5582,0,NORMAL
5583,0,NORMAL
5584,0,NORMAL
5585,0,NORMAL
5586,0,NORMAL
5587,0,NORMAL
5588,0,NORMAL
5589,0,NORMAL
5590,0,NORMAL
5591,0,NORMAL
5592,0,NORMAL
5593,0,NORMAL
5594,0,NORMAL
5595,0,NORMAL
5596,0,NORMAL
5597,0,NORMAL
5598,0,NORMAL
5599,0,NORMAL
5600,0,NORMAL
5601,0,NORMAL
5602,0,NORMAL
5603,0,NORMAL
5604,0,NORMAL
5605,0,NORMAL
5606,0,NORMAL
5607,0,NORMAL
5608,0,NORMAL
5609,0,NORMAL
5610,0,NORMAL
5611,0,NORMAL
5612,0,NORMAL
5613,0,NORMAL
5614,0,NORMAL
5615,0,NORMAL
5616,0,NORMAL
5617,0,NORMAL
5618,0,NORMAL
5619,0,NORMAL
5620,0,NORMAL
5621,0,NORMAL
5622,0,NORMAL
5623,0,NORMAL
5624,0,NORMAL
5625,0,NORMAL
5626,0,NORMAL
5627,0,NORMAL
5628,0,NORMAL
5629,0,NORMAL
5630,0,NORMAL
5631,0,NORMAL
5632,0,NORMAL
5633,0,NORMAL
5634,0,NORMAL
5635,0,NORMAL
5636,0,NORMAL
5637,0,NORMAL
5638,0,NORMAL
5639,0,NORMAL
5640,0,NORMAL
5641,0,NORMAL
5642,0,NORMAL
5643,0,NORMAL
5644,0,NORMAL
5645,0,NORMAL
5646,0,NORMAL
5647,0,NORMAL
5648,0,NORMAL
5649,0,NORMAL
5650,0,NORMAL
5651,0,NORMAL
5652,0,NORMAL
5653,0,NORMAL
5654,0,NORMAL
5655,0,NORMAL
5656,0,NORMAL
5657,0,NORMAL
5658,0,NORMAL
5659,0,NORMAL
5660,0,NORMAL
5661,0,NORMAL
5662,0,NORMAL
5663,0,NORMAL
5664,0,NORMAL
5665,0,NORMAL
5666,0,NORMAL
5667,0,NORMAL
5668,0,NORMAL
5669,0,NORMAL
5670,0,NORMAL
5671,0,NORMAL
5672,0,NORMAL
5673,0,NORMAL
5674,0,NORMAL
5675,0,NORMAL
5676,0,NORMAL
5677,0,NORMAL
5678,0,NORMAL
5679,0,NORMAL
5680,0,NORMAL
5681,0,NORMAL
5682,0,NORMAL
5683,0,NORMAL
5684,0,NORMAL
5685,0,NORMAL
5686,0,NORMAL
5687,0,NORMAL
5688,0,NORMAL
5689,0,NORMAL
5690,0,NORMAL
5691,0,NORMAL
5692,0,NORMAL
5693,0,NORMAL
5694,0,NORMAL
5695,0,NORMAL
5696,0,NORMAL
5697,0,NORMAL
5698,0,NORMAL
5699,0,NORMAL
5700,0,NORMAL
5701,0,NORMAL
5702,0,NORMAL
5703,0,NORMAL
5704,0,NORMAL
5705,0,NORMAL
5706,0,NORMAL
5707,0,NORMAL
5708,0,NORMAL
5709,0,NORMAL
5710,0,NORMAL
5711,0,NORMAL
5712,0,NORMAL
5713,0,NORMAL
5714,0,NORMAL
5715,0,NORMAL
5716,0,NORMAL
5717,0,NORMAL
5718,0,NORMAL
5719,0,NORMAL
5720,0,NORMAL
5721,0,NORMAL
5722,0,NORMAL
5723,0,NORMAL
5724,0,NORMAL
5725,0,NORMAL
5726,0,NORMAL
5727,0,NORMAL
5728,0,NORMAL
5729,0,NORMAL
5730,0,NORMAL
5731,0,NORMAL
5732,0,NORMAL
5733,0,NORMAL
5734,0,NORMAL
5735,0,NORMAL
5736,0,NORMAL
5737,0,NORMAL
5738,0,NORMAL
5739,0,NORMAL
5740,0,NORMAL
5741,0,NORMAL
5742,0,NORMAL
5743,0,NORMAL
5744,0,NORMAL
5745,0,NORMAL
5746,0,NORMAL
5747,0,NORMAL
5748,0,NORMAL
5749,0,NORMAL
5750,0,NORMAL
5751,0,NORMAL
5752,0,NORMAL
5753,0,NORMAL
5754,0,NORMAL
5755,0,NORMAL
5756,0,NORMAL
5757,0,NORMAL
5758,0,NORMAL
5759,0,NORMAL
5760,0,NORMAL
5761,0,NORMAL
5762,0,NORMAL
5763,0,NORMAL
5764,0,NORMAL
5765,0,NORMAL
5766,0,NORMAL
5767,0,NORMAL
5768,0,NORMAL
5769,0,NORMAL
5770,0,NORMAL
5771,0,NORMAL
5772,0,NORMAL
5773,0,NORMAL
5774,0,NORMAL
5775,0,NORMAL
5776,0,NORMAL
5777,0,NORMAL
5778,0,NORMAL
5779,0,NORMAL
5780,0,NORMAL
5781,0,NORMAL
5782,0,NORMAL
5783,0,NORMAL
5784,0,NORMAL
5785,0,NORMAL
5786,0,NORMAL
5787,0,NORMAL
5788,0,NORMAL
5789,0,NORMAL
5790,0,NORMAL
5791,0,NORMAL
5792,0,NORMAL
5793,0,NORMAL
5794,0,NORMAL
5795,0,NORMAL
5796,0,NORMAL
5797,0,NORMAL
5798,0,NORMAL
5799,0,NORMAL
5800,0,NORMAL
5801,0,NORMAL
5802,0,NORMAL
5803,0,NORMAL
5804,0,NORMAL
5805,0,NORMAL
5806,0,NORMAL
5807,0,NORMAL
5808,0,NORMAL
5809,0,NORMAL
5810,0,NORMAL
5811,0,NORMAL
5812,0,NORMAL
5813,0,NORMAL
5814,0,NORMAL
5815,0,NORMAL
5816,0,NORMAL
5817,0,NORMAL
5818,0,NORMAL
5819,0,NORMAL
5820,0,NORMAL
5821,0,NORMAL
5822,0,NORMAL
5823,0,NORMAL
5824,0,NORMAL
5825,0,NORMAL
5826,0,NORMAL
5827,0,NORMAL
5828,0,NORMAL
5829,0,NORMAL
5830,0,NORMAL
5831,0,NORMAL
5832,0,NORMAL
5833,0,NORMAL
5834,0,NORMAL
5835,0,NORMAL
5836,0,NORMAL
5837,0,NORMAL
5838,0,NORMAL
5839,0,NORMAL
5840,0,NORMAL
5841,0,NORMAL
5842,0,NORMAL
5843,0,NORMAL
5844,0,NORMAL
5845,0,NORMAL
5846,0,NORMAL
5847,0,NORMAL
5848,0,NORMAL
5849,0,NORMAL
5850,0,NORMAL
5851,0,NORMAL
5852,0,NORMAL
5853,0,NORMAL
5854,0,NORMAL
5855,0,NORMAL
5856,0,NORMAL
5857,0,NORMAL
5858,0,NORMAL
5859,0,NORMAL
5860,0,NORMAL
5861,0,NORMAL
5862,0,NORMAL
5863,0,NORMAL
5864,0,NORMAL
5865,0,NORMAL
5866,0,NORMAL
5867,0,NORMAL
5868,0,NORMAL
5869,0,NORMAL
5870,0,NORMAL
5871,0,NORMAL
5872,0,NORMAL
5873,0,NORMAL
5874,0,NORMAL
5875,0,NORMAL
5876,0,NORMAL
5877,0,NORMAL
5878,0,NORMAL
5879,0,NORMAL
5880,0,NORMAL
5881,0,NORMAL
5882,0,NORMAL
5883,0,NORMAL
5884,0,NORMAL
5885,0,NORMAL
5886,0,NORMAL
5887,0,NORMAL
5888,0,NORMAL
5889,0,NORMAL
5890,0,NORMAL
5891,0,NORMAL
5892,0,NORMAL
5893,0,NORMAL
5894,0,NORMAL
5895,0,NORMAL
5896,0,NORMAL
5897,0,NORMAL
5898,0,NORMAL
5899,0,NORMAL
5900,0,NORMAL
5901,0,NORMAL
5902,0,NORMAL
5903,0,NORMAL
5904,0,NORMAL
5905,0,NORMAL
5906,0,NORMAL
5907,0,NORMAL
5908,0,NORMAL
5909,0,NORMAL
5910,0,NORMAL
5911,0,NORMAL
5912,0,NORMAL
5913,0,NORMAL
5914,0,NORMAL
5915,0,NORMAL
5916,0,NORMAL
5917,0,NORMAL
5918,0,NORMAL
5919,0,NORMAL
5920,0,NORMAL
5921,0,NORMAL
5922,0,NORMAL
5923,0,NORMAL
5924,0,NORMAL
5925,0,NORMAL
5926,0,NORMAL
5927,0,NORMAL
5928,0,NORMAL
5929,0,NORMAL
5930,0,NORMAL
5931,0,NORMAL
5932,0,NORMAL
5933,0,NORMAL
5934,0,NORMAL
5935,0,NORMAL
5936,0,NORMAL
5937,0,NORMAL
5938,0,NORMAL
5939,0,NORMAL
5940,0,NORMAL
5941,0,NORMAL
5942,0,NORMAL
5943,0,NORMAL
5944,0,NORMAL
5945,0,NORMAL
5946,0,NORMAL
5947,0,NORMAL
5948,0,NORMAL
5949,0,NORMAL
5950,0,NORMAL
5951,0,NORMAL
5952,0,NORMAL
5953,0,NORMAL
5954,0,NORMAL
5955,0,NORMAL
5956,0,NORMAL
5957,0,NORMAL
5958,0,NORMAL
5959,0,NORMAL
5960,0,NORMAL
5961,0,NORMAL
5962,0,NORMAL
5963,0,NORMAL
5964,0,NORMAL
5965,0,NORMAL
5966,0,NORMAL
5967,0,NORMAL
5968,0,NORMAL
5969,0,NORMAL
5970,0,NORMAL
5971,0,NORMAL
5972,0,NORMAL
5973,0,NORMAL
5974,0,NORMAL
5975,0,NORMAL
5976,0,NORMAL
5977,0,NORMAL
5978,0,NORMAL
5979,0,NORMAL
5980,0,NORMAL
5981,0,NORMAL
5982,0,NORMAL
5983,0,NORMAL
5984,0,NORMAL
5985,0,NORMAL
5986,0,NORMAL
5987,0,NORMAL
5988,0,NORMAL
5989,0,NORMAL
5990,0,NORMAL
5991,0,NORMAL
5992,0,NORMAL
5993,0,NORMAL
5994,0,NORMAL
5995,0,NORMAL
5996,0,NORMAL
5997,0,NORMAL
5998,0,NORMAL
5999,0,NORMAL
6000,0,NORMAL
6001,0,NORMAL
6002,0,NORMAL
6003,0,NORMAL
6004,0,NORMAL
6005,0,NORMAL
6006,0,NORMAL
6007,0,NORMAL
6008,0,NORMAL
6009,0,NORMAL
6010,0,NORMAL
6011,0,NORMAL
6012,0,NORMAL
6013,0,NORMAL
6014,0,NORMAL
6015,0,NORMAL
6016,0,NORMAL
6017,0,NORMAL
6018,0,NORMAL
6019,0,NORMAL
6020,0,NORMAL
6021,0,NORMAL
6022,0,NORMAL
6023,0,NORMAL
6024,0,NORMAL
6025,0,NORMAL
6026,0,NORMAL
6027,0,NORMAL
6028,0,NORMAL
6029,0,NORMAL
6030,0,NORMAL
6031,0,NORMAL
6032,0,NORMAL
6033,0,NORMAL
6034,0,NORMAL
6035,0,NORMAL
6036,0,NORMAL
6037,0,NORMAL
6038,0,NORMAL
6039,0,NORMAL
6040,0,NORMAL
6041,0,NORMAL
6042,0,NORMAL
6043,0,NORMAL
6044,0,NORMAL
6045,0,NORMAL
6046,0,NORMAL
6047,0,NORMAL
6048,0,NORMAL
6049,0,NORMAL
6050,0,NORMAL
6051,0,NORMAL
6052,0,NORMAL
6053,0,NORMAL
6054,0,NORMAL
6055,0,NORMAL
6056,0,NORMAL
6057,0,NORMAL
6058,0,NORMAL
6059,0,NORMAL
6060,0,NORMAL
6061,0,NORMAL
6062,0,NORMAL
6063,0,NORMAL
6064,0,NORMAL
6065,0,NORMAL
6066,0,NORMAL
6067,0,NORMAL
6068,0,NORMAL
6069,0,NORMAL
6070,0,NORMAL
6071,0,NORMAL
6072,0,NORMAL
6073,0,NORMAL
6074,0,NORMAL
6075,0,NORMAL
6076,0,NORMAL
6077,0,NORMAL
6078,0,NORMAL
6079,0,NORMAL
6080,0,NORMAL
6081,0,NORMAL
6082,0,NORMAL
6083,0,NORMAL
6084,0,NORMAL
6085,0,NORMAL
6086,0,NORMAL
6087,0,NORMAL
6088,0,NORMAL
6089,0,NORMAL
6090,0,NORMAL
6091,0,NORMAL
6092,0,NORMAL
6093,0,NORMAL
6094,0,NORMAL
6095,0,NORMAL
6096,0,NORMAL
6097,0,NORMAL
6098,0,NORMAL
6099,0,NORMAL
6100,0,NORMAL
6101,0,NORMAL
6102,0,NORMAL
6103,0,NORMAL
6104,0,NORMAL
6105,0,NORMAL
6106,0,NORMAL
6107,0,NORMAL
6108,0,NORMAL
6109,0,NORMAL
6110,0,NORMAL
6111,0,NORMAL
6112,0,NORMAL
6113,0,NORMAL
6114,0,NORMAL
6115,0,NORMAL
6116,0,NORMAL
6117,0,NORMAL
6118,0,NORMAL
6119,0,NORMAL
6120,0,NORMAL
6121,0,NORMAL
6122,0,NORMAL
6123,0,NORMAL
6124,0,NORMAL
6125,0,NORMAL
6126,0,NORMAL
6127,0,NORMAL
6128,0,NORMAL
6129,0,NORMAL
6130,0,NORMAL
6131,0,NORMAL
6132,0,NORMAL
6133,0,NORMAL
6134,0,NORMAL
6135,0,NORMAL
6136,0,NORMAL
6137,0,NORMAL
6138,0,NORMAL
6139,0,NORMAL
6140,0,NORMAL
6141,0,NORMAL
6142,0,NORMAL
6143,0,NORMAL
6144,0,NORMAL
6145,0,NORMAL
6146,0,NORMAL
6147,0,NORMAL
6148,0,NORMAL
6149,0,NORMAL
6150,0,NORMAL
6151,0,NORMAL
6152,0,NORMAL
6153,0,NORMAL
6154,0,NORMAL
6155,0,NORMAL
6156,0,NORMAL
6157,0,NORMAL
6158,0,NORMAL
6159,0,NORMAL
6160,0,NORMAL
6161,0,NORMAL
6162,0,NORMAL
6163,0,NORMAL
6164,0,NORMAL
6165,0,NORMAL
6166,0,NORMAL
6167,0,NORMAL
6168,0,NORMAL
6169,0,NORMAL
6170,0,NORMAL
6171,0,NORMAL
6172,0,NORMAL
6173,0,NORMAL
6174,0,NORMAL
6175,0,NORMAL
6176,0,NORMAL
6177,0,NORMAL
6178,0,NORMAL
6179,0,NORMAL
6180,0,NORMAL
6181,0,NORMAL
6182,0,NORMAL
6183,0,NORMAL
6184,0,NORMAL
6185,0,NORMAL
6186,0,NORMAL
6187,0,NORMAL
6188,0,NORMAL
6189,0,NORMAL
6190,0,NORMAL
6191,0,NORMAL
6192,0,NORMAL
6193,0,NORMAL
6194,0,NORMAL
6195,0,NORMAL
6196,0,NORMAL
6197,0,NORMAL
6198,0,NORMAL
6199,0,NORMAL
6200,0,NORMAL
6201,0,NORMAL
6202,0,NORMAL
6203,0,NORMAL
6204,0,NORMAL
6205,0,NORMAL
6206,0,NORMAL
6207,0,NORMAL
6208,0,NORMAL
6209,0,NORMAL
6210,0,NORMAL
6211,0,NORMAL
6212,0,NORMAL
6213,0,NORMAL
6214,0,NORMAL
6215,0,NORMAL
6216,0,NORMAL
6217,0,NORMAL
6218,0,NORMAL
6219,0,NORMAL
6220,0,NORMAL
6221,0,NORMAL
6222,0,NORMAL
6223,0,NORMAL
6224,0,NORMAL
6225,0,NORMAL
6226,0,NORMAL
6227,0,NORMAL
6228,0,NORMAL
6229,0,NORMAL
6230,0,NORMAL
6231,0,NORMAL
6232,0,NORMAL
6233,0,NORMAL
6234,0,NORMAL
6235,0,NORMAL
6236,0,NORMAL
6237,0,NORMAL
6238,0,NORMAL
6239,0,NORMAL
6240,0,NORMAL
6241,0,NORMAL
6242,0,NORMAL
6243,0,NORMAL
6244,0,NORMAL
6245,0,NORMAL
6246,0,NORMAL
6247,0,NORMAL
6248,0,NORMAL
6249,0,NORMAL
6250,0,NORMAL
6251,0,NORMAL
6252,0,NORMAL
6253,0,NORMAL
6254,0,NORMAL
6255,0,NORMAL
6256,0,NORMAL
6257,0,NORMAL
6258,0,NORMAL
6259,0,NORMAL
6260,0,NORMAL
6261,0,NORMAL
6262,0,NORMAL
6263,0,NORMAL
6264,0,NORMAL
6265,0,NORMAL
6266,0,NORMAL
6267,0,NORMAL
6268,0,NORMAL
6269,0,NORMAL
6270,0,NORMAL
6271,0,NORMAL
6272,0,NORMAL
6273,0,NORMAL
6274,0,NORMAL
6275,0,NORMAL
6276,0,NORMAL
6277,0,NORMAL
6278,0,NORMAL
6279,0,NORMAL
6280,0,NORMAL
6281,0,NORMAL
6282,0,NORMAL
6283,0,NORMAL
6284,0,NORMAL
6285,0,NORMAL
6286,0,NORMAL
6287,0,NORMAL
6288,0,NORMAL
6289,0,NORMAL
6290,0,NORMAL
6291,0,NORMAL
6292,0,NORMAL
6293,0,NORMAL
6294,0,NORMAL
6295,0,NORMAL
6296,0,NORMAL
6297,0,NORMAL
6298,0,NORMAL
6299,0,NORMAL
6300,0,NORMAL
6301,0,NORMAL
6302,0,NORMAL
6303,0,NORMAL
6304,0,NORMAL
6305,0,NORMAL
6306,0,NORMAL
6307,0,NORMAL
6308,0,NORMAL
6309,0,NORMAL
6310,0,NORMAL
6311,0,NORMAL
6312,0,NORMAL
6313,0,NORMAL
6314,0,NORMAL
6315,0,NORMAL
6316,0,NORMAL
6317,0,NORMAL
6318,0,NORMAL
6319,0,NORMAL
6320,0,NORMAL
6321,0,NORMAL
6322,0,NORMAL
6323,0,NORMAL
6324,0,NORMAL
6325,0,NORMAL
6326,0,NORMAL
6327,0,NORMAL
6328,0,NORMAL
6329,0,NORMAL
6330,0,NORMAL
6331,0,NORMAL
6332,0,NORMAL
6333,0,NORMAL
6334,0,NORMAL
6335,0,NORMAL
6336,0,NORMAL
6337,0,NORMAL
6338,0,NORMAL
6339,0,NORMAL
6340,0,NORMAL
6341,0,NORMAL
6342,0,NORMAL
6343,0,NORMAL
6344,0,NORMAL
6345,0,NORMAL
6346,0,NORMAL
6347,0,NORMAL
6348,0,NORMAL
6349,0,NORMAL
6350,0,NORMAL
6351,0,NORMAL
6352,0,NORMAL
6353,0,NORMAL
6354,0,NORMAL
6355,0,NORMAL
6356,0,NORMAL
6357,0,NORMAL
6358,0,NORMAL
6359,0,NORMAL
6360,0,NORMAL
6361,0,NORMAL
6362,0,NORMAL
6363,0,NORMAL
6364,0,NORMAL
6365,0,NORMAL
6366,0,NORMAL
6367,0,NORMAL
6368,0,NORMAL
6369,0,NORMAL
6370,0,NORMAL
6371,0,NORMAL
6372,0,NORMAL
6373,0,NORMAL
6374,0,NORMAL
6375,0,NORMAL
6376,0,NORMAL
6377,0,NORMAL
6378,0,NORMAL
6379,0,NORMAL
6380,0,NORMAL
6381,0,NORMAL
6382,0,NORMAL
6383,0,NORMAL
6384,0,NORMAL
6385,0,NORMAL
6386,0,NORMAL
6387,0,NORMAL
6388,0,NORMAL
6389,0,NORMAL
6390,0,NORMAL
6391,0,NORMAL
6392,0,NORMAL
6393,0,NORMAL
6394,0,NORMAL
6395,0,NORMAL
6396,0,NORMAL
6397,0,NORMAL
6398,0,NORMAL
6399,0,NORMAL
6400,0,NORMAL
6401,0,NORMAL
6402,0,NORMAL
6403,0,NORMAL
6404,0,NORMAL
6405,0,NORMAL
6406,0,NORMAL
6407,0,NORMAL
6408,0,NORMAL
6409,0,NORMAL
6410,0,NORMAL
6411,0,NORMAL
6412,0,NORMAL
6413,0,NORMAL
6414,0,NORMAL
6415,0,NORMAL
6416,0,NORMAL
6417,0,NORMAL
6418,0,NORMAL
6419,0,NORMAL
6420,0,NORMAL
6421,0,NORMAL
6422,0,NORMAL
6423,0,NORMAL
6424,0,NORMAL
6425,0,NORMAL
6426,0,NORMAL
6427,0,NORMAL
6428,0,NORMAL
6429,0,NORMAL
6430,0,NORMAL
6431,0,NORMAL
6432,0,NORMAL
6433,0,NORMAL
6434,0,NORMAL
6435,0,NORMAL
6436,0,NORMAL
6437,0,NORMAL
6438,0,NORMAL
6439,0,NORMAL
6440,0,NORMAL
6441,0,NORMAL
6442,0,NORMAL
6443,0,NORMAL
6444,0,NORMAL
6445,0,NORMAL
6446,0,NORMAL
6447,0,NORMAL
6448,0,NORMAL
6449,0,NORMAL
6450,0,NORMAL
6451,0,NORMAL
6452,0,NORMAL
6453,0,NORMAL
6454,0,NORMAL
6455,0,NORMAL
6456,0,NORMAL
6457,0,NORMAL
6458,0,NORMAL
6459,0,NORMAL
6460,0,NORMAL
6461,0,NORMAL
6462,0,NORMAL
6463,0,NORMAL
6464,0,NORMAL
6465,0,NORMAL
6466,0,NORMAL
6467,0,NORMAL
6468,0,NORMAL
6469,0,NORMAL
6470,0,NORMAL
6471,0,NORMAL
6472,0,NORMAL
6473,0,NORMAL
6474,0,NORMAL
6475,0,NORMAL
6476,0,NORMAL
6477,0,NORMAL
6478,0,NORMAL
6479,0,NORMAL
6480,0,NORMAL
6481,0,NORMAL
6482,0,NORMAL
6483,0,NORMAL
6484,0,NORMAL
6485,0,NORMAL
6486,0,NORMAL
6487,0,NORMAL
6488,0,NORMAL
6489,0,NORMAL
6490,0,NORMAL
6491,0,NORMAL
6492,0,NORMAL
6493,0,NORMAL
6494,0,NORMAL
6495,0,NORMAL
6496,0,NORMAL
6497,0,NORMAL
6498,0,NORMAL
6499,0,NORMAL
6500,0,NORMAL
6501,0,NORMAL
6502,0,NORMAL
6503,0,NORMAL
6504,0,NORMAL
6505,0,NORMAL
6506,0,NORMAL
6507,0,NORMAL
6508,0,NORMAL
6509,0,NORMAL
6510,0,NORMAL
6511,0,NORMAL
6512,0,NORMAL
6513,0,NORMAL
6514,0,NORMAL
6515,0,NORMAL
6516,0,NORMAL
6517,0,NORMAL
6518,0,NORMAL
6519,0,NORMAL
6520,0,NORMAL
6521,0,NORMAL
6522,0,NORMAL
6523,0,NORMAL
6524,0,NORMAL
6525,0,NORMAL
6526,0,NORMAL
6527,0,NORMAL
6528,0,NORMAL
6529,0,NORMAL
6530,0,NORMAL
6531,0,NORMAL
6532,0,NORMAL
6533,0,NORMAL
6534,0,NORMAL
6535,0,NORMAL
6536,0,NORMAL
6537,0,NORMAL
6538,0,NORMAL
6539,0,NORMAL
6540,0,NORMAL
6541,0,NORMAL
6542,0,NORMAL
6543,0,NORMAL
6544,0,NORMAL
6545,0,NORMAL
6546,0,NORMAL
6547,0,NORMAL
6548,0,NORMAL
6549,0,NORMAL
6550,0,NORMAL
6551,0,NORMAL
6552,0,NORMAL
6553,0,NORMAL
6554,0,NORMAL
6555,0,NORMAL
6556,0,NORMAL
6557,0,NORMAL
6558,0,NORMAL
6559,0,NORMAL
6560,0,NORMAL
6561,0,NORMAL
6562,0,NORMAL
6563,0,NORMAL
6564,0,NORMAL
6565,0,NORMAL
6566,0,NORMAL
6567,0,NORMAL
6568,0,NORMAL
6569,0,NORMAL
6570,0,NORMAL
6571,0,NORMAL
6572,0,NORMAL
6573,0,NORMAL
6574,0,NORMAL
6575,0,NORMAL
6576,0,NORMAL
6577,0,NORMAL
6578,0,NORMAL
6579,0,NORMAL
6580,0,NORMAL
6581,0,NORMAL
6582,0,NORMAL
6583,0,NORMAL
6584,0,NORMAL
6585,0,NORMAL
6586,0,NORMAL
6587,0,NORMAL
6588,0,NORMAL
6589,0,NORMAL
6590,0,NORMAL
6591,0,NORMAL
6592,0,NORMAL
6593,0,NORMAL
6594,0,NORMAL
6595,0,NORMAL
6596,0,NORMAL
6597,0,NORMAL
6598,0,NORMAL
6599,0,NORMAL
6600,0,NORMAL
6601,0,NORMAL
6602,0,NORMAL
6603,0,NORMAL
6604,0,NORMAL
6605,0,NORMAL
6606,0,NORMAL
6607,0,NORMAL
6608,0,NORMAL
6609,0,NORMAL
6610,0,NORMAL
6611,0,NORMAL
6612,0,NORMAL
6613,0,NORMAL
6614,0,NORMAL
6615,0,NORMAL
6616,0,NORMAL
6617,0,NORMAL
6618,0,NORMAL
6619,0,NORMAL
6620,0,NORMAL
6621,0,NORMAL
6622,0,NORMAL
6623,0,NORMAL
6624,0,NORMAL
6625,0,NORMAL
6626,0,NORMAL
6627,0,NORMAL
6628,0,NORMAL
6629,0,NORMAL
6630,0,NORMAL
6631,0,NORMAL
6632,0,NORMAL
6633,0,NORMAL
6634,0,NORMAL
6635,0,NORMAL
6636,0,NORMAL
6637,0,NORMAL
6638,0,NORMAL
6639,0,NORMAL
6640,0,NORMAL
6641,0,NORMAL
6642,0,NORMAL
6643,0,NORMAL
6644,0,NORMAL
6645,0,NORMAL
6646,0,NORMAL
6647,0,NORMAL
6648,0,NORMAL
6649,0,NORMAL
6650,0,NORMAL
6651,0,NORMAL
6652,0,NORMAL
6653,0,NORMAL
6654,0,NORMAL
6655,0,NORMAL
6656,0,NORMAL
6657,0,NORMAL
6658,0,NORMAL
6659,0,NORMAL
6660,0,NORMAL
6661,0,NORMAL
6662,0,NORMAL
6663,0,NORMAL
6664,0,NORMAL
6665,0,NORMAL
6666,0,NORMAL
6667,0,NORMAL
6668,0,NORMAL
6669,0,NORMAL
6670,0,NORMAL
6671,0,NORMAL
6672,0,NORMAL
6673,0,NORMAL
6674,0,NORMAL
6675,0,NORMAL
6676,0,NORMAL
6677,0,NORMAL
6678,0,NORMAL
6679,0,NORMAL
6680,0,NORMAL
6681,0,NORMAL
6682,0,NORMAL
6683,0,NORMAL
6684,0,NORMAL
6685,0,NORMAL
6686,0,NORMAL
6687,0,NORMAL
6688,0,NORMAL
6689,0,NORMAL
6690,0,NORMAL
6691,0,NORMAL
6692,0,NORMAL
6693,0,NORMAL
6694,0,NORMAL
6695,0,NORMAL
6696,0,NORMAL
6697,0,NORMAL
6698,0,NORMAL
6699,0,NORMAL
6700,0,NORMAL
6701,0,NORMAL
6702,0,NORMAL
6703,0,NORMAL
6704,0,NORMAL
6705,0,NORMAL
6706,0,NORMAL
6707,0,NORMAL
6708,0,NORMAL
6709,0,NORMAL
6710,0,NORMAL
6711,0,NORMAL
6712,0,NORMAL
6713,0,NORMAL
6714,0,NORMAL
6715,0,NORMAL
6716,0,NORMAL
6717,0,NORMAL
6718,0,NORMAL
6719,0,NORMAL
6720,0,NORMAL
6721,0,NORMAL
6722,0,NORMAL
6723,0,NORMAL
6724,0,NORMAL
6725,0,NORMAL
6726,0,NORMAL
6727,0,NORMAL
6728,0,NORMAL
6729,0,NORMAL
6730,0,NORMAL
6731,0,NORMAL
6732,0,NORMAL
6733,0,NORMAL
6734,0,NORMAL
6735,0,NORMAL
6736,0,NORMAL
6737,0,NORMAL
6738,0,NORMAL
6739,0,NORMAL
6740,0,NORMAL
6741,0,NORMAL
6742,0,NORMAL
6743,0,NORMAL
6744,0,NORMAL
6745,0,NORMAL
6746,0,NORMAL
6747,0,NORMAL
6748,0,NORMAL
6749,0,NORMAL
6750,0,NORMAL
6751,0,NORMAL
6752,0,NORMAL
6753,0,NORMAL
6754,0,NORMAL
6755,0,NORMAL
6756,0,NORMAL
6757,0,NORMAL
6758,0,NORMAL
6759,0,NORMAL
6760,0,NORMAL
6761,0,NORMAL
6762,0,NORMAL
6763,0,NORMAL
6764,0,NORMAL
6765,0,NORMAL
6766,0,NORMAL
6767,0,NORMAL
6768,0,NORMAL
6769,0,NORMAL
6770,0,NORMAL
6771,0,NORMAL
6772,0,NORMAL
6773,0,NORMAL
6774,0,NORMAL
6775,0,NORMAL
6776,0,NORMAL
6777,0,NORMAL
6778,0,NORMAL
6779,0,NORMAL
6780,0,NORMAL
6781,0,NORMAL
6782,0,NORMAL
6783,0,NORMAL
6784,0,NORMAL
6785,0,NORMAL
6786,0,NORMAL
6787,0,NORMAL
6788,0,NORMAL
6789,0,NORMAL
6790,0,NORMAL
6791,0,NORMAL
6792,0,NORMAL
6793,0,NORMAL
6794,0,NORMAL
6795,0,NORMAL
6796,0,NORMAL
6797,0,NORMAL
6798,0,NORMAL
6799,0,NORMAL
6800,0,NORMAL
6801,0,NORMAL
6802,0,NORMAL
6803,0,NORMAL
6804,0,NORMAL
6805,0,NORMAL
6806,0,NORMAL
6807,0,NORMAL
6808,0,NORMAL
6809,0,NORMAL
6810,0,NORMAL
6811,0,NORMAL
6812,0,NORMAL
6813,0,NORMAL
6814,0,NORMAL
6815,0,NORMAL
6816,0,NORMAL
6817,0,NORMAL
6818,0,NORMAL
6819,0,NORMAL
6820,0,NORMAL
6821,0,NORMAL
6822,0,NORMAL
6823,0,NORMAL
6824,0,NORMAL
6825,0,NORMAL
6826,0,NORMAL
6827,0,NORMAL
6828,0,NORMAL
6829,0,NORMAL
6830,0,NORMAL
6831,0,NORMAL
6832,0,NORMAL
6833,0,NORMAL
6834,0,NORMAL
6835,0,NORMAL
6836,0,NORMAL
6837,0,NORMAL
6838,0,NORMAL
6839,0,NORMAL
6840,0,NORMAL
6841,0,NORMAL
6842,0,NORMAL
6843,0,NORMAL
6844,0,NORMAL
6845,0,NORMAL
6846,0,NORMAL
6847,0,NORMAL
6848,0,NORMAL
6849,0,NORMAL
6850,0,NORMAL
6851,0,NORMAL
6852,0,NORMAL
6853,0,NORMAL
6854,0,NORMAL
6855,0,NORMAL
6856,0,NORMAL
6857,0,NORMAL
6858,0,NORMAL
6859,0,NORMAL
6860,0,NORMAL
6861,0,NORMAL
6862,0,NORMAL
6863,0,NORMAL
6864,0,NORMAL
6865,0,NORMAL
6866,0,NORMAL
6867,0,NORMAL
6868,0,NORMAL
6869,0,NORMAL
6870,0,NORMAL
6871,0,NORMAL
6872,0,NORMAL
6873,0,NORMAL
6874,0,NORMAL
6875,0,NORMAL
6876,0,NORMAL
6877,0,NORMAL
6878,0,NORMAL
6879,0,NORMAL
6880,0,NORMAL
6881,0,NORMAL
6882,0,NORMAL
6883,0,NORMAL
6884,0,NORMAL
6885,0,NORMAL
6886,0,NORMAL
6887,0,NORMAL
6888,0,NORMAL
6889,0,NORMAL
6890,0,NORMAL
6891,0,NORMAL
6892,0,NORMAL
6893,0,NORMAL
6894,0,NORMAL
6895,0,NORMAL
6896,0,NORMAL
6897,0,NORMAL
6898,0,NORMAL
6899,0,NORMAL
6900,0,NORMAL
6901,0,NORMAL
6902,0,NORMAL
6903,0,NORMAL
6904,0,NORMAL
6905,0,NORMAL
6906,0,NORMAL
6907,0,NORMAL
6908,0,NORMAL
6909,0,NORMAL
6910,0,NORMAL
6911,0,NORMAL
6912,0,NORMAL
6913,0,NORMAL
6914,0,NORMAL
6915,0,NORMAL
6916,0,NORMAL
6917,0,NORMAL
6918,0,NORMAL
6919,0,NORMAL
6920,0,NORMAL
6921,0,NORMAL
6922,0,NORMAL
6923,0,NORMAL
6924,0,NORMAL
6925,0,NORMAL
6926,0,NORMAL
6927,0,NORMAL
6928,0,NORMAL
6929,0,NORMAL
6930,0,NORMAL
6931,0,NORMAL
6932,0,NORMAL
6933,0,NORMAL
6934,0,NORMAL
6935,0,NORMAL
6936,0,NORMAL
6937,0,NORMAL
6938,0,NORMAL
6939,0,NORMAL
6940,0,NORMAL
6941,0,NORMAL
6942,0,NORMAL
6943,0,NORMAL
6944,0,NORMAL
6945,0,NORMAL
6946,0,NORMAL
6947,0,NORMAL
6948,0,NORMAL
6949,0,NORMAL
6950,0,NORMAL
6951,0,NORMAL
6952,0,NORMAL
6953,0,NORMAL
6954,0,NORMAL
6955,0,NORMAL
6956,0,NORMAL
6957,0,NORMAL
6958,0,NORMAL
6959,0,NORMAL
6960,0,NORMAL
6961,0,NORMAL
6962,0,NORMAL
6963,0,NORMAL
6964,0,NORMAL
6965,0,NORMAL
6966,0,NORMAL
6967,0,NORMAL
6968,0,NORMAL
6969,0,NORMAL
6970,0,NORMAL
6971,0,NORMAL
6972,0,NORMAL
6973,0,NORMAL
6974,0,NORMAL
6975,0,NORMAL
6976,0,NORMAL
6977,0,NORMAL
6978,0,NORMAL
6979,0,NORMAL
6980,0,NORMAL
6981,0,NORMAL
6982,0,NORMAL
6983,0,NORMAL
6984,0,NORMAL
6985,0,NORMAL
6986,0,NORMAL
6987,0,NORMAL
6988,0,NORMAL
6989,0,NORMAL
6990,0,NORMAL
6991,0,NORMAL
6992,0,NORMAL
6993,0,NORMAL
6994,0,NORMAL
6995,0,NORMAL
6996,0,NORMAL
6997,0,NORMAL
6998,0,NORMAL
6999,0,NORMAL
7000,0,NORMAL
7001,0,NORMAL
7002,0,NORMAL
7003,0,NORMAL
7004,0,NORMAL
7005,0,NORMAL
7006,0,NORMAL
7007,0,NORMAL
7008,0,NORMAL
7009,0,NORMAL
7010,0,NORMAL
7011,0,NORMAL
7012,0,NORMAL
7013,0,NORMAL
7014,0,NORMAL
7015,0,NORMAL
7016,0,NORMAL
7017,0,NORMAL
7018,0,NORMAL
7019,0,NORMAL
7020,0,NORMAL
7021,0,NORMAL
7022,0,NORMAL
7023,0,NORMAL
7024,0,NORMAL
7025,0,NORMAL
7026,0,NORMAL
7027,0,NORMAL
7028,0,NORMAL
7029,0,NORMAL
7030,0,NORMAL
7031,0,NORMAL
7032,0,NORMAL
7033,0,NORMAL
7034,0,NORMAL
7035,0,NORMAL
7036,0,NORMAL
7037,0,NORMAL
7038,0,NORMAL
7039,0,NORMAL
7040,0,NORMAL
7041,0,NORMAL
7042,0,NORMAL
7043,0,NORMAL
7044,0,NORMAL
7045,0,NORMAL
7046,0,NORMAL
7047,0,NORMAL
7048,0,NORMAL
7049,0,NORMAL
7050,0,NORMAL
7051,0,NORMAL
7052,0,NORMAL
7053,0,NORMAL
7054,0,NORMAL
7055,0,NORMAL
7056,0,NORMAL
7057,0,NORMAL
7058,0,NORMAL
7059,0,NORMAL
7060,0,NORMAL
7061,0,NORMAL
7062,0,NORMAL
7063,0,NORMAL
7064,0,NORMAL
7065,0,NORMAL
7066,0,NORMAL
7067,0,NORMAL
7068,0,NORMAL
7069,0,NORMAL
7070,0,NORMAL
7071,0,NORMAL
7072,0,NORMAL
7073,0,NORMAL
7074,0,NORMAL
7075,0,NORMAL
7076,0,NORMAL
7077,0,NORMAL
7078,0,NORMAL
7079,0,NORMAL
7080,0,NORMAL
7081,0,NORMAL
7082,0,NORMAL
7083,0,NORMAL
7084,0,NORMAL
7085,0,NORMAL
7086,0,NORMAL
7087,0,NORMAL
7088,0,NORMAL
7089,0,NORMAL
7090,0,NORMAL
7091,0,NORMAL
7092,0,NORMAL
7093,0,NORMAL
7094,0,NORMAL
7095,0,NORMAL
7096,0,NORMAL
7097,0,NORMAL
7098,0,NORMAL
7099,0,NORMAL
7100,0,NORMAL
7101,0,NORMAL
7102,0,NORMAL
7103,0,NORMAL
7104,0,NORMAL
7105,0,NORMAL
7106,0,NORMAL
7107,0,NORMAL
7108,0,NORMAL
7109,0,NORMAL
7110,0,NORMAL
7111,0,NORMAL
7112,0,NORMAL
7113,0,NORMAL
7114,0,NORMAL
7115,0,NORMAL
7116,0,NORMAL
7117,0,NORMAL
7118,0,NORMAL
7119,0,NORMAL
7120,0,NORMAL
7121,0,NORMAL
7122,0,NORMAL
7123,0,NORMAL
7124,0,NORMAL
7125,0,NORMAL
7126,0,NORMAL
7127,0,NORMAL
7128,0,NORMAL
7129,0,NORMAL
7130,0,NORMAL
7131,0,NORMAL
7132,0,NORMAL
7133,0,NORMAL
7134,0,NORMAL
7135,0,NORMAL
7136,0,NORMAL
7137,0,NORMAL
7138,0,NORMAL
7139,0,NORMAL
7140,0,NORMAL
7141,0,NORMAL
7142,0,NORMAL
7143,0,NORMAL
7144,0,NORMAL
7145,0,NORMAL
7146,0,NORMAL
7147,0,NORMAL
7148,0,NORMAL
7149,0,NORMAL
7150,0,NORMAL
7151,0,NORMAL
7152,0,NORMAL
7153,0,NORMAL
7154,0,NORMAL
7155,0,NORMAL
7156,0,NORMAL
7157,0,NORMAL
7158,0,NORMAL
7159,0,NORMAL
7160,0,NORMAL
7161,0,NORMAL
7162,0,NORMAL
7163,0,NORMAL
7164,0,NORMAL
7165,0,NORMAL
7166,0,NORMAL
7167,0,NORMAL
7168,0,NORMAL
7169,0,NORMAL
7170,0,NORMAL
7171,0,NORMAL
7172,0,NORMAL
7173,0,NORMAL
7174,0,NORMAL
7175,0,NORMAL
7176,0,NORMAL
7177,0,NORMAL
7178,0,NORMAL
7179,0,NORMAL
7180,0,NORMAL
7181,0,NORMAL
7182,0,NORMAL
7183,0,NORMAL
7184,0,NORMAL
7185,0,NORMAL
7186,0,NORMAL
7187,0,NORMAL
7188,0,NORMAL
7189,0,NORMAL
7190,0,NORMAL
7191,0,NORMAL
7192,0,NORMAL
7193,0,NORMAL
7194,0,NORMAL
7195,0,NORMAL
7196,0,NORMAL
7197,0,NORMAL
7198,0,NORMAL
7199,0,NORMAL
7200,0,NORMAL
7201,0,NORMAL
7202,0,NORMAL
7203,0,NORMAL
7204,0,NORMAL
7205,0,NORMAL
7206,0,NORMAL
7207,0,NORMAL
7208,0,NORMAL
7209,0,NORMAL
7210,0,NORMAL
7211,0,NORMAL
7212,0,NORMAL
7213,0,NORMAL
7214,0,NORMAL
7215,0,NORMAL
7216,0,NORMAL
7217,0,NORMAL
7218,0,NORMAL
7219,0,NORMAL
7220,0,NORMAL
7221,0,NORMAL
7222,0,NORMAL
7223,0,NORMAL
7224,0,NORMAL
7225,0,NORMAL
7226,0,NORMAL
7227,0,NORMAL
7228,0,NORMAL
7229,0,NORMAL
7230,0,NORMAL
7231,0,NORMAL
7232,0,NORMAL
7233,0,NORMAL
7234,0,NORMAL
7235,0,NORMAL
7236,0,NORMAL
7237,0,NORMAL
7238,0,NORMAL
7239,0,NORMAL
7240,0,NORMAL
7241,0,NORMAL
7242,0,NORMAL
7243,0,NORMAL
7244,0,NORMAL
7245,0,NORMAL
7246,0,NORMAL
7247,0,NORMAL
7248,0,NORMAL
7249,0,NORMAL
7250,0,NORMAL
7251,0,NORMAL
7252,0,NORMAL
7253,0,NORMAL
7254,0,NORMAL
7255,0,NORMAL
7256,0,NORMAL
7257,0,NORMAL
7258,0,NORMAL
7259,0,NORMAL
7260,0,NORMAL
7261,0,NORMAL
7262,0,NORMAL
7263,0,NORMAL
7264,0,NORMAL
7265,0,NORMAL
7266,0,NORMAL
7267,0,NORMAL
7268,0,NORMAL
7269,0,NORMAL
7270,0,NORMAL
7271,0,NORMAL
7272,0,NORMAL
7273,0,NORMAL
7274,0,NORMAL
7275,0,NORMAL
7276,0,NORMAL
7277,0,NORMAL
7278,0,NORMAL
7279,0,NORMAL
7280,0,NORMAL
7281,0,NORMAL
7282,0,NORMAL
7283,0,NORMAL
7284,0,NORMAL
7285,0,NORMAL
7286,0,NORMAL
7287,0,NORMAL
7288,0,NORMAL
7289,0,NORMAL
7290,0,NORMAL
7291,0,NORMAL
7292,0,NORMAL
7293,0,NORMAL
7294,0,NORMAL
7295,0,NORMAL
7296,0,NORMAL
7297,0,NORMAL
7298,0,NORMAL
7299,0,NORMAL
7300,0,NORMAL
7301,0,NORMAL
7302,0,NORMAL
7303,0,NORMAL
7304,0,NORMAL
7305,0,NORMAL
7306,0,NORMAL
7307,0,NORMAL
7308,0,NORMAL
7309,0,NORMAL
7310,0,NORMAL
7311,0,NORMAL
7312,0,NORMAL
7313,0,NORMAL
7314,0,NORMAL
7315,0,NORMAL
7316,0,NORMAL
7317,0,NORMAL
7318,0,NORMAL
7319,0,NORMAL
7320,0,NORMAL
7321,0,NORMAL
7322,0,NORMAL
7323,0,NORMAL
7324,0,NORMAL
7325,0,NORMAL
7326,0,NORMAL
7327,0,NORMAL
7328,0,NORMAL
7329,0,NORMAL
7330,0,NORMAL
7331,0,NORMAL
7332,0,NORMAL
7333,0,NORMAL
7334,0,NORMAL
7335,0,NORMAL
7336,0,NORMAL
7337,0,NORMAL
7338,0,NORMAL
7339,0,NORMAL
7340,0,NORMAL
7341,0,NORMAL
7342,0,NORMAL
7343,0,NORMAL
7344,0,NORMAL
7345,0,NORMAL
7346,0,NORMAL
7347,0,NORMAL
7348,0,NORMAL
7349,0,NORMAL
7350,0,NORMAL
7351,0,NORMAL
7352,0,NORMAL
7353,0,NORMAL
7354,0,NORMAL
7355,0,NORMAL
7356,0,NORMAL
7357,0,NORMAL
7358,0,NORMAL
7359,0,NORMAL
7360,0,NORMAL
7361,0,NORMAL
7362,0,NORMAL
7363,0,NORMAL
7364,0,NORMAL
7365,0,NORMAL
7366,0,NORMAL
7367,0,NORMAL
7368,0,NORMAL
7369,0,NORMAL
7370,0,NORMAL
7371,0,NORMAL
7372,0,NORMAL
7373,0,NORMAL
7374,0,NORMAL
7375,0,NORMAL
7376,0,NORMAL
7377,0,NORMAL
7378,0,NORMAL
7379,0,NORMAL
7380,0,NORMAL
7381,0,NORMAL
7382,0,NORMAL
7383,0,NORMAL
7384,0,NORMAL
7385,0,NORMAL
7386,0,NORMAL
7387,0,NORMAL
7388,0,NORMAL
7389,0,NORMAL
7390,0,NORMAL
7391,0,NORMAL
7392,0,NORMAL
7393,0,NORMAL
7394,0,NORMAL
7395,0,NORMAL
7396,0,NORMAL
7397,0,NORMAL
7398,0,NORMAL
7399,0,NORMAL
7400,0,NORMAL
7401,0,NORMAL
7402,0,NORMAL
7403,0,NORMAL
7404,0,NORMAL
7405,0,NORMAL
7406,0,NORMAL
7407,0,NORMAL
7408,0,NORMAL
7409,0,NORMAL
7410,0,NORMAL
7411,0,NORMAL
7412,0,NORMAL
7413,0,NORMAL
7414,0,NORMAL
7415,0,NORMAL
7416,0,NORMAL
7417,0,NORMAL
7418,0,NORMAL
7419,0,NORMAL
7420,0,NORMAL
7421,0,NORMAL
7422,0,NORMAL
7423,0,NORMAL
7424,0,NORMAL
7425,0,NORMAL
7426,0,NORMAL
7427,0,NORMAL
7428,0,NORMAL
7429,0,NORMAL
7430,0,NORMAL
7431,0,NORMAL
7432,0,NORMAL
7433,0,NORMAL
7434,0,NORMAL
7435,0,NORMAL
7436,0,NORMAL
7437,0,NORMAL
7438,0,NORMAL
7439,0,NORMAL
7440,0,NORMAL
7441,0,NORMAL
7442,0,NORMAL
7443,0,NORMAL
7444,0,NORMAL
7445,0,NORMAL
7446,0,NORMAL
7447,0,NORMAL
7448,0,NORMAL
7449,0,NORMAL
7450,0,NORMAL
7451,0,NORMAL
7452,0,NORMAL
7453,0,NORMAL
7454,0,NORMAL
7455,0,NORMAL
7456,0,NORMAL
7457,0,NORMAL
7458,0,NORMAL
7459,0,NORMAL
7460,0,NORMAL
7461,0,NORMAL
7462,0,NORMAL
7463,0,NORMAL
7464,0,NORMAL
7465,0,NORMAL
7466,0,NORMAL
7467,0,NORMAL
7468,0,NORMAL
7469,0,NORMAL
7470,0,NORMAL
7471,0,NORMAL
7472,0,NORMAL
7473,0,NORMAL
7474,0,NORMAL
7475,0,NORMAL
7476,0,NORMAL
7477,0,NORMAL
7478,0,NORMAL
7479,0,NORMAL
7480,0,NORMAL
7481,0,NORMAL
7482,0,NORMAL
7483,0,NORMAL
7484,0,NORMAL
7485,0,NORMAL
7486,0,NORMAL
7487,0,NORMAL
7488,0,NORMAL
7489,0,NORMAL
7490,0,NORMAL
7491,0,NORMAL
7492,0,NORMAL
7493,0,NORMAL
7494,0,NORMAL
7495,0,NORMAL
7496,0,NORMAL
7497,0,NORMAL
7498,0,NORMAL
7499,0,NORMAL
7500,0,NORMAL
7501,0,NORMAL
7502,0,NORMAL
7503,0,NORMAL
7504,0,NORMAL
7505,0,NORMAL
7506,0,NORMAL
7507,0,NORMAL
7508,0,NORMAL
7509,0,NORMAL
7510,0,NORMAL
7511,0,NORMAL
7512,0,NORMAL
7513,0,NORMAL
7514,0,NORMAL
7515,0,NORMAL
7516,0,NORMAL
7517,0,NORMAL
7518,0,NORMAL
7519,0,NORMAL
7520,0,NORMAL
7521,0,NORMAL
7522,0,NORMAL
7523,0,NORMAL
7524,0,NORMAL
7525,0,NORMAL
7526,0,NORMAL
7527,0,NORMAL
7528,0,NORMAL
7529,0,NORMAL
7530,0,NORMAL
7531,0,NORMAL
7532,0,NORMAL
7533,0,NORMAL
7534,0,NORMAL
7535,0,NORMAL
7536,0,NORMAL
7537,0,NORMAL
7538,0,NORMAL
7539,0,NORMAL
7540,0,NORMAL
7541,0,NORMAL
7542,0,NORMAL
7543,0,NORMAL
7544,0,NORMAL
7545,0,NORMAL
7546,0,NORMAL
7547,0,NORMAL
7548,0,NORMAL
7549,0,NORMAL
7550,0,NORMAL
7551,0,NORMAL
7552,0,NORMAL
7553,0,NORMAL
7554,0,NORMAL
7555,0,NORMAL
7556,0,NORMAL
7557,0,NORMAL
7558,0,NORMAL
7559,0,NORMAL
7560,0,NORMAL
7561,0,NORMAL
7562,0,NORMAL
7563,0,NORMAL
7564,0,NORMAL
7565,0,NORMAL
7566,0,NORMAL
7567,0,NORMAL
7568,0,NORMAL
7569,0,NORMAL
7570,0,NORMAL
7571,0,NORMAL
7572,0,NORMAL
7573,0,NORMAL
7574,0,NORMAL
7575,0,NORMAL
7576,0,NORMAL
7577,0,NORMAL
7578,0,NORMAL
7579,0,NORMAL
7580,0,NORMAL
7581,0,NORMAL
7582,0,NORMAL
7583,0,NORMAL
7584,0,NORMAL
7585,0,NORMAL
7586,0,NORMAL
7587,0,NORMAL
7588,0,NORMAL
7589,0,NORMAL
7590,0,NORMAL
7591,0,NORMAL
7592,0,NORMAL
7593,0,NORMAL
7594,0,NORMAL
7595,0,NORMAL
7596,0,NORMAL
7597,0,NORMAL
7598,0,NORMAL
7599,0,NORMAL
7600,0,NORMAL
7601,0,NORMAL
7602,0,NORMAL
7603,0,NORMAL
7604,0,NORMAL
7605,0,NORMAL
7606,0,NORMAL
7607,0,NORMAL
7608,0,NORMAL
7609,0,NORMAL
7610,0,NORMAL
7611,0,NORMAL
7612,0,NORMAL
7613,0,NORMAL
7614,0,NORMAL
7615,0,NORMAL
7616,0,NORMAL
7617,0,NORMAL
7618,0,NORMAL
7619,0,NORMAL
7620,0,NORMAL
7621,0,NORMAL
7622,0,NORMAL
7623,0,NORMAL
7624,0,NORMAL
7625,0,NORMAL
7626,0,NORMAL
7627,0,NORMAL
7628,0,NORMAL
7629,0,NORMAL
7630,0,NORMAL
7631,0,NORMAL
7632,0,NORMAL
7633,0,NORMAL
7634,0,NORMAL
7635,0,NORMAL
7636,0,NORMAL
7637,0,NORMAL
7638,0,NORMAL
7639,0,NORMAL
7640,0,NORMAL
7641,0,NORMAL
7642,0,NORMAL
7643,0,NORMAL
7644,0,NORMAL
7645,0,NORMAL
7646,0,NORMAL
7647,0,NORMAL
7648,0,NORMAL
7649,0,NORMAL
7650,0,NORMAL
7651,0,NORMAL
7652,0,NORMAL
7653,0,NORMAL
7654,0,NORMAL
7655,0,NORMAL
7656,0,NORMAL
7657,0,NORMAL
7658,0,NORMAL
7659,0,NORMAL
7660,0,NORMAL
7661,0,NORMAL
7662,0,NORMAL
7663,0,NORMAL
7664,0,NORMAL
7665,0,NORMAL
7666,0,NORMAL
7667,0,NORMAL
7668,0,NORMAL
7669,0,NORMAL
7670,0,NORMAL
7671,0,NORMAL
7672,0,NORMAL
7673,0,NORMAL
7674,0,NORMAL
7675,0,NORMAL
7676,0,NORMAL
7677,0,NORMAL
7678,0,NORMAL
7679,0,NORMAL
7680,0,NORMAL
7681,0,NORMAL
7682,0,NORMAL
7683,0,NORMAL
7684,0,NORMAL
7685,0,NORMAL
7686,0,NORMAL
7687,0,NORMAL
7688,0,NORMAL
7689,0,NORMAL
7690,0,NORMAL
7691,0,NORMAL
7692,0,NORMAL
7693,0,NORMAL
7694,0,NORMAL
7695,0,NORMAL
7696,0,NORMAL
7697,0,NORMAL
7698,0,NORMAL
7699,0,NORMAL
7700,0,NORMAL
7701,0,NORMAL
7702,0,NORMAL
7703,0,NORMAL
7704,0,NORMAL
7705,0,NORMAL
7706,0,NORMAL
7707,0,NORMAL
7708,0,NORMAL
7709,0,NORMAL
7710,0,NORMAL
7711,0,NORMAL
7712,0,NORMAL
7713,0,NORMAL
7714,0,NORMAL
7715,0,NORMAL
7716,0,NORMAL
7717,0,NORMAL
7718,0,NORMAL
7719,0,NORMAL
7720,0,NORMAL
7721,0,NORMAL
7722,0,NORMAL
7723,0,NORMAL
7724,0,NORMAL
7725,0,NORMAL
7726,0,NORMAL
7727,0,NORMAL
7728,0,NORMAL
7729,0,NORMAL
7730,0,NORMAL
7731,0,NORMAL
7732,0,NORMAL
7733,0,NORMAL
7734,0,NORMAL
7735,0,NORMAL
7736,0,NORMAL
7737,0,NORMAL
7738,0,NORMAL
7739,0,NORMAL
7740,0,NORMAL
7741,0,NORMAL
7742,0,NORMAL
7743,0,NORMAL
7744,0,NORMAL
7745,0,NORMAL
7746,0,NORMAL
7747,0,NORMAL
7748,0,NORMAL
7749,0,NORMAL
7750,0,NORMAL
7751,0,NORMAL
7752,0,NORMAL
7753,0,NORMAL
7754,0,NORMAL
7755,0,NORMAL
7756,0,NORMAL
7757,0,NORMAL
7758,0,NORMAL
7759,0,NORMAL
7760,0,NORMAL
7761,0,NORMAL
7762,0,NORMAL
7763,0,NORMAL
7764,0,NORMAL
7765,0,NORMAL
7766,0,NORMAL
7767,0,NORMAL
7768,0,NORMAL
7769,0,NORMAL
7770,0,NORMAL
7771,0,NORMAL
7772,0,NORMAL
7773,0,NORMAL
7774,0,NORMAL
7775,0,NORMAL
7776,0,NORMAL
7777,0,NORMAL
7778,0,NORMAL
7779,0,NORMAL
7780,0,NORMAL
7781,0,NORMAL
7782,0,NORMAL
7783,0,NORMAL
7784,0,NORMAL
7785,0,NORMAL
7786,0,NORMAL
7787,0,NORMAL
7788,0,NORMAL
7789,0,NORMAL
7790,0,NORMAL
7791,0,NORMAL
7792,0,NORMAL
7793,0,NORMAL
7794,0,NORMAL
7795,0,NORMAL
7796,0,NORMAL
7797,0,NORMAL
7798,0,NORMAL
7799,0,NORMAL
7800,0,NORMAL
7801,0,NORMAL
7802,0,NORMAL
7803,0,NORMAL
7804,0,NORMAL
7805,0,NORMAL
7806,0,NORMAL
7807,0,NORMAL
7808,0,NORMAL
7809,0,NORMAL
7810,0,NORMAL
7811,0,NORMAL
7812,0,NORMAL
7813,0,NORMAL
7814,0,NORMAL
7815,0,NORMAL
7816,0,NORMAL
7817,0,NORMAL
7818,0,NORMAL
7819,0,NORMAL
7820,0,NORMAL
7821,0,NORMAL
7822,0,NORMAL
7823,0,NORMAL
7824,0,NORMAL
7825,0,NORMAL
7826,0,NORMAL
7827,0,NORMAL
7828,0,NORMAL
7829,0,NORMAL
7830,0,NORMAL
7831,0,NORMAL
7832,0,NORMAL
7833,0,NORMAL
7834,0,NORMAL
7835,0,NORMAL
7836,0,NORMAL
7837,0,NORMAL
7838,0,NORMAL
7839,0,NORMAL
7840,0,NORMAL
7841,0,NORMAL
7842,0,NORMAL
7843,0,NORMAL
7844,0,NORMAL
7845,0,NORMAL
7846,0,NORMAL
7847,0,NORMAL
7848,0,NORMAL
7849,0,NORMAL
7850,0,NORMAL
7851,0,NORMAL
7852,0,NORMAL
7853,0,NORMAL
7854,0,NORMAL
7855,0,NORMAL
7856,0,NORMAL
7857,0,NORMAL
7858,0,NORMAL
7859,0,NORMAL
7860,0,NORMAL
7861,0,NORMAL
7862,0,NORMAL
7863,0,NORMAL
7864,0,NORMAL
7865,0,NORMAL
7866,0,NORMAL
7867,0,NORMAL
7868,0,NORMAL
7869,0,NORMAL
7870,0,NORMAL
7871,0,NORMAL
7872,0,NORMAL
7873,0,NORMAL
7874,0,NORMAL
7875,0,NORMAL
7876,0,NORMAL
7877,0,NORMAL
7878,0,NORMAL
7879,0,NORMAL
7880,0,NORMAL
7881,0,NORMAL
7882,0,NORMAL
7883,0,NORMAL
7884,0,NORMAL
7885,0,NORMAL
7886,0,NORMAL
7887,0,NORMAL
7888,0,NORMAL
7889,0,NORMAL
7890,0,NORMAL
7891,0,NORMAL
7892,0,NORMAL
7893,0,NORMAL
7894,0,NORMAL
7895,0,NORMAL
7896,0,NORMAL
7897,0,NORMAL
7898,0,NORMAL
7899,0,NORMAL
7900,0,NORMAL
7901,0,NORMAL
7902,0,NORMAL
7903,0,NORMAL
7904,0,NORMAL
7905,0,NORMAL
7906,0,NORMAL
7907,0,NORMAL
7908,0,NORMAL
7909,0,NORMAL
7910,0,NORMAL
7911,0,NORMAL
7912,0,NORMAL
7913,0,NORMAL
7914,0,NORMAL
7915,0,NORMAL
7916,0,NORMAL
7917,0,NORMAL
7918,0,NORMAL
7919,0,NORMAL
7920,0,NORMAL
7921,0,NORMAL
7922,0,NORMAL
7923,0,NORMAL
7924,0,NORMAL
7925,0,NORMAL
7926,0,NORMAL
7927,0,NORMAL
7928,0,NORMAL
7929,0,NORMAL
7930,0,NORMAL
7931,0,NORMAL
7932,0,NORMAL
7933,0,NORMAL
7934,0,NORMAL
7935,0,NORMAL
7936,0,NORMAL
7937,0,NORMAL
7938,0,NORMAL
7939,0,NORMAL
7940,0,NORMAL
7941,0,NORMAL
7942,0,NORMAL
7943,0,NORMAL
7944,0,NORMAL
7945,0,NORMAL
7946,0,NORMAL
7947,0,NORMAL
7948,0,NORMAL
7949,0,NORMAL
7950,0,NORMAL
7951,0,NORMAL
7952,0,NORMAL
7953,0,NORMAL
7954,0,NORMAL
7955,0,NORMAL
7956,0,NORMAL
7957,0,NORMAL
7958,0,NORMAL
7959,0,NORMAL
7960,0,NORMAL
7961,0,NORMAL
7962,0,NORMAL
7963,0,NORMAL
7964,0,NORMAL
7965,0,NORMAL
7966,0,NORMAL
7967,0,NORMAL
7968,0,NORMAL
7969,0,NORMAL
7970,0,NORMAL
7971,0,NORMAL
7972,0,NORMAL
7973,0,NORMAL
7974,0,NORMAL
7975,0,NORMAL
7976,0,NORMAL
7977,0,NORMAL
7978,0,NORMAL
7979,0,NORMAL
7980,0,NORMAL
7981,0,NORMAL
7982,0,NORMAL
7983,0,NORMAL
7984,0,NORMAL
7985,0,NORMAL
7986,0,NORMAL
7987,0,NORMAL
7988,0,NORMAL
7989,0,NORMAL
7990,0,NORMAL
7991,0,NORMAL
7992,0,NORMAL
7993,0,NORMAL
7994,0,NORMAL
7995,0,NORMAL
7996,0,NORMAL
7997,0,NORMAL
7998,0,NORMAL
7999,0,NORMAL
8000,0,NORMAL
8001,0,NORMAL
8002,0,NORMAL
8003,0,NORMAL
8004,0,NORMAL
8005,0,NORMAL
8006,0,NORMAL
8007,0,NORMAL
8008,0,NORMAL
8009,0,NORMAL
8010,0,NORMAL
8011,0,NORMAL
8012,0,NORMAL
8013,0,NORMAL
8014,0,NORMAL
8015,0,NORMAL
8016,0,NORMAL
8017,0,NORMAL
8018,0,NORMAL
8019,0,NORMAL
8020,0,NORMAL
8021,0,NORMAL
8022,0,NORMAL
8023,0,NORMAL
8024,0,NORMAL
8025,0,NORMAL
8026,0,NORMAL
8027,0,NORMAL
8028,0,NORMAL
8029,0,NORMAL
8030,0,NORMAL
8031,0,NORMAL
8032,0,NORMAL
8033,0,NORMAL
8034,0,NORMAL
8035,0,NORMAL
8036,0,NORMAL
8037,0,NORMAL
8038,0,NORMAL
8039,0,NORMAL
8040,0,NORMAL
8041,0,NORMAL
8042,0,NORMAL
8043,0,NORMAL
8044,0,NORMAL
8045,0,NORMAL
8046,0,NORMAL
8047,0,NORMAL
8048,0,NORMAL
8049,0,NORMAL
8050,0,NORMAL
8051,0,NORMAL
8052,0,NORMAL
8053,0,NORMAL
8054,0,NORMAL
8055,0,NORMAL
8056,0,NORMAL
8057,0,NORMAL
8058,0,NORMAL
8059,0,NORMAL
8060,0,NORMAL
8061,0,NORMAL
8062,0,NORMAL
8063,0,NORMAL
8064,0,NORMAL
8065,0,NORMAL
8066,0,NORMAL
8067,0,NORMAL
8068,0,NORMAL
8069,0,NORMAL
8070,0,NORMAL
8071,0,NORMAL
8072,0,NORMAL
8073,0,NORMAL
8074,0,NORMAL
8075,0,NORMAL
8076,0,NORMAL
8077,0,NORMAL
8078,0,NORMAL
8079,0,NORMAL
8080,0,NORMAL
8081,0,NORMAL
8082,0,NORMAL
8083,0,NORMAL
8084,0,NORMAL
8085,0,NORMAL
8086,0,NORMAL
8087,0,NORMAL
8088,0,NORMAL
8089,0,NORMAL
8090,0,NORMAL
8091,0,NORMAL
8092,0,NORMAL
8093,0,NORMAL
8094,0,NORMAL
8095,0,NORMAL
8096,0,NORMAL
8097,0,NORMAL
8098,0,NORMAL
8099,0,NORMAL
8100,0,NORMAL
8101,0,NORMAL
8102,0,NORMAL
8103,0,NORMAL
8104,0,NORMAL
8105,0,NORMAL
8106,0,NORMAL
8107,0,NORMAL
8108,0,NORMAL
8109,0,NORMAL
8110,0,NORMAL
8111,0,NORMAL
8112,0,NORMAL
8113,0,NORMAL
8114,0,NORMAL
8115,0,NORMAL
8116,0,NORMAL
8117,0,NORMAL
8118,0,NORMAL
8119,0,NORMAL
8120,0,NORMAL
8121,0,NORMAL
8122,0,NORMAL
8123,0,NORMAL
8124,0,NORMAL
8125,0,NORMAL
8126,0,NORMAL
8127,0,NORMAL
8128,0,NORMAL
8129,0,NORMAL
8130,0,NORMAL
8131,0,NORMAL
8132,0,NORMAL
8133,0,NORMAL
8134,0,NORMAL
8135,0,NORMAL
8136,0,NORMAL
8137,0,NORMAL
8138,0,NORMAL
8139,0,NORMAL
8140,0,NORMAL
8141,0,NORMAL
8142,0,NORMAL
8143,0,NORMAL
8144,0,NORMAL
8145,0,NORMAL
8146,0,NORMAL
8147,0,NORMAL
8148,0,NORMAL
8149,0,NORMAL
8150,0,NORMAL
8151,0,NORMAL
8152,0,NORMAL
8153,0,NORMAL
8154,0,NORMAL
8155,0,NORMAL
8156,0,NORMAL
8157,0,NORMAL
8158,0,NORMAL
8159,0,NORMAL
8160,0,NORMAL
8161,0,NORMAL
8162,0,NORMAL
8163,0,NORMAL
8164,0,NORMAL
8165,0,NORMAL
8166,0,NORMAL
8167,0,NORMAL
8168,0,NORMAL
8169,0,NORMAL
8170,0,NORMAL
8171,0,NORMAL
8172,0,NORMAL
8173,0,NORMAL
8174,0,NORMAL
8175,0,NORMAL
8176,0,NORMAL
8177,0,NORMAL
8178,0,NORMAL
8179,0,NORMAL
8180,0,NORMAL
8181,0,NORMAL
8182,0,NORMAL
8183,0,NORMAL
8184,0,NORMAL
8185,0,NORMAL
8186,0,NORMAL
8187,0,NORMAL
8188,0,NORMAL
8189,0,NORMAL
8190,0,NORMAL
8191,0,NORMAL
8192,0,NORMAL
8193,0,NORMAL
8194,0,NORMAL
8195,0,NORMAL
8196,0,NORMAL
8197,0,NORMAL
8198,0,NORMAL
8199,0,NORMAL
8200,0,NORMAL
8201,0,NORMAL
8202,0,NORMAL
8203,0,NORMAL
8204,0,NORMAL
8205,0,NORMAL
8206,0,NORMAL
8207,0,NORMAL
8208,0,NORMAL
8209,0,NORMAL
8210,0,NORMAL
8211,0,NORMAL
8212,0,NORMAL
8213,0,NORMAL
8214,0,NORMAL
8215,0,NORMAL
8216,0,NORMAL
8217,0,NORMAL
8218,0,NORMAL
8219,0,NORMAL
8220,0,NORMAL
8221,0,NORMAL
8222,0,NORMAL
8223,0,NORMAL
8224,0,NORMAL
8225,0,NORMAL
8226,0,NORMAL
8227,0,NORMAL
8228,0,NORMAL
8229,0,NORMAL
8230,0,NORMAL
8231,0,NORMAL
8232,0,NORMAL
8233,0,NORMAL
8234,0,NORMAL
8235,0,NORMAL
8236,0,NORMAL
8237,0,NORMAL
8238,0,NORMAL
8239,0,NORMAL
8240,0,NORMAL
8241,0,NORMAL
8242,0,NORMAL
8243,0,NORMAL
8244,0,NORMAL
8245,0,NORMAL
8246,0,NORMAL
8247,0,NORMAL
8248,0,NORMAL
8249,0,NORMAL
8250,0,NORMAL
8251,0,NORMAL
8252,0,NORMAL
8253,0,NORMAL
8254,0,NORMAL
8255,0,NORMAL
8256,0,NORMAL
8257,0,NORMAL
8258,0,NORMAL
8259,0,NORMAL
8260,0,NORMAL
8261,0,NORMAL
8262,0,NORMAL
8263,0,NORMAL
8264,0,NORMAL
8265,0,NORMAL
8266,0,NORMAL
8267,0,NORMAL
8268,0,NORMAL
8269,0,NORMAL
8270,0,NORMAL
8271,0,NORMAL
8272,0,NORMAL
8273,0,NORMAL
8274,0,NORMAL
8275,0,NORMAL
8276,0,NORMAL
8277,0,NORMAL
8278,0,NORMAL
8279,0,NORMAL
8280,0,NORMAL
8281,0,NORMAL
8282,0,NORMAL
8283,0,NORMAL
8284,0,NORMAL
8285,0,NORMAL
8286,0,NORMAL
8287,0,NORMAL
8288,0,NORMAL
8289,0,NORMAL
8290,0,NORMAL
8291,0,NORMAL
8292,0,NORMAL
8293,0,NORMAL
8294,0,NORMAL
8295,0,NORMAL
8296,0,NORMAL
8297,0,NORMAL
8298,0,NORMAL
8299,0,NORMAL
8300,0,NORMAL
8301,0,NORMAL
8302,0,NORMAL
8303,0,NORMAL
8304,0,NORMAL
8305,0,NORMAL
8306,0,NORMAL
8307,0,NORMAL
8308,0,NORMAL
8309,0,NORMAL
8310,0,NORMAL
8311,0,NORMAL
8312,0,NORMAL
8313,0,NORMAL
8314,0,NORMAL
8315,0,NORMAL
8316,0,NORMAL
8317,0,NORMAL
8318,0,NORMAL
8319,0,NORMAL
8320,0,NORMAL
8321,0,NORMAL
8322,0,NORMAL
8323,0,NORMAL
8324,0,NORMAL
8325,0,NORMAL
8326,0,NORMAL
8327,0,NORMAL
8328,0,NORMAL
8329,0,NORMAL
8330,0,NORMAL
8331,0,NORMAL
8332,0,NORMAL
8333,0,NORMAL
8334,0,NORMAL
8335,0,NORMAL
8336,0,NORMAL
8337,0,NORMAL
8338,0,NORMAL
8339,0,NORMAL
8340,0,NORMAL
8341,0,NORMAL
8342,0,NORMAL
8343,0,NORMAL
8344,0,NORMAL
8345,0,NORMAL
8346,0,NORMAL
8347,0,NORMAL
8348,0,NORMAL
8349,0,NORMAL
8350,0,NORMAL
8351,0,NORMAL
8352,0,NORMAL
8353,0,NORMAL
8354,0,NORMAL
8355,0,NORMAL
8356,0,NORMAL
8357,0,NORMAL
8358,0,NORMAL
8359,0,NORMAL
8360,0,NORMAL
8361,0,NORMAL
8362,0,NORMAL
8363,0,NORMAL
8364,0,NORMAL
8365,0,NORMAL
8366,0,NORMAL
8367,0,NORMAL
8368,0,NORMAL
8369,0,NORMAL
8370,0,NORMAL
8371,0,NORMAL
8372,0,NORMAL
8373,0,NORMAL
8374,0,NORMAL
8375,0,NORMAL
8376,0,NORMAL
8377,0,NORMAL
8378,0,NORMAL
8379,0,NORMAL
8380,0,NORMAL
8381,0,NORMAL
8382,0,NORMAL
8383,0,NORMAL
8384,0,NORMAL
8385,0,NORMAL
8386,0,NORMAL
8387,0,NORMAL
8388,0,NORMAL
8389,0,NORMAL
8390,0,NORMAL
8391,0,NORMAL
8392,0,NORMAL
8393,0,NORMAL
8394,0,NORMAL
8395,0,NORMAL
8396,0,NORMAL
8397,0,NORMAL
8398,0,NORMAL
8399,0,NORMAL
8400,0,NORMAL
8401,0,NORMAL
8402,0,NORMAL
8403,0,NORMAL
8404,0,NORMAL
8405,0,NORMAL
8406,0,NORMAL
8407,0,NORMAL
8408,0,NORMAL
8409,0,NORMAL
8410,0,NORMAL
8411,0,NORMAL
8412,0,NORMAL
8413,0,NORMAL
8414,0,NORMAL
8415,0,NORMAL
8416,0,NORMAL
8417,0,NORMAL
8418,0,NORMAL
8419,0,NORMAL
8420,0,NORMAL
8421,0,NORMAL
8422,0,NORMAL
8423,0,NORMAL
8424,0,NORMAL
8425,0,NORMAL
8426,0,NORMAL
8427,0,NORMAL
8428,0,NORMAL
8429,0,NORMAL
8430,0,NORMAL
8431,0,NORMAL
8432,0,NORMAL
8433,0,NORMAL
8434,0,NORMAL
8435,0,NORMAL
8436,0,NORMAL
8437,0,NORMAL
8438,0,NORMAL
8439,0,NORMAL
8440,0,NORMAL
8441,0,NORMAL
8442,0,NORMAL
8443,0,NORMAL
8444,0,NORMAL
8445,0,NORMAL
8446,0,NORMAL
8447,0,NORMAL
8448,0,NORMAL
8449,0,NORMAL
8450,0,NORMAL
8451,0,NORMAL
8452,0,NORMAL
8453,0,NORMAL
8454,0,NORMAL
8455,0,NORMAL
8456,0,NORMAL
8457,0,NORMAL
8458,0,NORMAL
8459,0,NORMAL
8460,0,NORMAL
8461,0,NORMAL
8462,0,NORMAL
8463,0,NORMAL
8464,0,NORMAL
8465,0,NORMAL
8466,0,NORMAL
8467,0,NORMAL
8468,0,NORMAL
8469,0,NORMAL
8470,0,NORMAL
8471,0,NORMAL
8472,0,NORMAL
8473,0,NORMAL
8474,0,NORMAL
8475,0,NORMAL
8476,0,NORMAL
8477,0,NORMAL
8478,0,NORMAL
8479,0,NORMAL
8480,0,NORMAL
8481,0,NORMAL
8482,0,NORMAL
8483,0,NORMAL
8484,0,NORMAL
8485,0,NORMAL
8486,0,NORMAL
8487,0,NORMAL
8488,0,NORMAL
8489,0,NORMAL
8490,0,NORMAL
8491,0,NORMAL
8492,0,NORMAL
8493,0,NORMAL
8494,0,NORMAL
8495,0,NORMAL
8496,0,NORMAL
8497,0,NORMAL
8498,0,NORMAL
8499,0,NORMAL
8500,0,NORMAL
8501,0,NORMAL
8502,0,NORMAL
8503,0,NORMAL
8504,0,NORMAL
8505,0,NORMAL
8506,0,NORMAL
8507,0,NORMAL
8508,0,NORMAL
8509,0,NORMAL
8510,0,NORMAL
8511,0,NORMAL
8512,0,NORMAL
8513,0,NORMAL
8514,0,NORMAL
8515,0,NORMAL
8516,0,NORMAL
8517,0,NORMAL
8518,0,NORMAL
8519,0,NORMAL
8520,0,NORMAL
8521,0,NORMAL
8522,0,NORMAL
8523,0,NORMAL
8524,0,NORMAL
8525,0,NORMAL
8526,0,NORMAL
8527,0,NORMAL
8528,0,NORMAL
8529,0,NORMAL
8530,0,NORMAL
8531,0,NORMAL
8532,0,NORMAL
8533,0,NORMAL
8534,0,NORMAL
8535,0,NORMAL
8536,0,NORMAL
8537,0,NORMAL
8538,0,NORMAL
8539,0,NORMAL
8540,0,NORMAL
8541,0,NORMAL
8542,0,NORMAL
8543,0,NORMAL
8544,0,NORMAL
8545,0,NORMAL
8546,0,NORMAL
8547,0,NORMAL
8548,0,NORMAL
8549,0,NORMAL
8550,0,NORMAL
8551,0,NORMAL
8552,0,NORMAL
8553,0,NORMAL
8554,0,NORMAL
8555,0,NORMAL
8556,0,NORMAL
8557,0,NORMAL
8558,0,NORMAL
8559,0,NORMAL
8560,0,NORMAL
8561,0,NORMAL
8562,0,NORMAL
8563,0,NORMAL
8564,0,NORMAL
8565,0,NORMAL
8566,0,NORMAL
8567,0,NORMAL
8568,0,NORMAL
8569,0,NORMAL
8570,0,NORMAL
8571,0,NORMAL
8572,0,NORMAL
8573,0,NORMAL
8574,0,NORMAL
8575,0,NORMAL
8576,0,NORMAL
8577,0,NORMAL
8578,0,NORMAL
8579,0,NORMAL
8580,0,NORMAL
8581,0,NORMAL
8582,0,NORMAL
8583,0,NORMAL
8584,0,NORMAL
8585,0,NORMAL
8586,0,NORMAL
8587,0,NORMAL
8588,0,NORMAL
8589,0,NORMAL
8590,0,NORMAL
8591,0,NORMAL
8592,0,NORMAL
8593,0,NORMAL
8594,0,NORMAL
8595,0,NORMAL
8596,0,NORMAL
8597,0,NORMAL
8598,0,NORMAL
8599,0,NORMAL
8600,0,NORMAL
8601,0,NORMAL
8602,0,NORMAL
8603,0,NORMAL
8604,0,NORMAL
8605,0,NORMAL
8606,0,NORMAL
8607,0,NORMAL
8608,0,NORMAL
8609,0,NORMAL
8610,0,NORMAL
8611,0,NORMAL
8612,0,NORMAL
8613,0,NORMAL
8614,0,NORMAL
8615,0,NORMAL
8616,0,NORMAL
8617,0,NORMAL
8618,0,NORMAL
8619,0,NORMAL
8620,0,NORMAL
8621,0,NORMAL
8622,0,NORMAL
8623,0,NORMAL
8624,0,NORMAL
8625,0,NORMAL
8626,0,NORMAL
8627,0,NORMAL
8628,0,NORMAL
8629,0,NORMAL
8630,0,NORMAL
8631,0,NORMAL
8632,0,NORMAL
8633,0,NORMAL
8634,0,NORMAL
8635,0,NORMAL
8636,0,NORMAL
8637,0,NORMAL
8638,0,NORMAL
8639,0,NORMAL
8640,0,NORMAL
8641,0,NORMAL
8642,0,NORMAL
8643,0,NORMAL
8644,0,NORMAL
8645,0,NORMAL
8646,0,NORMAL
8647,0,NORMAL
8648,0,NORMAL
8649,0,NORMAL
8650,0,NORMAL
8651,0,NORMAL
8652,0,NORMAL
8653,0,NORMAL
8654,0,NORMAL
8655,0,NORMAL
8656,0,NORMAL
8657,0,NORMAL
8658,0,NORMAL
8659,0,NORMAL
8660,0,NORMAL
8661,0,NORMAL
8662,0,NORMAL
8663,0,NORMAL
8664,0,NORMAL
8665,0,NORMAL
8666,0,NORMAL
8667,0,NORMAL
8668,0,NORMAL
8669,0,NORMAL
8670,0,NORMAL
8671,0,NORMAL
8672,0,NORMAL
8673,0,NORMAL
8674,0,NORMAL
8675,0,NORMAL
8676,0,NORMAL
8677,0,NORMAL
8678,0,NORMAL
8679,0,NORMAL
8680,0,NORMAL
8681,0,NORMAL
8682,0,NORMAL
8683,0,NORMAL
8684,0,NORMAL
8685,0,NORMAL
8686,0,NORMAL
8687,0,NORMAL
8688,0,NORMAL
8689,0,NORMAL
8690,0,NORMAL
8691,0,NORMAL
8692,0,NORMAL
8693,0,NORMAL
8694,0,NORMAL
8695,0,NORMAL
8696,0,NORMAL
8697,0,NORMAL
8698,0,NORMAL
8699,0,NORMAL
8700,0,NORMAL
8701,0,NORMAL
8702,0,NORMAL
8703,0,NORMAL
8704,0,NORMAL
8705,0,NORMAL
8706,0,NORMAL
8707,0,NORMAL
8708,0,NORMAL
8709,0,NORMAL
8710,0,NORMAL
8711,0,NORMAL
8712,0,NORMAL
8713,0,NORMAL
8714,0,NORMAL
8715,0,NORMAL
8716,0,NORMAL
8717,0,NORMAL
8718,0,NORMAL
8719,0,NORMAL
8720,0,NORMAL
8721,0,NORMAL
8722,0,NORMAL
8723,0,NORMAL
8724,0,NORMAL
8725,0,NORMAL
8726,0,NORMAL
8727,0,NORMAL
8728,0,NORMAL
8729,0,NORMAL
8730,0,NORMAL
8731,0,NORMAL
8732,0,NORMAL
8733,0,NORMAL
8734,0,NORMAL
8735,0,NORMAL
8736,0,NORMAL
8737,0,NORMAL
8738,0,NORMAL
8739,0,NORMAL
8740,0,NORMAL
8741,0,NORMAL
8742,0,NORMAL
8743,0,NORMAL
8744,0,NORMAL
8745,0,NORMAL
8746,0,NORMAL
8747,0,NORMAL
8748,0,NORMAL
8749,0,NORMAL
8750,0,NORMAL
8751,0,NORMAL
8752,0,NORMAL
8753,0,NORMAL
8754,0,NORMAL
8755,0,NORMAL
8756,0,NORMAL
8757,0,NORMAL
8758,0,NORMAL
8759,0,NORMAL
8760,0,NORMAL
8761,0,NORMAL
8762,0,NORMAL
8763,0,NORMAL
8764,0,NORMAL
8765,0,NORMAL
8766,0,NORMAL
8767,0,NORMAL
8768,0,NORMAL
8769,0,NORMAL
8770,0,NORMAL
8771,0,NORMAL
8772,0,NORMAL
8773,0,NORMAL
8774,0,NORMAL
8775,0,NORMAL
8776,0,NORMAL
8777,0,NORMAL
8778,0,NORMAL
8779,0,NORMAL
8780,0,NORMAL
8781,0,NORMAL
8782,0,NORMAL
8783,0,NORMAL
8784,0,NORMAL
8785,0,NORMAL
8786,0,NORMAL
8787,0,NORMAL
8788,0,NORMAL
8789,0,NORMAL
8790,0,NORMAL
8791,0,NORMAL
8792,0,NORMAL
8793,0,NORMAL
8794,0,NORMAL
8795,0,NORMAL
8796,0,NORMAL
8797,0,NORMAL
8798,0,NORMAL
8799,0,NORMAL
8800,0,NORMAL
8801,0,NORMAL
8802,0,NORMAL
8803,0,NORMAL
8804,0,NORMAL
8805,0,NORMAL
8806,0,NORMAL
8807,0,NORMAL
8808,0,NORMAL
8809,0,NORMAL
8810,0,NORMAL
8811,0,NORMAL
8812,0,NORMAL
8813,0,NORMAL
8814,0,NORMAL
8815,0,NORMAL
8816,0,NORMAL
8817,0,NORMAL
8818,0,NORMAL
8819,0,NORMAL
8820,0,NORMAL
8821,0,NORMAL
8822,0,NORMAL
8823,0,NORMAL
8824,0,NORMAL
8825,0,NORMAL
8826,0,NORMAL
8827,0,NORMAL
8828,0,NORMAL
8829,0,NORMAL
8830,0,NORMAL
8831,0,NORMAL
8832,0,NORMAL
8833,0,NORMAL
8834,0,NORMAL
8835,0,NORMAL
8836,0,NORMAL
8837,0,NORMAL
8838,0,NORMAL
8839,0,NORMAL
8840,0,NORMAL
8841,0,NORMAL
8842,0,NORMAL
8843,0,NORMAL
8844,0,NORMAL
8845,0,NORMAL
8846,0,NORMAL
8847,0,NORMAL
8848,0,NORMAL
8849,0,NORMAL
8850,0,NORMAL
8851,0,NORMAL
8852,0,NORMAL
8853,0,NORMAL
8854,0,NORMAL
8855,0,NORMAL
8856,0,NORMAL
8857,0,NORMAL
8858,0,NORMAL
8859,0,NORMAL
8860,0,NORMAL
8861,0,NORMAL
8862,0,NORMAL
8863,0,NORMAL
8864,0,NORMAL
8865,0,NORMAL
8866,0,NORMAL
8867,0,NORMAL
8868,0,NORMAL
8869,0,NORMAL
8870,0,NORMAL
8871,0,NORMAL
8872,0,NORMAL
8873,0,NORMAL
8874,0,NORMAL
8875,0,NORMAL
8876,0,NORMAL
8877,0,NORMAL
8878,0,NORMAL
8879,0,NORMAL
8880,0,NORMAL
8881,0,NORMAL
8882,0,NORMAL
8883,0,NORMAL
8884,0,NORMAL
8885,0,NORMAL
8886,0,NORMAL
8887,0,NORMAL
8888,0,NORMAL
8889,0,NORMAL
8890,0,NORMAL
8891,0,NORMAL
8892,0,NORMAL
8893,0,NORMAL
8894,0,NORMAL
8895,0,NORMAL
8896,0,NORMAL
8897,0,NORMAL
8898,0,NORMAL
8899,0,NORMAL
8900,0,NORMAL
8901,0,NORMAL
8902,0,NORMAL
8903,0,NORMAL
8904,0,NORMAL
8905,0,NORMAL
8906,0,NORMAL
8907,0,NORMAL
8908,0,NORMAL
8909,0,NORMAL
8910,0,NORMAL
8911,0,NORMAL
8912,0,NORMAL
8913,0,NORMAL
8914,0,NORMAL
8915,0,NORMAL
8916,0,NORMAL
8917,0,NORMAL
8918,0,NORMAL
8919,0,NORMAL
8920,0,NORMAL
8921,0,NORMAL
8922,0,NORMAL
8923,0,NORMAL
8924,0,NORMAL
8925,0,NORMAL
8926,0,NORMAL
8927,0,NORMAL
8928,0,NORMAL
8929,0,NORMAL
8930,0,NORMAL
8931,0,NORMAL
8932,0,NORMAL
8933,0,NORMAL
8934,0,NORMAL
8935,0,NORMAL
8936,0,NORMAL
8937,0,NORMAL
8938,0,NORMAL
8939,0,NORMAL
8940,0,NORMAL
8941,0,NORMAL
8942,0,NORMAL
8943,0,NORMAL
8944,0,NORMAL
8945,0,NORMAL
8946,0,NORMAL
8947,0,NORMAL
8948,0,NORMAL
8949,0,NORMAL
8950,0,NORMAL
8951,0,NORMAL
8952,0,NORMAL
8953,0,NORMAL
8954,0,NORMAL
8955,0,NORMAL
8956,0,NORMAL
8957,0,NORMAL
8958,0,NORMAL
8959,0,NORMAL
8960,0,NORMAL
8961,0,NORMAL
8962,0,NORMAL
8963,0,NORMAL
8964,0,NORMAL
8965,0,NORMAL
8966,0,NORMAL
8967,0,NORMAL
8968,0,NORMAL
8969,0,NORMAL
8970,0,NORMAL
8971,0,NORMAL
8972,0,NORMAL
8973,0,NORMAL
8974,0,NORMAL
8975,0,NORMAL
8976,0,NORMAL
8977,0,NORMAL
8978,0,NORMAL
8979,0,NORMAL
8980,0,NORMAL
8981,0,NORMAL
8982,0,NORMAL
8983,0,NORMAL
8984,0,NORMAL
8985,0,NORMAL
8986,0,NORMAL
8987,0,NORMAL
8988,0,NORMAL
8989,0,NORMAL
8990,0,NORMAL
8991,0,NORMAL
8992,0,NORMAL
8993,0,NORMAL
8994,0,NORMAL
8995,0,NORMAL
8996,0,NORMAL
8997,0,NORMAL
8998,0,NORMAL
8999,0,NORMAL
9000,0,NORMAL
9001,0,NORMAL
9002,0,NORMAL
9003,0,NORMAL
9004,0,NORMAL
9005,0,NORMAL
9006,0,NORMAL
9007,0,NORMAL
9008,0,NORMAL
9009,0,NORMAL
9010,0,NORMAL
9011,0,NORMAL
9012,0,NORMAL
9013,0,NORMAL
9014,0,NORMAL
9015,0,NORMAL
9016,0,NORMAL
9017,0,NORMAL
9018,0,NORMAL
9019,0,NORMAL
9020,0,NORMAL
9021,0,NORMAL
9022,0,NORMAL
9023,0,NORMAL
9024,0,NORMAL
9025,0,NORMAL
9026,0,NORMAL
9027,0,NORMAL
9028,0,NORMAL
9029,0,NORMAL
9030,0,NORMAL
9031,0,NORMAL
9032,0,NORMAL
9033,0,NORMAL
9034,0,NORMAL
9035,0,NORMAL
9036,0,NORMAL
9037,0,NORMAL
9038,0,NORMAL
9039,0,NORMAL
9040,0,NORMAL
9041,0,NORMAL
9042,0,NORMAL
9043,0,NORMAL
9044,0,NORMAL
9045,0,NORMAL
9046,0,NORMAL
9047,0,NORMAL
9048,0,NORMAL
9049,0,NORMAL
9050,0,NORMAL
9051,0,NORMAL
9052,0,NORMAL
9053,0,NORMAL
9054,0,NORMAL
9055,0,NORMAL
9056,0,NORMAL
9057,0,NORMAL
9058,0,NORMAL
9059,0,NORMAL
9060,0,NORMAL
9061,0,NORMAL
9062,0,NORMAL
9063,0,NORMAL
9064,0,NORMAL
9065,0,NORMAL
9066,0,NORMAL
9067,0,NORMAL
9068,0,NORMAL
9069,0,NORMAL
9070,0,NORMAL
9071,0,NORMAL
9072,0,NORMAL
9073,0,NORMAL
9074,0,NORMAL
9075,0,NORMAL
9076,0,NORMAL
9077,0,NORMAL
9078,0,NORMAL
9079,0,NORMAL
9080,0,NORMAL
9081,0,NORMAL
9082,0,NORMAL
9083,0,NORMAL
9084,0,NORMAL
9085,0,NORMAL
9086,0,NORMAL
9087,0,NORMAL
9088,0,NORMAL
9089,0,NORMAL
9090,0,NORMAL
9091,0,NORMAL
9092,0,NORMAL
9093,0,NORMAL
9094,0,NORMAL
9095,0,NORMAL
9096,0,NORMAL
9097,0,NORMAL
9098,0,NORMAL
9099,0,NORMAL
9100,0,NORMAL
9101,0,NORMAL
9102,0,NORMAL
9103,0,NORMAL
9104,0,NORMAL
9105,0,NORMAL
9106,0,NORMAL
9107,0,NORMAL
9108,0,NORMAL
9109,0,NORMAL
9110,0,NORMAL
9111,0,NORMAL
9112,0,NORMAL
9113,0,NORMAL
9114,0,NORMAL
9115,0,NORMAL
9116,0,NORMAL
9117,0,NORMAL
9118,0,NORMAL
9119,0,NORMAL
9120,0,NORMAL
9121,0,NORMAL
9122,0,NORMAL
9123,0,NORMAL
9124,0,NORMAL
9125,0,NORMAL
9126,0,NORMAL
9127,0,NORMAL
9128,0,NORMAL
9129,0,NORMAL
9130,0,NORMAL
9131,0,NORMAL
9132,0,NORMAL
9133,0,NORMAL
9134,0,NORMAL
9135,0,NORMAL
9136,0,NORMAL
9137,0,NORMAL
9138,0,NORMAL
9139,0,NORMAL
9140,0,NORMAL
9141,0,NORMAL
9142,0,NORMAL
9143,0,NORMAL
9144,0,NORMAL
9145,0,NORMAL
9146,0,NORMAL
9147,0,NORMAL
9148,0,NORMAL
9149,0,NORMAL
9150,0,NORMAL
9151,0,NORMAL
9152,0,NORMAL
9153,0,NORMAL
9154,0,NORMAL
9155,0,NORMAL
9156,0,NORMAL
9157,0,NORMAL
9158,0,NORMAL
9159,0,NORMAL
9160,0,NORMAL
9161,0,NORMAL
9162,0,NORMAL
9163,0,NORMAL
9164,0,NORMAL
9165,0,NORMAL
9166,0,NORMAL
9167,0,NORMAL
9168,0,NORMAL
9169,0,NORMAL
9170,0,NORMAL
9171,0,NORMAL
9172,0,NORMAL
9173,0,NORMAL
9174,0,NORMAL
9175,0,NORMAL
9176,0,NORMAL
9177,0,NORMAL
9178,0,NORMAL
9179,0,NORMAL
9180,0,NORMAL
9181,0,NORMAL
9182,0,NORMAL
9183,0,NORMAL
9184,0,NORMAL
9185,0,NORMAL
9186,0,NORMAL
9187,0,NORMAL
9188,0,NORMAL
9189,0,NORMAL
9190,0,NORMAL
9191,0,NORMAL
9192,0,NORMAL
9193,0,NORMAL
9194,0,NORMAL
9195,0,NORMAL
9196,0,NORMAL
9197,0,NORMAL
9198,0,NORMAL
9199,0,NORMAL
9200,0,NORMAL
9201,0,NORMAL
9202,0,NORMAL
9203,0,NORMAL
9204,0,NORMAL
9205,0,NORMAL
9206,0,NORMAL
9207,0,NORMAL
9208,0,NORMAL
9209,0,NORMAL
9210,0,NORMAL
9211,0,NORMAL
9212,0,NORMAL
9213,0,NORMAL
9214,0,NORMAL
9215,0,NORMAL
9216,0,NORMAL
9217,0,NORMAL
9218,0,NORMAL
9219,0,NORMAL
9220,0,NORMAL
9221,0,NORMAL
9222,0,NORMAL
9223,0,NORMAL
9224,0,NORMAL
9225,0,NORMAL
9226,0,NORMAL
9227,0,NORMAL
9228,0,NORMAL
9229,0,NORMAL
9230,0,NORMAL
9231,0,NORMAL
9232,0,NORMAL
9233,0,NORMAL
9234,0,NORMAL
9235,0,NORMAL
9236,0,NORMAL
9237,0,NORMAL
9238,0,NORMAL
9239,0,NORMAL
9240,0,NORMAL
9241,0,NORMAL
9242,0,NORMAL
9243,0,NORMAL
9244,0,NORMAL
9245,0,NORMAL
9246,0,NORMAL
9247,0,NORMAL
9248,0,NORMAL
9249,0,NORMAL
9250,0,NORMAL
9251,0,NORMAL
9252,0,NORMAL
9253,0,NORMAL
9254,0,NORMAL
9255,0,NORMAL
9256,0,NORMAL
9257,0,NORMAL
9258,0,NORMAL
9259,0,NORMAL
9260,0,NORMAL
9261,0,NORMAL
9262,0,NORMAL
9263,0,NORMAL
9264,0,NORMAL
9265,0,NORMAL
9266,0,NORMAL
9267,0,NORMAL
9268,0,NORMAL
9269,0,NORMAL
9270,0,NORMAL
9271,0,NORMAL
9272,0,NORMAL
9273,0,NORMAL
9274,0,NORMAL
9275,0,NORMAL
9276,0,NORMAL
9277,0,NORMAL
9278,0,NORMAL
9279,0,NORMAL
9280,0,NORMAL
9281,0,NORMAL
9282,0,NORMAL
9283,0,NORMAL
9284,0,NORMAL
9285,0,NORMAL
9286,0,NORMAL
9287,0,NORMAL
9288,0,NORMAL
9289,0,NORMAL
9290,0,NORMAL
9291,0,NORMAL
9292,0,NORMAL
9293,0,NORMAL
9294,0,NORMAL
9295,0,NORMAL
9296,0,NORMAL
9297,0,NORMAL
9298,0,NORMAL
9299,0,NORMAL
9300,0,NORMAL
9301,0,NORMAL
9302,0,NORMAL
9303,0,NORMAL
9304,0,NORMAL
9305,0,NORMAL
9306,0,NORMAL
9307,0,NORMAL
9308,0,NORMAL
9309,0,NORMAL
9310,0,NORMAL
9311,0,NORMAL
9312,0,NORMAL
9313,0,NORMAL
9314,0,NORMAL
9315,0,NORMAL
9316,0,NORMAL
9317,0,NORMAL
9318,0,NORMAL
9319,0,NORMAL
9320,0,NORMAL
9321,0,NORMAL
9322,0,NORMAL
9323,0,NORMAL
9324,0,NORMAL
9325,0,NORMAL
9326,0,NORMAL
9327,0,NORMAL
9328,0,NORMAL
9329,0,NORMAL
9330,0,NORMAL
9331,0,NORMAL
9332,0,NORMAL
9333,0,NORMAL
9334,0,NORMAL
9335,0,NORMAL
9336,0,NORMAL
9337,0,NORMAL
9338,0,NORMAL
9339,0,NORMAL
9340,0,NORMAL
9341,0,NORMAL
9342,0,NORMAL
9343,0,NORMAL
9344,0,NORMAL
9345,0,NORMAL
9346,0,NORMAL
9347,0,NORMAL
9348,0,NORMAL
9349,0,NORMAL
9350,0,NORMAL
9351,0,NORMAL
9352,0,NORMAL
9353,0,NORMAL
9354,0,NORMAL
9355,0,NORMAL
9356,0,NORMAL
9357,0,NORMAL
9358,0,NORMAL
9359,0,NORMAL
9360,0,NORMAL
9361,0,NORMAL
9362,0,NORMAL
9363,0,NORMAL
9364,0,NORMAL
9365,0,NORMAL
9366,0,NORMAL
9367,0,NORMAL
9368,0,NORMAL
9369,0,NORMAL
9370,0,NORMAL
9371,0,NORMAL
9372,0,NORMAL
9373,0,NORMAL
9374,0,NORMAL
9375,0,NORMAL
9376,0,NORMAL
9377,0,NORMAL
9378,0,NORMAL
9379,0,NORMAL
9380,0,NORMAL
9381,0,NORMAL
9382,0,NORMAL
9383,0,NORMAL
9384,0,NORMAL
9385,0,NORMAL
9386,0,NORMAL
9387,0,NORMAL
9388,0,NORMAL
9389,0,NORMAL
9390,0,NORMAL
9391,0,NORMAL
9392,0,NORMAL
9393,0,NORMAL
9394,0,NORMAL
9395,0,NORMAL
9396,0,NORMAL
9397,0,NORMAL
9398,0,NORMAL
9399,0,NORMAL
9400,0,NORMAL
9401,0,NORMAL
9402,0,NORMAL
9403,0,NORMAL
9404,0,NORMAL
9405,0,NORMAL
9406,0,NORMAL
9407,0,NORMAL
9408,0,NORMAL
9409,0,NORMAL
9410,0,NORMAL
9411,0,NORMAL
9412,0,NORMAL
9413,0,NORMAL
9414,0,NORMAL
9415,0,NORMAL
9416,0,NORMAL
9417,0,NORMAL
9418,0,NORMAL
9419,0,NORMAL
9420,0,NORMAL
9421,0,NORMAL
9422,0,NORMAL
9423,0,NORMAL
9424,0,NORMAL
9425,0,NORMAL
9426,0,NORMAL
9427,0,NORMAL
9428,0,NORMAL
9429,0,NORMAL
9430,0,NORMAL
9431,0,NORMAL
9432,0,NORMAL
9433,0,NORMAL
9434,0,NORMAL
9435,0,NORMAL
9436,0,NORMAL
9437,0,NORMAL
9438,0,NORMAL
9439,0,NORMAL
9440,0,NORMAL
9441,0,NORMAL
9442,0,NORMAL
9443,0,NORMAL
9444,0,NORMAL
9445,0,NORMAL
9446,0,NORMAL
9447,0,NORMAL
9448,0,NORMAL
9449,0,NORMAL
9450,0,NORMAL
9451,0,NORMAL
9452,0,NORMAL
9453,0,NORMAL
9454,0,NORMAL
9455,0,NORMAL
9456,0,NORMAL
9457,0,NORMAL
9458,0,NORMAL
9459,0,NORMAL
9460,0,NORMAL
9461,0,NORMAL
9462,0,NORMAL
9463,0,NORMAL
9464,0,NORMAL
9465,0,NORMAL
9466,0,NORMAL
9467,0,NORMAL
9468,0,NORMAL
9469,0,NORMAL
9470,0,NORMAL
9471,0,NORMAL
9472,0,NORMAL
9473,0,NORMAL
9474,0,NORMAL
9475,0,NORMAL
9476,0,NORMAL
9477,0,NORMAL
9478,0,NORMAL
9479,0,NORMAL
9480,0,NORMAL
9481,0,NORMAL
9482,0,NORMAL
9483,0,NORMAL
9484,0,NORMAL
9485,0,NORMAL
9486,0,NORMAL
9487,0,NORMAL
9488,0,NORMAL
9489,0,NORMAL
9490,0,NORMAL
9491,0,NORMAL
9492,0,NORMAL
9493,0,NORMAL
9494,0,NORMAL
9495,0,NORMAL
9496,0,NORMAL
9497,0,NORMAL
9498,0,NORMAL
9499,0,NORMAL
9500,0,NORMAL
9501,0,NORMAL
9502,0,NORMAL
9503,0,NORMAL
9504,0,NORMAL
9505,0,NORMAL
9506,0,NORMAL
9507,0,NORMAL
9508,0,NORMAL
9509,0,NORMAL
9510,0,NORMAL
9511,0,NORMAL
9512,0,NORMAL
9513,0,NORMAL
9514,0,NORMAL
9515,0,NORMAL
9516,0,NORMAL
9517,0,NORMAL
9518,0,NORMAL
9519,0,NORMAL
9520,0,NORMAL
9521,0,NORMAL
9522,0,NORMAL
9523,0,NORMAL
9524,0,NORMAL
9525,0,NORMAL
9526,0,NORMAL
9527,0,NORMAL
9528,0,NORMAL
9529,0,NORMAL
9530,0,NORMAL
9531,0,NORMAL
9532,0,NORMAL
9533,0,NORMAL
9534,0,NORMAL
9535,0,NORMAL
9536,0,NORMAL
9537,0,NORMAL
9538,0,NORMAL
9539,0,NORMAL
9540,0,NORMAL
9541,0,NORMAL
9542,0,NORMAL
9543,0,NORMAL
9544,0,NORMAL
9545,0,NORMAL
9546,0,NORMAL
9547,0,NORMAL
9548,0,NORMAL
9549,0,NORMAL
9550,0,NORMAL
9551,0,NORMAL
9552,0,NORMAL
9553,0,NORMAL
9554,0,NORMAL
9555,0,NORMAL
9556,0,NORMAL
9557,0,NORMAL
9558,0,NORMAL
9559,0,NORMAL
9560,0,NORMAL
9561,0,NORMAL
9562,0,NORMAL
9563,0,NORMAL
9564,0,NORMAL
9565,0,NORMAL
9566,0,NORMAL
9567,0,NORMAL
9568,0,NORMAL
9569,0,NORMAL
9570,0,NORMAL
9571,0,NORMAL
9572,0,NORMAL
9573,0,NORMAL
9574,0,NORMAL
9575,0,NORMAL
9576,0,NORMAL
9577,0,NORMAL
9578,0,NORMAL
9579,0,NORMAL
9580,0,NORMAL
9581,0,NORMAL
9582,0,NORMAL
9583,0,NORMAL
9584,0,NORMAL
9585,0,NORMAL
9586,0,NORMAL
9587,0,NORMAL
9588,0,NORMAL
9589,0,NORMAL
9590,0,NORMAL
9591,0,NORMAL
9592,0,NORMAL
9593,0,NORMAL
9594,0,NORMAL
9595,0,NORMAL
9596,0,NORMAL
9597,0,NORMAL
9598,0,NORMAL
9599,0,NORMAL
9600,0,NORMAL
9601,0,NORMAL
9602,0,NORMAL
9603,0,NORMAL
9604,0,NORMAL
9605,0,NORMAL
9606,0,NORMAL
9607,0,NORMAL
9608,0,NORMAL
9609,0,NORMAL
9610,0,NORMAL
9611,0,NORMAL
9612,0,NORMAL
9613,0,NORMAL
9614,0,NORMAL
9615,0,NORMAL
9616,0,NORMAL
9617,0,NORMAL
9618,0,NORMAL
9619,0,NORMAL
9620,0,NORMAL
9621,0,NORMAL
9622,0,NORMAL
9623,0,NORMAL
9624,0,NORMAL
9625,0,NORMAL
9626,0,NORMAL
9627,0,NORMAL
9628,0,NORMAL
9629,0,NORMAL
9630,0,NORMAL
9631,0,NORMAL
9632,0,NORMAL
9633,0,NORMAL
9634,0,NORMAL
9635,0,NORMAL
9636,0,NORMAL
9637,0,NORMAL
9638,0,NORMAL
9639,0,NORMAL
9640,0,NORMAL
9641,0,NORMAL
9642,0,NORMAL
9643,0,NORMAL
9644,0,NORMAL
9645,0,NORMAL
9646,0,NORMAL
9647,0,NORMAL
9648,0,NORMAL
9649,0,NORMAL
9650,0,NORMAL
9651,0,NORMAL
9652,0,NORMAL
9653,0,NORMAL
9654,0,NORMAL
9655,0,NORMAL
9656,0,NORMAL
9657,0,NORMAL
9658,0,NORMAL
9659,0,NORMAL
9660,0,NORMAL
9661,0,NORMAL
9662,0,NORMAL
9663,0,NORMAL
9664,0,NORMAL
9665,0,NORMAL
9666,0,NORMAL
9667,0,NORMAL
9668,0,NORMAL
9669,0,NORMAL
9670,0,NORMAL
9671,0,NORMAL
9672,0,NORMAL
9673,0,NORMAL
9674,0,NORMAL
9675,0,NORMAL
9676,0,NORMAL
9677,0,NORMAL
9678,0,NORMAL
9679,0,NORMAL
9680,0,NORMAL
9681,0,NORMAL
9682,0,NORMAL
9683,0,NORMAL
9684,0,NORMAL
9685,0,NORMAL
9686,0,NORMAL
9687,0,NORMAL
9688,0,NORMAL
9689,0,NORMAL
9690,0,NORMAL
9691,0,NORMAL
9692,0,NORMAL
9693,0,NORMAL
9694,0,NORMAL
9695,0,NORMAL
9696,0,NORMAL
9697,0,NORMAL
9698,0,NORMAL
9699,0,NORMAL
9700,0,NORMAL
9701,0,NORMAL
9702,0,NORMAL
9703,0,NORMAL
9704,0,NORMAL
9705,0,NORMAL
9706,0,NORMAL
9707,0,NORMAL
9708,0,NORMAL
9709,0,NORMAL
9710,0,NORMAL
9711,0,NORMAL
9712,0,NORMAL
9713,0,NORMAL
9714,0,NORMAL
9715,0,NORMAL
9716,0,NORMAL
9717,0,NORMAL
9718,0,NORMAL
9719,0,NORMAL
9720,0,NORMAL
9721,0,NORMAL
9722,0,NORMAL
9723,0,NORMAL
9724,0,NORMAL
9725,0,NORMAL
9726,0,NORMAL
9727,0,NORMAL
9728,0,NORMAL
9729,0,NORMAL
9730,0,NORMAL
9731,0,NORMAL
9732,0,NORMAL
9733,0,NORMAL
9734,0,NORMAL
9735,0,NORMAL
9736,0,NORMAL
9737,0,NORMAL
9738,0,NORMAL
9739,0,NORMAL
9740,0,NORMAL
9741,0,NORMAL
9742,0,NORMAL
9743,0,NORMAL
9744,0,NORMAL
9745,0,NORMAL
9746,0,NORMAL
9747,0,NORMAL
9748,0,NORMAL
9749,0,NORMAL
9750,0,NORMAL
9751,0,NORMAL
9752,0,NORMAL
9753,0,NORMAL
9754,0,NORMAL
9755,0,NORMAL
9756,0,NORMAL
9757,0,NORMAL
9758,0,NORMAL
9759,0,NORMAL
9760,0,NORMAL
9761,0,NORMAL
9762,0,NORMAL
9763,0,NORMAL
9764,0,NORMAL
9765,0,NORMAL
9766,0,NORMAL
9767,0,NORMAL
9768,0,NORMAL
9769,0,NORMAL
9770,0,NORMAL
9771,0,NORMAL
9772,0,NORMAL
9773,0,NORMAL
9774,0,NORMAL
9775,0,NORMAL
9776,0,NORMAL
9777,0,NORMAL
9778,0,NORMAL
9779,0,NORMAL
9780,0,NORMAL
9781,0,NORMAL
9782,0,NORMAL
9783,0,NORMAL
9784,0,NORMAL
9785,0,NORMAL
9786,0,NORMAL
9787,0,NORMAL
9788,0,NORMAL
9789,0,NORMAL
9790,0,NORMAL
9791,0,NORMAL
9792,0,NORMAL
9793,0,NORMAL
9794,0,NORMAL
9795,0,NORMAL
9796,0,NORMAL
9797,0,NORMAL
9798,0,NORMAL
9799,0,NORMAL
9800,0,NORMAL
9801,0,NORMAL
9802,0,NORMAL
9803,0,NORMAL
9804,0,NORMAL
9805,0,NORMAL
9806,0,NORMAL
9807,0,NORMAL
9808,0,NORMAL
9809,0,NORMAL
9810,0,NORMAL
9811,0,NORMAL
9812,0,NORMAL
9813,0,NORMAL
9814,0,NORMAL
9815,0,NORMAL
9816,0,NORMAL
9817,0,NORMAL
9818,0,NORMAL
9819,0,NORMAL
9820,0,NORMAL
9821,0,NORMAL
9822,0,NORMAL
9823,0,NORMAL
9824,0,NORMAL
9825,0,NORMAL
9826,0,NORMAL
9827,0,NORMAL
9828,0,NORMAL
9829,0,NORMAL
9830,0,NORMAL
9831,0,NORMAL
9832,0,NORMAL
9833,0,NORMAL
9834,0,NORMAL
9835,0,NORMAL
9836,0,NORMAL
9837,0,NORMAL
9838,0,NORMAL
9839,0,NORMAL
9840,0,NORMAL
9841,0,NORMAL
9842,0,NORMAL
9843,0,NORMAL
9844,0,NORMAL
9845,0,NORMAL
9846,0,NORMAL
9847,0,NORMAL
9848,0,NORMAL
9849,0,NORMAL
9850,0,NORMAL
9851,0,NORMAL
9852,0,NORMAL
9853,0,NORMAL
9854,0,NORMAL
9855,0,NORMAL
9856,0,NORMAL
9857,0,NORMAL
9858,0,NORMAL
9859,0,NORMAL
9860,0,NORMAL
9861,0,NORMAL
9862,0,NORMAL
9863,0,NORMAL
9864,0,NORMAL
9865,0,NORMAL
9866,0,NORMAL
9867,0,NORMAL
9868,0,NORMAL
9869,0,NORMAL
9870,0,NORMAL
9871,0,NORMAL
9872,0,NORMAL
9873,0,NORMAL
9874,0,NORMAL
9875,0,NORMAL
9876,0,NORMAL
9877,0,NORMAL
9878,0,NORMAL
9879,0,NORMAL
9880,0,NORMAL
9881,0,NORMAL
9882,0,NORMAL
9883,0,NORMAL
9884,0,NORMAL
9885,0,NORMAL
9886,0,NORMAL
9887,0,NORMAL
9888,0,NORMAL
9889,0,NORMAL
9890,0,NORMAL
9891,0,NORMAL
9892,0,NORMAL
9893,0,NORMAL
9894,0,NORMAL
9895,0,NORMAL
9896,0,NORMAL
9897,0,NORMAL
9898,0,NORMAL
9899,0,NORMAL
9900,0,NORMAL
9901,0,NORMAL
9902,0,NORMAL
9903,0,NORMAL
9904,0,NORMAL
9905,0,NORMAL
9906,0,NORMAL
9907,0,NORMAL
9908,0,NORMAL
9909,0,NORMAL
9910,0,NORMAL
9911,0,NORMAL
9912,0,NORMAL
9913,0,NORMAL
9914,0,NORMAL
9915,0,NORMAL
9916,0,NORMAL
9917,0,NORMAL
9918,0,NORMAL
9919,0,NORMAL
9920,0,NORMAL
9921,0,NORMAL
9922,0,NORMAL
9923,0,NORMAL
9924,0,NORMAL
9925,0,NORMAL
9926,0,NORMAL
9927,0,NORMAL
9928,0,NORMAL
9929,0,NORMAL
9930,0,NORMAL
9931,0,NORMAL
9932,0,NORMAL
9933,0,NORMAL
9934,0,NORMAL
9935,0,NORMAL
9936,0,NORMAL
9937,0,NORMAL
9938,0,NORMAL
9939,0,NORMAL
9940,0,NORMAL
9941,0,NORMAL
9942,0,NORMAL
9943,0,NORMAL
9944,0,NORMAL
9945,0,NORMAL
9946,0,NORMAL
9947,0,NORMAL
9948,0,NORMAL
9949,0,NORMAL
9950,0,NORMAL
9951,0,NORMAL
9952,0,NORMAL
9953,0,NORMAL
9954,0,NORMAL
9955,0,NORMAL
9956,0,NORMAL
9957,0,NORMAL
9958,0,NORMAL
9959,0,NORMAL
9960,0,NORMAL
9961,0,NORMAL
9962,0,NORMAL
9963,0,NORMAL
9964,0,NORMAL
9965,0,NORMAL
9966,0,NORMAL
9967,0,NORMAL
9968,0,NORMAL
9969,0,NORMAL
9970,0,NORMAL
9971,0,NORMAL
9972,0,NORMAL
9973,0,NORMAL
9974,0,NORMAL
9975,0,NORMAL
9976,0,NORMAL
9977,0,NORMAL
9978,0,NORMAL
9979,0,NORMAL
9980,0,NORMAL
9981,0,NORMAL
9982,0,NORMAL
9983,0,NORMAL
9984,0,NORMAL
9985,0,NORMAL
9986,0,NORMAL
9987,0,NORMAL
9988,0,NORMAL
9989,0,NORMAL
9990,0,NORMAL
9991,0,NORMAL
9992,0,NORMAL
9993,0,NORMAL
9994,0,NORMAL
9995,0,NORMAL
9996,0,NORMAL
9997,0,NORMAL
9998,0,NORMAL
9999,0,NORMAL
10000,0,NORMAL
10001,0,NORMAL
10002,0,NORMAL
10003,0,NORMAL
10004,0,NORMAL
10005,0,NORMAL
10006,0,NORMAL
10007,0,NORMAL
10008,0,NORMAL
10009,0,NORMAL
10010,0,NORMAL
10011,0,NORMAL
10012,0,NORMAL
10013,0,NORMAL
10014,0,NORMAL
10015,0,NORMAL
10016,0,NORMAL
10017,0,NORMAL
10018,0,NORMAL
10019,0,NORMAL
10020,0,NORMAL
10021,0,NORMAL
10022,0,NORMAL
10023,0,NORMAL
10024,0,NORMAL
10025,0,NORMAL
10026,0,NORMAL
10027,0,NORMAL
10028,0,NORMAL
10029,0,NORMAL
10030,0,NORMAL
10031,0,NORMAL
10032,0,NORMAL
10033,0,NORMAL
10034,0,NORMAL
10035,0,NORMAL
10036,0,NORMAL
10037,0,NORMAL
10038,0,NORMAL
10039,0,NORMAL
10040,0,NORMAL
10041,0,NORMAL
10042,0,NORMAL
10043,0,NORMAL
10044,0,NORMAL
10045,0,NORMAL
10046,0,NORMAL
10047,0,NORMAL
10048,0,NORMAL
10049,0,NORMAL
10050,0,NORMAL
10051,0,NORMAL
10052,0,NORMAL
10053,0,NORMAL
10054,0,NORMAL
10055,0,NORMAL
10056,0,NORMAL
10057,0,NORMAL
10058,0,NORMAL
10059,0,NORMAL
10060,0,NORMAL
10061,0,NORMAL
10062,0,NORMAL
10063,0,NORMAL
10064,0,NORMAL
10065,0,NORMAL
10066,0,NORMAL
10067,0,NORMAL
10068,0,NORMAL
10069,0,NORMAL
10070,0,NORMAL
10071,0,NORMAL
10072,0,NORMAL
10073,0,NORMAL
10074,0,NORMAL
10075,0,NORMAL
10076,0,NORMAL
10077,0,NORMAL
10078,0,NORMAL
10079,0,NORMAL
10080,0,NORMAL
10081,0,NORMAL
10082,0,NORMAL
10083,0,NORMAL
10084,0,NORMAL
10085,0,NORMAL
10086,0,NORMAL
10087,0,NORMAL
10088,0,NORMAL
10089,0,NORMAL
10090,0,NORMAL
10091,0,NORMAL
10092,0,NORMAL
10093,0,NORMAL
10094,0,NORMAL
10095,0,NORMAL
10096,0,NORMAL
10097,0,NORMAL
10098,0,NORMAL
10099,0,NORMAL
10100,0,NORMAL
10101,0,NORMAL
10102,0,NORMAL
10103,0,NORMAL
10104,0,NORMAL
10105,0,NORMAL
10106,0,NORMAL
10107,0,NORMAL
10108,0,NORMAL
10109,0,NORMAL
10110,0,NORMAL
10111,0,NORMAL
10112,0,NORMAL
10113,0,NORMAL
10114,0,NORMAL
10115,0,NORMAL
10116,0,NORMAL
10117,0,NORMAL
10118,0,NORMAL
10119,0,NORMAL
10120,0,NORMAL
10121,0,NORMAL
10122,0,NORMAL
10123,0,NORMAL
10124,0,NORMAL
10125,0,NORMAL
10126,0,NORMAL
10127,0,NORMAL
10128,0,NORMAL
10129,0,NORMAL
10130,0,NORMAL
10131,0,NORMAL
10132,0,NORMAL
10133,0,NORMAL
10134,0,NORMAL
10135,0,NORMAL
10136,0,NORMAL
10137,0,NORMAL
10138,0,NORMAL
10139,0,NORMAL
10140,0,NORMAL
10141,0,NORMAL
10142,0,NORMAL
10143,0,NORMAL
10144,0,NORMAL
10145,0,NORMAL
10146,0,NORMAL
10147,0,NORMAL
10148,0,NORMAL
10149,0,NORMAL
10150,0,NORMAL
10151,0,NORMAL
10152,0,NORMAL
10153,0,NORMAL
10154,0,NORMAL
10155,0,NORMAL
10156,0,NORMAL
10157,0,NORMAL
10158,0,NORMAL
10159,0,NORMAL
10160,0,NORMAL
10161,0,NORMAL
10162,0,NORMAL
10163,0,NORMAL
10164,0,NORMAL
10165,0,NORMAL
10166,0,NORMAL
10167,0,NORMAL
10168,0,NORMAL
10169,0,NORMAL
10170,0,NORMAL
10171,0,NORMAL
10172,0,NORMAL
10173,0,NORMAL
10174,0,NORMAL
10175,0,NORMAL
10176,0,NORMAL
10177,0,NORMAL
10178,0,NORMAL
10179,0,NORMAL
10180,0,NORMAL
10181,0,NORMAL
10182,0,NORMAL
10183,0,NORMAL
10184,0,NORMAL
10185,0,NORMAL
10186,0,NORMAL
10187,0,NORMAL
10188,0,NORMAL
10189,0,NORMAL
10190,0,NORMAL
10191,0,NORMAL
10192,0,NORMAL
10193,0,NORMAL
10194,0,NORMAL
10195,0,NORMAL
10196,0,NORMAL
10197,0,NORMAL
10198,0,NORMAL
10199,0,NORMAL
10200,0,NORMAL
10201,0,NORMAL
10202,0,NORMAL
10203,0,NORMAL
10204,0,NORMAL
10205,0,NORMAL
10206,0,NORMAL
10207,0,NORMAL
10208,0,NORMAL
10209,0,NORMAL
10210,0,NORMAL
10211,0,NORMAL
10212,0,NORMAL
10213,0,NORMAL
10214,0,NORMAL
10215,0,NORMAL
10216,0,NORMAL
10217,0,NORMAL
10218,0,NORMAL
10219,0,NORMAL
10220,0,NORMAL
10221,0,NORMAL
10222,0,NORMAL
10223,0,NORMAL
10224,0,NORMAL
10225,0,NORMAL
10226,0,NORMAL
10227,0,NORMAL
10228,0,NORMAL
10229,0,NORMAL
10230,0,NORMAL
10231,0,NORMAL
10232,0,NORMAL
10233,0,NORMAL
10234,0,NORMAL
10235,0,NORMAL
10236,0,NORMAL
10237,0,NORMAL
10238,0,NORMAL
10239,0,NORMAL
10240,0,NORMAL
10241,0,NORMAL
10242,0,NORMAL
10243,0,NORMAL
10244,0,NORMAL
10245,0,NORMAL
10246,0,NORMAL
10247,0,NORMAL
10248,0,NORMAL
10249,0,NORMAL
10250,0,NORMAL
10251,0,NORMAL
10252,0,NORMAL
10253,0,NORMAL
10254,0,NORMAL
10255,0,NORMAL
10256,0,NORMAL
10257,0,NORMAL
10258,0,NORMAL
10259,0,NORMAL
10260,0,NORMAL
10261,0,NORMAL
10262,0,NORMAL
10263,0,NORMAL
10264,0,NORMAL
10265,0,NORMAL
10266,0,NORMAL
10267,0,NORMAL
10268,0,NORMAL
10269,0,NORMAL
10270,0,NORMAL
10271,0,NORMAL
10272,0,NORMAL
10273,0,NORMAL
10274,0,NORMAL
10275,0,NORMAL
10276,0,NORMAL
10277,0,NORMAL
10278,0,NORMAL
10279,0,NORMAL
10280,0,NORMAL
10281,0,NORMAL
10282,0,NORMAL
10283,0,NORMAL
10284,0,NORMAL
10285,0,NORMAL
10286,0,NORMAL
10287,0,NORMAL
10288,0,NORMAL
10289,0,NORMAL
10290,0,NORMAL
10291,0,NORMAL
10292,0,NORMAL
10293,0,NORMAL
10294,0,NORMAL
10295,0,NORMAL
10296,0,NORMAL
10297,0,NORMAL
10298,0,NORMAL
10299,0,NORMAL
10300,0,NORMAL
10301,0,NORMAL
10302,0,NORMAL
10303,0,NORMAL
10304,0,NORMAL
10305,0,NORMAL
10306,0,NORMAL
10307,0,NORMAL
10308,0,NORMAL
10309,0,NORMAL
10310,0,NORMAL
10311,0,NORMAL
10312,0,NORMAL
10313,0,NORMAL
10314,0,NORMAL
10315,0,NORMAL
10316,0,NORMAL
10317,0,NORMAL
10318,0,NORMAL
10319,0,NORMAL
10320,0,NORMAL
10321,0,NORMAL
10322,0,NORMAL
10323,0,NORMAL
10324,0,NORMAL
10325,0,NORMAL
10326,0,NORMAL
10327,0,NORMAL
10328,0,NORMAL
10329,0,NORMAL
10330,0,NORMAL
10331,0,NORMAL
10332,0,NORMAL
10333,0,NORMAL
10334,0,NORMAL
10335,0,NORMAL
10336,0,NORMAL
10337,0,NORMAL
10338,0,NORMAL
10339,0,NORMAL
10340,0,NORMAL
10341,0,NORMAL
10342,0,NORMAL
10343,0,NORMAL
10344,0,NORMAL
10345,0,NORMAL
10346,0,NORMAL
10347,0,NORMAL
10348,0,NORMAL
10349,0,NORMAL
10350,0,NORMAL
10351,0,NORMAL
10352,0,NORMAL
10353,0,NORMAL
10354,0,NORMAL
10355,0,NORMAL
10356,0,NORMAL
10357,0,NORMAL
10358,0,NORMAL
10359,0,NORMAL
10360,0,NORMAL
10361,0,NORMAL
10362,0,NORMAL
10363,0,NORMAL
10364,0,NORMAL
10365,0,NORMAL
10366,0,NORMAL
10367,0,NORMAL
10368,0,NORMAL
10369,0,NORMAL
10370,0,NORMAL
10371,0,NORMAL
10372,0,NORMAL
10373,0,NORMAL
10374,0,NORMAL
10375,0,NORMAL
10376,0,NORMAL
10377,0,NORMAL
10378,0,NORMAL
10379,0,NORMAL
10380,0,NORMAL
10381,0,NORMAL
10382,0,NORMAL
10383,0,NORMAL
10384,0,NORMAL
10385,0,NORMAL
10386,0,NORMAL
10387,0,NORMAL
10388,0,NORMAL
10389,0,NORMAL
10390,0,NORMAL
10391,0,NORMAL
10392,0,NORMAL
10393,0,NORMAL
10394,0,NORMAL
10395,0,NORMAL
10396,0,NORMAL
10397,0,NORMAL
10398,0,NORMAL
10399,0,NORMAL
10400,0,NORMAL
10401,0,NORMAL
10402,0,NORMAL
10403,0,NORMAL
10404,0,NORMAL
10405,0,NORMAL
10406,0,NORMAL
10407,0,NORMAL
10408,0,NORMAL
10409,0,NORMAL
10410,0,NORMAL
10411,0,NORMAL
10412,0,NORMAL
10413,0,NORMAL
10414,0,NORMAL
10415,0,NORMAL
10416,0,NORMAL
10417,0,NORMAL
10418,0,NORMAL
10419,0,NORMAL
10420,0,NORMAL
10421,0,NORMAL
10422,0,NORMAL
10423,0,NORMAL
10424,0,NORMAL
10425,0,NORMAL
10426,0,NORMAL
10427,0,NORMAL
10428,0,NORMAL
10429,0,NORMAL
10430,0,NORMAL
10431,0,NORMAL
10432,0,NORMAL
10433,0,NORMAL
10434,0,NORMAL
10435,0,NORMAL
10436,0,NORMAL
10437,0,NORMAL
10438,0,NORMAL
10439,0,NORMAL
10440,0,NORMAL
10441,0,NORMAL
10442,0,NORMAL
10443,0,NORMAL
10444,0,NORMAL
10445,0,NORMAL
10446,0,NORMAL
10447,0,NORMAL
10448,0,NORMAL
10449,0,NORMAL
10450,0,NORMAL
10451,0,NORMAL
10452,0,NORMAL
10453,0,NORMAL
10454,0,NORMAL
10455,0,NORMAL
10456,0,NORMAL
10457,0,NORMAL
10458,0,NORMAL
10459,0,NORMAL
10460,0,NORMAL
10461,0,NORMAL
10462,0,NORMAL
10463,0,NORMAL
10464,0,NORMAL
10465,0,NORMAL
10466,0,NORMAL
10467,0,NORMAL
10468,0,NORMAL
10469,0,NORMAL
10470,0,NORMAL
10471,0,NORMAL
10472,0,NORMAL
10473,0,NORMAL
10474,0,NORMAL
10475,0,NORMAL
10476,0,NORMAL
10477,0,NORMAL
10478,0,NORMAL
10479,0,NORMAL
10480,0,NORMAL
10481,0,NORMAL
10482,0,NORMAL
10483,0,NORMAL
10484,0,NORMAL
10485,0,NORMAL
10486,0,NORMAL
10487,0,NORMAL
10488,0,NORMAL
10489,0,NORMAL
10490,0,NORMAL
10491,0,NORMAL
10492,0,NORMAL
10493,0,NORMAL
10494,0,NORMAL
10495,0,NORMAL
10496,0,NORMAL
10497,0,NORMAL
10498,0,NORMAL
10499,0,NORMAL
10500,0,NORMAL
10501,0,NORMAL
10502,0,NORMAL
10503,0,NORMAL
10504,0,NORMAL
10505,0,NORMAL
10506,0,NORMAL
10507,0,NORMAL
10508,0,NORMAL
10509,0,NORMAL
10510,0,NORMAL
10511,0,NORMAL
10512,0,NORMAL
10513,0,NORMAL
10514,0,NORMAL
10515,0,NORMAL
10516,0,NORMAL
10517,0,NORMAL
10518,0,NORMAL
10519,0,NORMAL
10520,0,NORMAL
10521,0,NORMAL
10522,0,NORMAL
10523,0,NORMAL
10524,0,NORMAL
10525,0,NORMAL
10526,0,NORMAL
10527,0,NORMAL
10528,0,NORMAL
10529,0,NORMAL
10530,0,NORMAL
10531,0,NORMAL
10532,0,NORMAL
10533,0,NORMAL
10534,0,NORMAL
10535,0,NORMAL
10536,0,NORMAL
10537,0,NORMAL
10538,0,NORMAL
10539,0,NORMAL
10540,0,NORMAL
10541,0,NORMAL
10542,0,NORMAL
10543,0,NORMAL
10544,0,NORMAL
10545,0,NORMAL
10546,0,NORMAL
10547,0,NORMAL
10548,0,NORMAL
10549,0,NORMAL
10550,0,NORMAL
10551,0,NORMAL
10552,0,NORMAL
10553,0,NORMAL
10554,0,NORMAL
10555,0,NORMAL
10556,0,NORMAL
10557,0,NORMAL
10558,0,NORMAL
10559,0,NORMAL
10560,0,NORMAL
10561,0,NORMAL
10562,0,NORMAL
10563,0,NORMAL
10564,0,NORMAL
10565,0,NORMAL
10566,0,NORMAL
10567,0,NORMAL
10568,0,NORMAL
10569,0,NORMAL
10570,0,NORMAL
10571,0,NORMAL
10572,0,NORMAL
10573,0,NORMAL
10574,0,NORMAL
10575,0,NORMAL
10576,0,NORMAL
10577,0,NORMAL
10578,0,NORMAL
10579,0,NORMAL
10580,0,NORMAL
10581,0,NORMAL
10582,0,NORMAL
10583,0,NORMAL
10584,0,NORMAL
10585,0,NORMAL
10586,0,NORMAL
10587,0,NORMAL
10588,0,NORMAL
10589,0,NORMAL
10590,0,NORMAL
10591,0,NORMAL
10592,0,NORMAL
10593,0,NORMAL
10594,0,NORMAL
10595,0,NORMAL
10596,0,NORMAL
10597,0,NORMAL
10598,0,NORMAL
10599,0,NORMAL
10600,0,NORMAL
10601,0,NORMAL
10602,0,NORMAL
10603,0,NORMAL
10604,0,NORMAL
10605,0,NORMAL
10606,0,NORMAL
10607,0,NORMAL
10608,0,NORMAL
10609,0,NORMAL
10610,0,NORMAL
10611,0,NORMAL
10612,0,NORMAL
10613,0,NORMAL
10614,0,NORMAL
10615,0,NORMAL
10616,0,NORMAL
10617,0,NORMAL
10618,0,NORMAL
10619,0,NORMAL
10620,0,NORMAL
10621,0,NORMAL
10622,0,NORMAL
10623,0,NORMAL
10624,0,NORMAL
10625,0,NORMAL
10626,0,NORMAL
10627,0,NORMAL
10628,0,NORMAL
10629,0,NORMAL
10630,0,NORMAL
10631,0,NORMAL
10632,0,NORMAL
10633,0,NORMAL
10634,0,NORMAL
10635,0,NORMAL
10636,0,NORMAL
10637,0,NORMAL
10638,0,NORMAL
10639,0,NORMAL
10640,0,NORMAL
10641,0,NORMAL
10642,0,NORMAL
10643,0,NORMAL
10644,0,NORMAL
10645,0,NORMAL
10646,0,NORMAL
10647,0,NORMAL
10648,0,NORMAL
10649,0,NORMAL
10650,0,NORMAL
10651,0,NORMAL
10652,0,NORMAL
10653,0,NORMAL
10654,0,NORMAL
10655,0,NORMAL
10656,0,NORMAL
10657,0,NORMAL
10658,0,NORMAL
10659,0,NORMAL
10660,0,NORMAL
10661,0,NORMAL
10662,0,NORMAL
10663,0,NORMAL
10664,0,NORMAL
10665,0,NORMAL
10666,0,NORMAL
10667,0,NORMAL
10668,0,NORMAL
10669,0,NORMAL
10670,0,NORMAL
10671,0,NORMAL
10672,0,NORMAL
10673,0,NORMAL
10674,0,NORMAL
10675,0,NORMAL
10676,0,NORMAL
10677,0,NORMAL
10678,0,NORMAL
10679,0,NORMAL
10680,0,NORMAL
10681,0,NORMAL
10682,0,NORMAL
10683,0,NORMAL
10684,0,NORMAL
10685,0,NORMAL
10686,0,NORMAL
10687,0,NORMAL
10688,0,NORMAL
10689,0,NORMAL
10690,0,NORMAL
10691,0,NORMAL
10692,0,NORMAL
10693,0,NORMAL
10694,0,NORMAL
10695,0,NORMAL
10696,0,NORMAL
10697,0,NORMAL
10698,0,NORMAL
10699,0,NORMAL
10700,0,NORMAL
10701,0,NORMAL
10702,0,NORMAL
10703,0,NORMAL
10704,0,NORMAL
10705,0,NORMAL
10706,0,NORMAL
10707,0,NORMAL
10708,0,NORMAL
10709,0,NORMAL
10710,0,NORMAL
10711,0,NORMAL
10712,0,NORMAL
10713,0,NORMAL
10714,0,NORMAL
10715,0,NORMAL
10716,0,NORMAL
10717,0,NORMAL
10718,0,NORMAL
10719,0,NORMAL
10720,0,NORMAL
10721,0,NORMAL
10722,0,NORMAL
10723,0,NORMAL
10724,0,NORMAL
10725,0,NORMAL
10726,0,NORMAL
10727,0,NORMAL
10728,0,NORMAL
10729,0,NORMAL
10730,0,NORMAL
10731,0,NORMAL
10732,0,NORMAL
10733,0,NORMAL
10734,0,NORMAL
10735,0,NORMAL
10736,0,NORMAL
10737,0,NORMAL
10738,0,NORMAL
10739,0,NORMAL
10740,0,NORMAL
10741,0,NORMAL
10742,0,NORMAL
10743,0,NORMAL
10744,0,NORMAL
10745,0,NORMAL
10746,0,NORMAL
10747,0,NORMAL
10748,0,NORMAL
10749,0,NORMAL
10750,0,NORMAL
10751,0,NORMAL
10752,0,NORMAL
10753,0,NORMAL
10754,0,NORMAL
10755,0,NORMAL
10756,0,NORMAL
10757,0,NORMAL
10758,0,NORMAL
10759,0,NORMAL
10760,0,NORMAL
10761,0,NORMAL
10762,0,NORMAL
10763,0,NORMAL
10764,0,NORMAL
10765,0,NORMAL
10766,0,NORMAL
10767,0,NORMAL
10768,0,NORMAL
10769,0,NORMAL
10770,0,NORMAL
10771,0,NORMAL
10772,0,NORMAL
10773,0,NORMAL
10774,0,NORMAL
10775,0,NORMAL
10776,0,NORMAL
10777,0,NORMAL
10778,0,NORMAL
10779,0,NORMAL
10780,0,NORMAL
10781,0,NORMAL
10782,0,NORMAL
10783,0,NORMAL
10784,0,NORMAL
10785,0,NORMAL
10786,0,NORMAL
10787,0,NORMAL
10788,0,NORMAL
10789,0,NORMAL
10790,0,NORMAL
10791,0,NORMAL
10792,0,NORMAL
10793,0,NORMAL
10794,0,NORMAL
10795,0,NORMAL
10796,0,NORMAL
10797,0,NORMAL
10798,0,NORMAL
10799,0,NORMAL
10800,0,NORMAL
10801,0,NORMAL
10802,0,NORMAL
10803,0,NORMAL
10804,0,NORMAL
10805,0,NORMAL
10806,0,NORMAL
10807,0,NORMAL
10808,0,NORMAL
10809,0,NORMAL
10810,0,NORMAL
10811,0,NORMAL
10812,0,NORMAL
10813,0,NORMAL
10814,0,NORMAL
10815,0,NORMAL
10816,0,NORMAL
10817,0,NORMAL
10818,0,NORMAL
10819,0,NORMAL
10820,0,NORMAL
10821,0,NORMAL
10822,0,NORMAL
10823,0,NORMAL
10824,0,NORMAL
10825,0,NORMAL
10826,0,NORMAL
10827,0,NORMAL
10828,0,NORMAL
10829,0,NORMAL
10830,0,NORMAL
10831,0,NORMAL
10832,0,NORMAL
10833,0,NORMAL
10834,0,NORMAL
10835,0,NORMAL
10836,0,NORMAL
10837,0,NORMAL
10838,0,NORMAL
10839,0,NORMAL
10840,0,NORMAL
10841,0,NORMAL
10842,0,NORMAL
10843,0,NORMAL
10844,0,NORMAL
10845,0,NORMAL
10846,0,NORMAL
10847,0,NORMAL
10848,0,NORMAL
10849,0,NORMAL
10850,0,NORMAL
10851,0,NORMAL
10852,0,NORMAL
10853,0,NORMAL
10854,0,NORMAL
10855,0,NORMAL
10856,0,NORMAL
10857,0,NORMAL
10858,0,NORMAL
10859,0,NORMAL
10860,0,NORMAL
10861,0,NORMAL
10862,0,NORMAL
10863,0,NORMAL
10864,0,NORMAL
10865,0,NORMAL
10866,0,NORMAL
10867,0,NORMAL
10868,0,NORMAL
10869,0,NORMAL
10870,0,NORMAL
10871,0,NORMAL
10872,0,NORMAL
10873,0,NORMAL
10874,0,NORMAL
10875,0,NORMAL
10876,0,NORMAL
10877,0,NORMAL
10878,0,NORMAL
10879,0,NORMAL
10880,0,NORMAL
10881,0,NORMAL
10882,0,NORMAL
10883,0,NORMAL
10884,0,NORMAL
10885,0,NORMAL
10886,0,NORMAL
10887,0,NORMAL
10888,0,NORMAL
10889,0,NORMAL
10890,0,NORMAL
10891,0,NORMAL
10892,0,NORMAL
10893,0,NORMAL
10894,0,NORMAL
10895,0,NORMAL
10896,0,NORMAL
10897,0,NORMAL
10898,0,NORMAL
10899,0,NORMAL
10900,0,NORMAL
10901,0,NORMAL
10902,0,NORMAL
10903,0,NORMAL
10904,0,NORMAL
10905,0,NORMAL
10906,0,NORMAL
10907,0,NORMAL
10908,0,NORMAL
10909,0,NORMAL
10910,0,NORMAL
10911,0,NORMAL
10912,0,NORMAL
10913,0,NORMAL
10914,0,NORMAL
10915,0,NORMAL
10916,0,NORMAL
10917,0,NORMAL
10918,0,NORMAL
10919,0,NORMAL
10920,0,NORMAL
10921,0,NORMAL
10922,0,NORMAL
10923,0,NORMAL
10924,0,NORMAL
10925,0,NORMAL
10926,0,NORMAL
10927,0,NORMAL
10928,0,NORMAL
10929,0,NORMAL
10930,0,NORMAL
10931,0,NORMAL
10932,0,NORMAL
10933,0,NORMAL
10934,0,NORMAL
10935,0,NORMAL
10936,0,NORMAL
10937,0,NORMAL
10938,0,NORMAL
10939,0,NORMAL
10940,0,NORMAL
10941,0,NORMAL
10942,0,NORMAL
10943,0,NORMAL
10944,0,NORMAL
10945,0,NORMAL
10946,0,NORMAL
10947,0,NORMAL
10948,0,NORMAL
10949,0,NORMAL
10950,0,NORMAL
10951,0,NORMAL
10952,0,NORMAL
10953,0,NORMAL
10954,0,NORMAL
10955,0,NORMAL
10956,0,NORMAL
10957,0,NORMAL
10958,0,NORMAL
10959,0,NORMAL
10960,0,NORMAL
10961,0,NORMAL
10962,0,NORMAL
10963,0,NORMAL
10964,0,NORMAL
10965,0,NORMAL
10966,0,NORMAL
10967,0,NORMAL
10968,0,NORMAL
10969,0,NORMAL
10970,0,NORMAL
10971,0,NORMAL
10972,0,NORMAL
10973,0,NORMAL
10974,0,NORMAL
10975,0,NORMAL
10976,0,NORMAL
10977,0,NORMAL
10978,0,NORMAL
10979,0,NORMAL
10980,0,NORMAL
10981,0,NORMAL
10982,0,NORMAL
10983,0,NORMAL
10984,0,NORMAL
10985,0,NORMAL
10986,0,NORMAL
10987,0,NORMAL
10988,0,NORMAL
10989,0,NORMAL
10990,0,NORMAL
10991,0,NORMAL
10992,0,NORMAL
10993,0,NORMAL
10994,0,NORMAL
10995,0,NORMAL
10996,0,NORMAL
10997,0,NORMAL
10998,0,NORMAL
10999,0,NORMAL
11000,0,NORMAL
11001,0,NORMAL
11002,0,NORMAL
11003,0,NORMAL
11004,0,NORMAL
11005,0,NORMAL
11006,0,NORMAL
11007,0,NORMAL
11008,0,NORMAL
11009,0,NORMAL
11010,0,NORMAL
11011,0,NORMAL
11012,0,NORMAL
11013,0,NORMAL
11014,0,NORMAL
11015,0,NORMAL
11016,0,NORMAL
11017,0,NORMAL
11018,0,NORMAL
11019,0,NORMAL
11020,0,NORMAL
11021,0,NORMAL
11022,0,NORMAL
11023,0,NORMAL
11024,0,NORMAL
11025,0,NORMAL
11026,0,NORMAL
11027,0,NORMAL
11028,0,NORMAL
11029,0,NORMAL
11030,0,NORMAL
11031,0,NORMAL
11032,0,NORMAL
11033,0,NORMAL
11034,0,NORMAL
11035,0,NORMAL
11036,0,NORMAL
11037,0,NORMAL
11038,0,NORMAL
11039,0,NORMAL
11040,0,NORMAL
11041,0,NORMAL
11042,0,NORMAL
11043,0,NORMAL
11044,0,NORMAL
11045,0,NORMAL
11046,0,NORMAL
11047,0,NORMAL
11048,0,NORMAL
11049,0,NORMAL
11050,0,NORMAL
11051,0,NORMAL
11052,0,NORMAL
11053,0,NORMAL
11054,0,NORMAL
11055,0,NORMAL
11056,0,NORMAL
11057,0,NORMAL
11058,0,NORMAL
11059,0,NORMAL
11060,0,NORMAL
11061,0,NORMAL
11062,0,NORMAL
11063,0,NORMAL
11064,0,NORMAL
11065,0,NORMAL
11066,0,NORMAL
11067,0,NORMAL
11068,0,NORMAL
11069,0,NORMAL
11070,0,NORMAL
11071,0,NORMAL
11072,0,NORMAL
11073,0,NORMAL
11074,0,NORMAL
11075,0,NORMAL
11076,0,NORMAL
11077,0,NORMAL
11078,0,NORMAL
11079,0,NORMAL
11080,0,NORMAL
11081,0,NORMAL
11082,0,NORMAL
11083,0,NORMAL
11084,0,NORMAL
11085,0,NORMAL
11086,0,NORMAL
11087,0,NORMAL
11088,0,NORMAL
11089,0,NORMAL
11090,0,NORMAL
11091,0,NORMAL
11092,0,NORMAL
11093,0,NORMAL
11094,0,NORMAL
11095,0,NORMAL
11096,0,NORMAL
11097,0,NORMAL
11098,0,NORMAL
11099,0,NORMAL
11100,0,NORMAL
11101,0,NORMAL
11102,0,NORMAL
11103,0,NORMAL
11104,0,NORMAL
11105,0,NORMAL
11106,0,NORMAL
11107,0,NORMAL
11108,0,NORMAL
11109,0,NORMAL
11110,0,NORMAL
11111,0,NORMAL
11112,0,NORMAL
11113,0,NORMAL
11114,0,NORMAL
11115,0,NORMAL
11116,0,NORMAL
11117,0,NORMAL
11118,0,NORMAL
11119,0,NORMAL
11120,0,NORMAL
11121,0,NORMAL
11122,0,NORMAL
11123,0,NORMAL
11124,0,NORMAL
11125,0,NORMAL
11126,0,NORMAL
11127,0,NORMAL
11128,0,NORMAL
11129,0,NORMAL
11130,0,NORMAL
11131,0,NORMAL
11132,0,NORMAL
11133,0,NORMAL
11134,0,NORMAL
11135,0,NORMAL
11136,0,NORMAL
11137,0,NORMAL
11138,0,NORMAL
11139,0,NORMAL
11140,0,NORMAL
11141,0,NORMAL
11142,0,NORMAL
11143,0,NORMAL
11144,0,NORMAL
11145,0,NORMAL
11146,0,NORMAL
11147,0,NORMAL
11148,0,NORMAL
11149,0,NORMAL
11150,0,NORMAL
11151,0,NORMAL
11152,0,NORMAL
11153,0,NORMAL
11154,0,NORMAL
11155,0,NORMAL
11156,0,NORMAL
11157,0,NORMAL
11158,0,NORMAL
11159,0,NORMAL
11160,0,NORMAL
11161,0,NORMAL
11162,0,NORMAL
11163,0,NORMAL
11164,0,NORMAL
11165,0,NORMAL
11166,0,NORMAL
11167,0,NORMAL
11168,0,NORMAL
11169,0,NORMAL
11170,0,NORMAL
11171,0,NORMAL
11172,0,NORMAL
11173,0,NORMAL
11174,0,NORMAL
11175,0,NORMAL
11176,0,NORMAL
11177,0,NORMAL
11178,0,NORMAL
11179,0,NORMAL
11180,0,NORMAL
11181,0,NORMAL
11182,0,NORMAL
11183,0,NORMAL
11184,0,NORMAL
11185,0,NORMAL
11186,0,NORMAL
11187,0,NORMAL
11188,0,NORMAL
11189,0,NORMAL
11190,0,NORMAL
11191,0,NORMAL
11192,0,NORMAL
11193,0,NORMAL
11194,0,NORMAL
11195,0,NORMAL
11196,0,NORMAL
11197,0,NORMAL
11198,0,NORMAL
11199,0,NORMAL
11200,0,NORMAL
11201,0,NORMAL
11202,0,NORMAL
11203,0,NORMAL
11204,0,NORMAL
11205,0,NORMAL
11206,0,NORMAL
11207,0,NORMAL
11208,0,NORMAL
11209,0,NORMAL
11210,0,NORMAL
11211,0,NORMAL
11212,0,NORMAL
11213,0,NORMAL
11214,0,NORMAL
11215,0,NORMAL
11216,0,NORMAL
11217,0,NORMAL
11218,0,NORMAL
11219,0,NORMAL
11220,0,NORMAL
11221,0,NORMAL
11222,0,NORMAL
11223,0,NORMAL
11224,0,NORMAL
11225,0,NORMAL
11226,0,NORMAL
11227,0,NORMAL
11228,0,NORMAL
11229,0,NORMAL
11230,0,NORMAL
11231,0,NORMAL
11232,0,NORMAL
11233,0,NORMAL
11234,0,NORMAL
11235,0,NORMAL
11236,0,NORMAL
11237,0,NORMAL
11238,0,NORMAL
11239,0,NORMAL
11240,0,NORMAL
11241,0,NORMAL
11242,0,NORMAL
11243,0,NORMAL
11244,0,NORMAL
11245,0,NORMAL
11246,0,NORMAL
11247,0,NORMAL
11248,0,NORMAL
11249,0,NORMAL
11250,0,NORMAL
11251,0,NORMAL
11252,0,NORMAL
11253,0,NORMAL
11254,0,NORMAL
11255,0,NORMAL
11256,0,NORMAL
11257,0,NORMAL
11258,0,NORMAL
11259,0,NORMAL
11260,0,NORMAL
11261,0,NORMAL
11262,0,NORMAL
11263,0,NORMAL
11264,0,NORMAL
11265,0,NORMAL
11266,0,NORMAL
11267,0,NORMAL
11268,0,NORMAL
11269,0,NORMAL
11270,0,NORMAL
11271,0,NORMAL
11272,0,NORMAL
11273,0,NORMAL
11274,0,NORMAL
11275,0,NORMAL
11276,0,NORMAL
11277,0,NORMAL
11278,0,NORMAL
11279,0,NORMAL
11280,0,NORMAL
11281,0,NORMAL
11282,0,NORMAL
11283,0,NORMAL
11284,0,NORMAL
11285,0,NORMAL
11286,0,NORMAL
11287,0,NORMAL
11288,0,NORMAL
11289,0,NORMAL
11290,0,NORMAL
11291,0,NORMAL
11292,0,NORMAL
11293,0,NORMAL
11294,0,NORMAL
11295,0,NORMAL
11296,0,NORMAL
11297,0,NORMAL
11298,0,NORMAL
11299,0,NORMAL
11300,0,NORMAL
11301,0,NORMAL
11302,0,NORMAL
11303,0,NORMAL
11304,0,NORMAL
11305,0,NORMAL
11306,0,NORMAL
11307,0,NORMAL
11308,0,NORMAL
11309,0,NORMAL
11310,0,NORMAL
11311,0,NORMAL
11312,0,NORMAL
11313,0,NORMAL
11314,0,NORMAL
11315,0,NORMAL
11316,0,NORMAL
11317,0,NORMAL
11318,0,NORMAL
11319,0,NORMAL
11320,0,NORMAL
11321,0,NORMAL
11322,0,NORMAL
11323,0,NORMAL
11324,0,NORMAL
11325,0,NORMAL
11326,0,NORMAL
11327,0,NORMAL
11328,0,NORMAL
11329,0,NORMAL
11330,0,NORMAL
11331,0,NORMAL
11332,0,NORMAL
11333,0,NORMAL
11334,0,NORMAL
11335,0,NORMAL
11336,0,NORMAL
11337,0,NORMAL
11338,0,NORMAL
11339,0,NORMAL
11340,0,NORMAL
11341,0,NORMAL
11342,0,NORMAL
11343,0,NORMAL
11344,0,NORMAL
11345,0,NORMAL
11346,0,NORMAL
11347,0,NORMAL
11348,0,NORMAL
11349,0,NORMAL
11350,0,NORMAL
11351,0,NORMAL
11352,0,NORMAL
11353,0,NORMAL
11354,0,NORMAL
11355,0,NORMAL
11356,0,NORMAL
11357,0,NORMAL
11358,0,NORMAL
11359,0,NORMAL
11360,0,NORMAL
11361,0,NORMAL
11362,0,NORMAL
11363,0,NORMAL
11364,0,NORMAL
11365,0,NORMAL
11366,0,NORMAL
11367,0,NORMAL
11368,0,NORMAL
11369,0,NORMAL
11370,0,NORMAL
11371,0,NORMAL
11372,0,NORMAL
11373,0,NORMAL
11374,0,NORMAL
11375,0,NORMAL
11376,0,NORMAL
11377,0,NORMAL
11378,0,NORMAL
11379,0,NORMAL
11380,0,NORMAL
11381,0,NORMAL
11382,0,NORMAL
11383,0,NORMAL
11384,0,NORMAL
11385,0,NORMAL
11386,0,NORMAL
11387,0,NORMAL
11388,0,NORMAL
11389,0,NORMAL
11390,0,NORMAL
11391,0,NORMAL
11392,0,NORMAL
11393,0,NORMAL
11394,0,NORMAL
11395,0,NORMAL
11396,0,NORMAL
11397,0,NORMAL
11398,0,NORMAL
11399,0,NORMAL
11400,0,NORMAL
11401,0,NORMAL
11402,0,NORMAL
11403,0,NORMAL
11404,0,NORMAL
11405,0,NORMAL
11406,0,NORMAL
11407,0,NORMAL
11408,0,NORMAL
11409,0,NORMAL
11410,0,NORMAL
11411,0,NORMAL
11412,0,NORMAL
11413,0,NORMAL
11414,0,NORMAL
11415,0,NORMAL
11416,0,NORMAL
11417,0,NORMAL
11418,0,NORMAL
11419,0,NORMAL
11420,0,NORMAL
11421,0,NORMAL
11422,0,NORMAL
11423,0,NORMAL
11424,0,NORMAL
11425,0,NORMAL
11426,0,NORMAL
11427,0,NORMAL
11428,0,NORMAL
11429,0,NORMAL
11430,0,NORMAL
11431,0,NORMAL
11432,0,NORMAL
11433,0,NORMAL
11434,0,NORMAL
11435,0,NORMAL
11436,0,NORMAL
11437,0,NORMAL
11438,0,NORMAL
11439,0,NORMAL
11440,0,NORMAL
11441,0,NORMAL
11442,0,NORMAL
11443,0,NORMAL
11444,0,NORMAL
11445,0,NORMAL
11446,0,NORMAL
11447,0,NORMAL
11448,0,NORMAL
11449,0,NORMAL
11450,0,NORMAL
11451,0,NORMAL
11452,0,NORMAL
11453,0,NORMAL
11454,0,NORMAL
11455,0,NORMAL
11456,0,NORMAL
11457,0,NORMAL
11458,0,NORMAL
11459,0,NORMAL
11460,0,NORMAL
11461,0,NORMAL
11462,0,NORMAL
11463,0,NORMAL
11464,0,NORMAL
11465,0,NORMAL
11466,0,NORMAL
11467,0,NORMAL
11468,0,NORMAL
11469,0,NORMAL
11470,0,NORMAL
11471,0,NORMAL
11472,0,NORMAL
11473,0,NORMAL
11474,0,NORMAL
11475,0,NORMAL
11476,0,NORMAL
11477,0,NORMAL
11478,0,NORMAL
11479,0,NORMAL
11480,0,NORMAL
11481,0,NORMAL
11482,0,NORMAL
11483,0,NORMAL
11484,0,NORMAL
11485,0,NORMAL
11486,0,NORMAL
11487,0,NORMAL
11488,0,NORMAL
11489,0,NORMAL
11490,0,NORMAL
11491,0,NORMAL
11492,0,NORMAL
11493,0,NORMAL
11494,0,NORMAL
11495,0,NORMAL
11496,0,NORMAL
11497,0,NORMAL
11498,0,NORMAL
11499,0,NORMAL
11500,0,NORMAL
11501,0,NORMAL
11502,0,NORMAL
11503,0,NORMAL
11504,0,NORMAL
11505,0,NORMAL
11506,0,NORMAL
11507,0,NORMAL
11508,0,NORMAL
11509,0,NORMAL
11510,0,NORMAL
11511,0,NORMAL
11512,0,NORMAL
11513,0,NORMAL
11514,0,NORMAL
11515,0,NORMAL
11516,0,NORMAL
11517,0,NORMAL
11518,0,NORMAL
11519,0,NORMAL
11520,0,NORMAL
11521,0,NORMAL
11522,0,NORMAL
11523,0,NORMAL
11524,0,NORMAL
11525,0,NORMAL
11526,0,NORMAL
11527,0,NORMAL
11528,0,NORMAL
11529,0,NORMAL
11530,0,NORMAL
11531,0,NORMAL
11532,0,NORMAL
11533,0,NORMAL
11534,0,NORMAL
11535,0,NORMAL
11536,0,NORMAL
11537,0,NORMAL
11538,0,NORMAL
11539,0,NORMAL
11540,0,NORMAL
11541,0,NORMAL
11542,0,NORMAL
11543,0,NORMAL
11544,0,NORMAL
11545,0,NORMAL
11546,0,NORMAL
11547,0,NORMAL
11548,0,NORMAL
11549,0,NORMAL
11550,0,NORMAL
11551,0,NORMAL
11552,0,NORMAL
11553,0,NORMAL
11554,0,NORMAL
11555,0,NORMAL
11556,0,NORMAL
11557,0,NORMAL
11558,0,NORMAL
11559,0,NORMAL
11560,0,NORMAL
11561,0,NORMAL
11562,0,NORMAL
11563,0,NORMAL
11564,0,NORMAL
11565,0,NORMAL
11566,0,NORMAL
11567,0,NORMAL
11568,0,NORMAL
11569,0,NORMAL
11570,0,NORMAL
11571,0,NORMAL
11572,0,NORMAL
11573,0,NORMAL
11574,0,NORMAL
11575,0,NORMAL
11576,0,NORMAL
11577,0,NORMAL
11578,0,NORMAL
11579,0,NORMAL
11580,0,NORMAL
11581,0,NORMAL
11582,0,NORMAL
11583,0,NORMAL
11584,0,NORMAL
11585,0,NORMAL
11586,0,NORMAL
11587,0,NORMAL
11588,0,NORMAL
11589,0,NORMAL
11590,0,NORMAL
11591,0,NORMAL
11592,0,NORMAL
11593,0,NORMAL
11594,0,NORMAL
11595,0,NORMAL
11596,0,NORMAL
11597,0,NORMAL
11598,0,NORMAL
11599,0,NORMAL
11600,0,NORMAL
11601,0,NORMAL
11602,0,NORMAL
11603,0,NORMAL
11604,0,NORMAL
11605,0,NORMAL
11606,0,NORMAL
11607,0,NORMAL
11608,0,NORMAL
11609,0,NORMAL
11610,0,NORMAL
11611,0,NORMAL
11612,0,NORMAL
11613,0,NORMAL
11614,0,NORMAL
11615,0,NORMAL
11616,0,NORMAL
11617,0,NORMAL
11618,0,NORMAL
11619,0,NORMAL
11620,0,NORMAL
11621,0,NORMAL
11622,0,NORMAL
11623,0,NORMAL
11624,0,NORMAL
11625,0,NORMAL
11626,0,NORMAL
11627,0,NORMAL
11628,0,NORMAL
11629,0,NORMAL
11630,0,NORMAL
11631,0,NORMAL
11632,0,NORMAL
11633,0,NORMAL
11634,0,NORMAL
11635,0,NORMAL
11636,0,NORMAL
11637,0,NORMAL
11638,0,NORMAL
11639,0,NORMAL
11640,0,NORMAL
11641,0,NORMAL
11642,0,NORMAL
11643,0,NORMAL
11644,0,NORMAL
11645,0,NORMAL
11646,0,NORMAL
11647,0,NORMAL
11648,0,NORMAL
11649,0,NORMAL
11650,0,NORMAL
11651,0,NORMAL
11652,0,NORMAL
11653,0,NORMAL
11654,0,NORMAL
11655,0,NORMAL
11656,0,NORMAL
11657,0,NORMAL
11658,0,NORMAL
11659,0,NORMAL
11660,0,NORMAL
11661,0,NORMAL
11662,0,NORMAL
11663,0,NORMAL
11664,0,NORMAL
11665,0,NORMAL
11666,0,NORMAL
11667,0,NORMAL
11668,0,NORMAL
11669,0,NORMAL
11670,0,NORMAL
11671,0,NORMAL
11672,0,NORMAL
11673,0,NORMAL
11674,0,NORMAL
11675,0,NORMAL
11676,0,NORMAL
11677,0,NORMAL
11678,0,NORMAL
11679,0,NORMAL
11680,0,NORMAL
11681,0,NORMAL
11682,0,NORMAL
11683,0,NORMAL
11684,0,NORMAL
11685,0,NORMAL
11686,0,NORMAL
11687,0,NORMAL
11688,0,NORMAL
11689,0,NORMAL
11690,0,NORMAL
11691,0,NORMAL
11692,0,NORMAL
11693,0,NORMAL
11694,0,NORMAL
11695,0,NORMAL
11696,0,NORMAL
11697,0,NORMAL
11698,0,NORMAL
11699,0,NORMAL
11700,0,NORMAL
11701,0,NORMAL
11702,0,NORMAL
11703,0,NORMAL
11704,0,NORMAL
11705,0,NORMAL
11706,0,NORMAL
11707,0,NORMAL
11708,0,NORMAL
11709,0,NORMAL
11710,0,NORMAL
11711,0,NORMAL
11712,0,NORMAL
11713,0,NORMAL
11714,0,NORMAL
11715,0,NORMAL
11716,0,NORMAL
11717,0,NORMAL
11718,0,NORMAL
11719,0,NORMAL
11720,0,NORMAL
11721,0,NORMAL
11722,0,NORMAL
11723,0,NORMAL
11724,0,NORMAL
11725,0,NORMAL
11726,0,NORMAL
11727,0,NORMAL
11728,0,NORMAL
11729,0,NORMAL
11730,0,NORMAL
11731,0,NORMAL
11732,0,NORMAL
11733,0,NORMAL
11734,0,NORMAL
11735,0,NORMAL
11736,0,NORMAL
11737,0,NORMAL
11738,0,NORMAL
11739,0,NORMAL
11740,0,NORMAL
11741,0,NORMAL
11742,0,NORMAL
11743,0,NORMAL
11744,0,NORMAL
11745,0,NORMAL
11746,0,NORMAL
11747,0,NORMAL
11748,0,NORMAL
11749,0,NORMAL
11750,0,NORMAL
11751,0,NORMAL
11752,0,NORMAL
11753,0,NORMAL
11754,0,NORMAL
11755,0,NORMAL
11756,0,NORMAL
11757,0,NORMAL
11758,0,NORMAL
11759,0,NORMAL
11760,0,NORMAL
11761,0,NORMAL
11762,0,NORMAL
11763,0,NORMAL
11764,0,NORMAL
11765,0,NORMAL
11766,0,NORMAL
11767,0,NORMAL
11768,0,NORMAL
11769,0,NORMAL
11770,0,NORMAL
11771,0,NORMAL
11772,0,NORMAL
11773,0,NORMAL
11774,0,NORMAL
11775,0,NORMAL
11776,0,NORMAL
11777,0,NORMAL
11778,0,NORMAL
11779,0,NORMAL
11780,0,NORMAL
11781,0,NORMAL
11782,0,NORMAL
11783,0,NORMAL
11784,0,NORMAL
11785,0,NORMAL
11786,0,NORMAL
11787,0,NORMAL
11788,0,NORMAL
11789,0,NORMAL
11790,0,NORMAL
11791,0,NORMAL
11792,0,NORMAL
11793,0,NORMAL
11794,0,NORMAL
11795,0,NORMAL
11796,0,NORMAL
11797,0,NORMAL
11798,0,NORMAL
11799,0,NORMAL
11800,0,NORMAL
11801,0,NORMAL
11802,0,NORMAL
11803,0,NORMAL
11804,0,NORMAL
11805,0,NORMAL
11806,0,NORMAL
11807,0,NORMAL
11808,0,NORMAL
11809,0,NORMAL
11810,0,NORMAL
11811,0,NORMAL
11812,0,NORMAL
11813,0,NORMAL
11814,0,NORMAL
11815,0,NORMAL
11816,0,NORMAL
11817,0,NORMAL
11818,0,NORMAL
11819,0,NORMAL
11820,0,NORMAL
11821,0,NORMAL
11822,0,NORMAL
11823,0,NORMAL
11824,0,NORMAL
11825,0,NORMAL
11826,0,NORMAL
11827,0,NORMAL
11828,0,NORMAL
11829,0,NORMAL
11830,0,NORMAL
11831,0,NORMAL
11832,0,NORMAL
11833,0,NORMAL
11834,0,NORMAL
11835,0,NORMAL
11836,0,NORMAL
11837,0,NORMAL
11838,0,NORMAL
11839,0,NORMAL
11840,0,NORMAL
11841,0,NORMAL
11842,0,NORMAL
11843,0,NORMAL
11844,0,NORMAL
11845,0,NORMAL
11846,0,NORMAL
11847,0,NORMAL
11848,0,NORMAL
11849,0,NORMAL
11850,0,NORMAL
11851,0,NORMAL
11852,0,NORMAL
11853,0,NORMAL
11854,0,NORMAL
11855,0,NORMAL
11856,0,NORMAL
11857,0,NORMAL
11858,0,NORMAL
11859,0,NORMAL
11860,0,NORMAL
11861,0,NORMAL
11862,0,NORMAL
11863,0,NORMAL
11864,0,NORMAL
11865,0,NORMAL
11866,0,NORMAL
11867,0,NORMAL
11868,0,NORMAL
11869,0,NORMAL
11870,0,NORMAL
11871,0,NORMAL
11872,0,NORMAL
11873,0,NORMAL
11874,0,NORMAL
11875,0,NORMAL
11876,0,NORMAL
11877,0,NORMAL
11878,0,NORMAL
11879,0,NORMAL
11880,0,NORMAL
11881,0,NORMAL
11882,0,NORMAL
11883,0,NORMAL
11884,0,NORMAL
11885,0,NORMAL
11886,0,NORMAL
11887,0,NORMAL
11888,0,NORMAL
11889,0,NORMAL
11890,0,NORMAL
11891,0,NORMAL
11892,0,NORMAL
11893,0,NORMAL
11894,0,NORMAL
11895,0,NORMAL
11896,0,NORMAL
11897,0,NORMAL
11898,0,NORMAL
11899,0,NORMAL
11900,0,NORMAL
11901,0,NORMAL
11902,0,NORMAL
11903,0,NORMAL
11904,0,NORMAL
11905,0,NORMAL
11906,0,NORMAL
11907,0,NORMAL
11908,0,NORMAL
11909,0,NORMAL
11910,0,NORMAL
11911,0,NORMAL
11912,0,NORMAL
11913,0,NORMAL
11914,0,NORMAL
11915,0,NORMAL
11916,0,NORMAL
11917,0,NORMAL
11918,0,NORMAL
11919,0,NORMAL
11920,0,NORMAL
11921,0,NORMAL
11922,0,NORMAL
11923,0,NORMAL
11924,0,NORMAL
11925,0,NORMAL
11926,0,NORMAL
11927,0,NORMAL
11928,0,NORMAL
11929,0,NORMAL
11930,0,NORMAL
11931,0,NORMAL
11932,0,NORMAL
11933,0,NORMAL
11934,0,NORMAL
11935,0,NORMAL
11936,0,NORMAL
11937,0,NORMAL
11938,0,NORMAL
11939,0,NORMAL
11940,0,NORMAL
11941,0,NORMAL
11942,0,NORMAL
11943,0,NORMAL
11944,0,NORMAL
11945,0,NORMAL
11946,0,NORMAL
11947,0,NORMAL
11948,0,NORMAL
11949,0,NORMAL
11950,0,NORMAL
11951,0,NORMAL
11952,0,NORMAL
11953,0,NORMAL
11954,0,NORMAL
11955,0,NORMAL
11956,0,NORMAL
11957,0,NORMAL
11958,0,NORMAL
11959,0,NORMAL
11960,0,NORMAL
11961,0,NORMAL
11962,0,NORMAL
11963,0,NORMAL
11964,0,NORMAL
11965,0,NORMAL
11966,0,NORMAL
11967,0,NORMAL
11968,0,NORMAL
11969,0,NORMAL
11970,0,NORMAL
11971,0,NORMAL
11972,0,NORMAL
11973,0,NORMAL
11974,0,NORMAL
11975,0,NORMAL
11976,0,NORMAL
11977,0,NORMAL
11978,0,NORMAL
11979,0,NORMAL
11980,0,NORMAL
11981,0,NORMAL
11982,0,NORMAL
11983,0,NORMAL
11984,0,NORMAL
11985,0,NORMAL
11986,0,NORMAL
11987,0,NORMAL
11988,0,NORMAL
11989,0,NORMAL
11990,0,NORMAL
11991,0,NORMAL
11992,0,NORMAL
11993,0,NORMAL
11994,0,NORMAL
11995,0,NORMAL
11996,0,NORMAL
11997,0,NORMAL
11998,0,NORMAL
11999,0,NORMAL
12000,0,NORMAL
12001,0,NORMAL
12002,0,NORMAL
12003,0,NORMAL
12004,0,NORMAL
12005,0,NORMAL
12006,0,NORMAL
12007,0,NORMAL
12008,0,NORMAL
12009,0,NORMAL
12010,0,NORMAL
12011,0,NORMAL
12012,0,NORMAL
12013,0,NORMAL
12014,0,NORMAL
12015,0,NORMAL
12016,0,NORMAL
12017,0,NORMAL
12018,0,NORMAL
12019,0,NORMAL
12020,0,NORMAL
12021,0,NORMAL
12022,0,NORMAL
12023,0,NORMAL
12024,0,NORMAL
12025,0,NORMAL
12026,0,NORMAL
12027,0,NORMAL
12028,0,NORMAL
12029,0,NORMAL
12030,0,NORMAL
12031,0,NORMAL
12032,0,NORMAL
12033,0,NORMAL
12034,0,NORMAL
12035,0,NORMAL
12036,0,NORMAL
12037,0,NORMAL
12038,0,NORMAL
12039,0,NORMAL
12040,0,NORMAL
12041,0,NORMAL
12042,0,NORMAL
12043,0,NORMAL
12044,0,NORMAL
12045,0,NORMAL
12046,0,NORMAL
12047,0,NORMAL
12048,0,NORMAL
12049,0,NORMAL
12050,0,NORMAL
12051,0,NORMAL
12052,0,NORMAL
12053,0,NORMAL
12054,0,NORMAL
12055,0,NORMAL
12056,0,NORMAL
12057,0,NORMAL
12058,0,NORMAL
12059,0,NORMAL
12060,0,NORMAL
12061,0,NORMAL
12062,0,NORMAL
12063,0,NORMAL
12064,0,NORMAL
12065,0,NORMAL
12066,0,NORMAL
12067,0,NORMAL
12068,0,NORMAL
12069,0,NORMAL
12070,0,NORMAL
12071,0,NORMAL
12072,0,NORMAL
12073,0,NORMAL
12074,0,NORMAL
12075,0,NORMAL
12076,0,NORMAL
12077,0,NORMAL
12078,0,NORMAL
12079,0,NORMAL
12080,0,NORMAL
12081,0,NORMAL
12082,0,NORMAL
12083,0,NORMAL
12084,0,NORMAL
12085,0,NORMAL
12086,0,NORMAL
12087,0,NORMAL
12088,0,NORMAL
12089,0,NORMAL
12090,0,NORMAL
12091,0,NORMAL
12092,0,NORMAL
12093,0,NORMAL
12094,0,NORMAL
12095,0,NORMAL
12096,0,NORMAL
12097,0,NORMAL
12098,0,NORMAL
12099,0,NORMAL
12100,0,NORMAL
12101,0,NORMAL
12102,0,NORMAL
12103,0,NORMAL
12104,0,NORMAL
12105,0,NORMAL
12106,0,NORMAL
12107,0,NORMAL
12108,0,NORMAL
12109,0,NORMAL
12110,0,NORMAL
12111,0,NORMAL
12112,0,NORMAL
12113,0,NORMAL
12114,0,NORMAL
12115,0,NORMAL
12116,0,NORMAL
12117,0,NORMAL
12118,0,NORMAL
12119,0,NORMAL
12120,0,NORMAL
12121,0,NORMAL
12122,0,NORMAL
12123,0,NORMAL
12124,0,NORMAL
12125,0,NORMAL
12126,0,NORMAL
12127,0,NORMAL
12128,0,NORMAL
12129,0,NORMAL
12130,0,NORMAL
12131,0,NORMAL
12132,0,NORMAL
12133,0,NORMAL
12134,0,NORMAL
12135,0,NORMAL
12136,0,NORMAL
12137,0,NORMAL
12138,0,NORMAL
12139,0,NORMAL
12140,0,NORMAL
12141,0,NORMAL
12142,0,NORMAL
12143,0,NORMAL
12144,0,NORMAL
12145,0,NORMAL
12146,0,NORMAL
12147,0,NORMAL
12148,0,NORMAL
12149,0,NORMAL
12150,0,NORMAL
12151,0,NORMAL
12152,0,NORMAL
12153,0,NORMAL
12154,0,NORMAL
12155,0,NORMAL
12156,0,NORMAL
12157,0,NORMAL
12158,0,NORMAL
12159,0,NORMAL
12160,0,NORMAL
12161,0,NORMAL
12162,0,NORMAL
12163,0,NORMAL
12164,0,NORMAL
12165,0,NORMAL
12166,0,NORMAL
12167,0,NORMAL
12168,0,NORMAL
12169,0,NORMAL
12170,0,NORMAL
12171,0,NORMAL
12172,0,NORMAL
12173,0,NORMAL
12174,0,NORMAL
12175,0,NORMAL
12176,0,NORMAL
12177,0,NORMAL
12178,0,NORMAL
12179,0,NORMAL
12180,0,NORMAL
12181,0,NORMAL
12182,0,NORMAL
12183,0,NORMAL
12184,0,NORMAL
12185,0,NORMAL
12186,0,NORMAL
12187,0,NORMAL
12188,0,NORMAL
12189,0,NORMAL
12190,0,NORMAL
12191,0,NORMAL
12192,0,NORMAL
12193,0,NORMAL
12194,0,NORMAL
12195,0,NORMAL
12196,0,NORMAL
12197,0,NORMAL
12198,0,NORMAL
12199,0,NORMAL
12200,0,NORMAL
12201,0,NORMAL
12202,0,NORMAL
12203,0,NORMAL
12204,0,NORMAL
12205,0,NORMAL
12206,0,NORMAL
12207,0,NORMAL
12208,0,NORMAL
12209,0,NORMAL
12210,0,NORMAL
12211,0,NORMAL
12212,0,NORMAL
12213,0,NORMAL
12214,0,NORMAL
12215,0,NORMAL
12216,0,NORMAL
12217,0,NORMAL
12218,0,NORMAL
12219,0,NORMAL
12220,0,NORMAL
12221,0,NORMAL
12222,0,NORMAL
12223,0,NORMAL
12224,0,NORMAL
12225,0,NORMAL
12226,0,NORMAL
12227,0,NORMAL
12228,0,NORMAL
12229,0,NORMAL
12230,0,NORMAL
12231,0,NORMAL
12232,0,NORMAL
12233,0,NORMAL
12234,0,NORMAL
12235,0,NORMAL
12236,0,NORMAL
12237,0,NORMAL
12238,0,NORMAL
12239,0,NORMAL
12240,0,NORMAL
12241,0,NORMAL
12242,0,NORMAL
12243,0,NORMAL
12244,0,NORMAL
12245,0,NORMAL
12246,0,NORMAL
12247,0,NORMAL
12248,0,NORMAL
12249,0,NORMAL
12250,0,NORMAL
12251,0,NORMAL
12252,0,NORMAL
12253,0,NORMAL
12254,0,NORMAL
12255,0,NORMAL
12256,0,NORMAL
12257,0,NORMAL
12258,0,NORMAL
12259,0,NORMAL
12260,0,NORMAL
12261,0,NORMAL
12262,0,NORMAL
12263,0,NORMAL
12264,0,NORMAL
12265,0,NORMAL
12266,0,NORMAL
12267,0,NORMAL
12268,0,NORMAL
12269,0,NORMAL
12270,0,NORMAL
12271,0,NORMAL
12272,0,NORMAL
12273,0,NORMAL
12274,0,NORMAL
12275,0,NORMAL
12276,0,NORMAL
12277,0,NORMAL
12278,0,NORMAL
12279,0,NORMAL
12280,0,NORMAL
12281,0,NORMAL
12282,0,NORMAL
12283,0,NORMAL
12284,0,NORMAL
12285,0,NORMAL
12286,0,NORMAL
12287,0,NORMAL
12288,0,NORMAL
12289,0,NORMAL
12290,0,NORMAL
12291,0,NORMAL
12292,0,NORMAL
12293,0,NORMAL
12294,0,NORMAL
12295,0,NORMAL
12296,0,NORMAL
12297,0,NORMAL
12298,0,NORMAL
12299,0,NORMAL
12300,0,NORMAL
12301,0,NORMAL
12302,0,NORMAL
12303,0,NORMAL
12304,0,NORMAL
12305,0,NORMAL
12306,0,NORMAL
12307,0,NORMAL
12308,0,NORMAL
12309,0,NORMAL
12310,0,NORMAL
12311,0,NORMAL
12312,0,NORMAL
12313,0,NORMAL
12314,0,NORMAL
12315,0,NORMAL
12316,0,NORMAL
12317,0,NORMAL
12318,0,NORMAL
12319,0,NORMAL
12320,0,NORMAL
12321,0,NORMAL
12322,0,NORMAL
12323,0,NORMAL
12324,0,NORMAL
12325,0,NORMAL
12326,0,NORMAL
12327,0,NORMAL
12328,0,NORMAL
12329,0,NORMAL
12330,0,NORMAL
12331,0,NORMAL
12332,0,NORMAL
12333,0,NORMAL
12334,0,NORMAL
12335,0,NORMAL
12336,0,NORMAL
12337,0,NORMAL
12338,0,NORMAL
12339,0,NORMAL
12340,0,NORMAL
12341,0,NORMAL
12342,0,NORMAL
12343,0,NORMAL
12344,0,NORMAL
12345,0,NORMAL
12346,0,NORMAL
12347,0,NORMAL
12348,0,NORMAL
12349,0,NORMAL
12350,0,NORMAL
12351,0,NORMAL
12352,0,NORMAL
12353,0,NORMAL
12354,0,NORMAL
12355,0,NORMAL
12356,0,NORMAL
12357,0,NORMAL
12358,0,NORMAL
12359,0,NORMAL
12360,0,NORMAL
12361,0,NORMAL
12362,0,NORMAL
12363,0,NORMAL
12364,0,NORMAL
12365,0,NORMAL
12366,0,NORMAL
12367,0,NORMAL
12368,0,NORMAL
12369,0,NORMAL
12370,0,NORMAL
12371,0,NORMAL
12372,0,NORMAL
12373,0,NORMAL
12374,0,NORMAL
12375,0,NORMAL
12376,0,NORMAL
12377,0,NORMAL
12378,0,NORMAL
12379,0,NORMAL
12380,0,NORMAL
12381,0,NORMAL
12382,0,NORMAL
12383,0,NORMAL
12384,0,NORMAL
12385,0,NORMAL
12386,0,NORMAL
12387,0,NORMAL
12388,0,NORMAL
12389,0,NORMAL
12390,0,NORMAL
12391,0,NORMAL
12392,0,NORMAL
12393,0,NORMAL
12394,0,NORMAL
12395,0,NORMAL
12396,0,NORMAL
12397,0,NORMAL
12398,0,NORMAL
12399,0,NORMAL
12400,0,NORMAL
12401,0,NORMAL
12402,0,NORMAL
12403,0,NORMAL
12404,0,NORMAL
12405,0,NORMAL
12406,0,NORMAL
12407,0,NORMAL
12408,0,NORMAL
12409,0,NORMAL
12410,0,NORMAL
12411,0,NORMAL
12412,0,NORMAL
12413,0,NORMAL
12414,0,NORMAL
12415,0,NORMAL
12416,0,NORMAL
12417,0,NORMAL
12418,0,NORMAL
12419,0,NORMAL
12420,0,NORMAL
12421,0,NORMAL
12422,0,NORMAL
12423,0,NORMAL
12424,0,NORMAL
12425,0,NORMAL
12426,0,NORMAL
12427,0,NORMAL
12428,0,NORMAL
12429,0,NORMAL
12430,0,NORMAL
12431,0,NORMAL
12432,0,NORMAL
12433,0,NORMAL
12434,0,NORMAL
12435,0,NORMAL
12436,0,NORMAL
12437,0,NORMAL
12438,0,NORMAL
12439,0,NORMAL
12440,0,NORMAL
12441,0,NORMAL
12442,0,NORMAL
12443,0,NORMAL
12444,0,NORMAL
12445,0,NORMAL
12446,0,NORMAL
12447,0,NORMAL
12448,0,NORMAL
12449,0,NORMAL
12450,0,NORMAL
12451,0,NORMAL
12452,0,NORMAL
12453,0,NORMAL
12454,0,NORMAL
12455,0,NORMAL
12456,0,NORMAL
12457,0,NORMAL
12458,0,NORMAL
12459,0,NORMAL
12460,0,NORMAL
12461,0,NORMAL
12462,0,NORMAL
12463,0,NORMAL
12464,0,NORMAL
12465,0,NORMAL
12466,0,NORMAL
12467,0,NORMAL
12468,0,NORMAL
12469,0,NORMAL
12470,0,NORMAL
12471,0,NORMAL
12472,0,NORMAL
12473,0,NORMAL
12474,0,NORMAL
12475,0,NORMAL
12476,0,NORMAL
12477,0,NORMAL
12478,0,NORMAL
12479,0,NORMAL
12480,0,NORMAL
12481,0,NORMAL
12482,0,NORMAL
12483,0,NORMAL
12484,0,NORMAL
12485,0,NORMAL
12486,0,NORMAL
12487,0,NORMAL
12488,0,NORMAL
12489,0,NORMAL
12490,0,NORMAL
12491,0,NORMAL
12492,0,NORMAL
12493,0,NORMAL
12494,0,NORMAL
12495,0,NORMAL
12496,0,NORMAL
12497,0,NORMAL
12498,0,NORMAL
12499,0,NORMAL
12500,0,NORMAL
12501,0,NORMAL
12502,0,NORMAL
12503,0,NORMAL
12504,0,NORMAL
12505,0,NORMAL
12506,0,NORMAL
12507,0,NORMAL
12508,0,NORMAL
12509,0,NORMAL
12510,0,NORMAL
12511,0,NORMAL
12512,0,NORMAL
12513,0,NORMAL
12514,0,NORMAL
12515,0,NORMAL
12516,0,NORMAL
12517,0,NORMAL
12518,0,NORMAL
12519,0,NORMAL
12520,0,NORMAL
12521,0,NORMAL
12522,0,NORMAL
12523,0,NORMAL
12524,0,NORMAL
12525,0,NORMAL
12526,0,NORMAL
12527,0,NORMAL
12528,0,NORMAL
12529,0,NORMAL
12530,0,NORMAL
12531,0,NORMAL
12532,0,NORMAL
12533,0,NORMAL
12534,0,NORMAL
12535,0,NORMAL
12536,0,NORMAL
12537,0,NORMAL
12538,0,NORMAL
12539,0,NORMAL
12540,0,NORMAL
12541,0,NORMAL
12542,0,NORMAL
12543,0,NORMAL
12544,0,NORMAL
12545,0,NORMAL
12546,0,NORMAL
12547,0,NORMAL
12548,0,NORMAL
12549,0,NORMAL
12550,0,NORMAL
12551,0,NORMAL
12552,0,NORMAL
12553,0,NORMAL
12554,0,NORMAL
12555,0,NORMAL
12556,0,NORMAL
12557,0,NORMAL
12558,0,NORMAL
12559,0,NORMAL
12560,0,NORMAL
12561,0,NORMAL
12562,0,NORMAL
12563,0,NORMAL
12564,0,NORMAL
12565,0,NORMAL
12566,0,NORMAL
12567,0,NORMAL
12568,0,NORMAL
12569,0,NORMAL
12570,0,NORMAL
12571,0,NORMAL
12572,0,NORMAL
12573,0,NORMAL
12574,0,NORMAL
12575,0,NORMAL
12576,0,NORMAL
12577,0,NORMAL
12578,0,NORMAL
12579,0,NORMAL
12580,0,NORMAL
12581,0,NORMAL
12582,0,NORMAL
12583,0,NORMAL
12584,0,NORMAL
12585,0,NORMAL
12586,0,NORMAL
12587,0,NORMAL
12588,0,NORMAL
12589,0,NORMAL
12590,0,NORMAL
12591,0,NORMAL
12592,0,NORMAL
12593,0,NORMAL
12594,0,NORMAL
12595,0,NORMAL
12596,0,NORMAL
12597,0,NORMAL
12598,0,NORMAL
12599,0,NORMAL
12600,0,NORMAL
12601,0,NORMAL
12602,0,NORMAL
12603,0,NORMAL
12604,0,NORMAL
12605,0,NORMAL
12606,0,NORMAL
12607,0,NORMAL
12608,0,NORMAL
12609,0,NORMAL
12610,0,NORMAL
12611,0,NORMAL
12612,0,NORMAL
12613,0,NORMAL
12614,0,NORMAL
12615,0,NORMAL
12616,0,NORMAL
12617,0,NORMAL
12618,0,NORMAL
12619,0,NORMAL
12620,0,NORMAL
12621,0,NORMAL
12622,0,NORMAL
12623,0,NORMAL
12624,0,NORMAL
12625,0,NORMAL
12626,0,NORMAL
12627,0,NORMAL
12628,0,NORMAL
12629,0,NORMAL
12630,0,NORMAL
12631,0,NORMAL
12632,0,NORMAL
12633,0,NORMAL
12634,0,NORMAL
12635,0,NORMAL
12636,0,NORMAL
12637,0,NORMAL
12638,0,NORMAL
12639,0,NORMAL
12640,0,NORMAL
12641,0,NORMAL
12642,0,NORMAL
12643,0,NORMAL
12644,0,NORMAL
12645,0,NORMAL
12646,0,NORMAL
12647,0,NORMAL
12648,0,NORMAL
12649,0,NORMAL
12650,0,NORMAL
12651,0,NORMAL
12652,0,NORMAL
12653,0,NORMAL
12654,0,NORMAL
12655,0,NORMAL
12656,0,NORMAL
12657,0,NORMAL
12658,0,NORMAL
12659,0,NORMAL
12660,0,NORMAL
12661,0,NORMAL
12662,0,NORMAL
12663,0,NORMAL
12664,0,NORMAL
12665,0,NORMAL
12666,0,NORMAL
12667,0,NORMAL
12668,0,NORMAL
12669,0,NORMAL
12670,0,NORMAL
12671,0,NORMAL
12672,0,NORMAL
12673,0,NORMAL
12674,0,NORMAL
12675,0,NORMAL
12676,0,NORMAL
12677,0,NORMAL
12678,0,NORMAL
12679,0,NORMAL
12680,0,NORMAL
12681,0,NORMAL
12682,0,NORMAL
12683,0,NORMAL
12684,0,NORMAL
12685,0,NORMAL
12686,0,NORMAL
12687,0,NORMAL
12688,0,NORMAL
12689,0,NORMAL
12690,0,NORMAL
12691,0,NORMAL
12692,0,NORMAL
12693,0,NORMAL
12694,0,NORMAL
12695,0,NORMAL
12696,0,NORMAL
12697,0,NORMAL
12698,0,NORMAL
12699,0,NORMAL
12700,0,NORMAL
12701,0,NORMAL
12702,0,NORMAL
12703,0,NORMAL
12704,0,NORMAL
12705,0,NORMAL
12706,0,NORMAL
12707,0,NORMAL
12708,0,NORMAL
12709,0,NORMAL
12710,0,NORMAL
12711,0,NORMAL
12712,0,NORMAL
12713,0,NORMAL
12714,0,NORMAL
12715,0,NORMAL
12716,0,NORMAL
12717,0,NORMAL
12718,0,NORMAL
12719,0,NORMAL
12720,0,NORMAL
12721,0,NORMAL
12722,0,NORMAL
12723,0,NORMAL
12724,0,NORMAL
12725,0,NORMAL
12726,0,NORMAL
12727,0,NORMAL
12728,0,NORMAL
12729,0,NORMAL
12730,0,NORMAL
12731,0,NORMAL
12732,0,NORMAL
12733,0,NORMAL
12734,0,NORMAL
12735,0,NORMAL
12736,0,NORMAL
12737,0,NORMAL
12738,0,NORMAL
12739,0,NORMAL
12740,0,NORMAL
12741,0,NORMAL
12742,0,NORMAL
12743,0,NORMAL
12744,0,NORMAL
12745,0,NORMAL
12746,0,NORMAL
12747,0,NORMAL
12748,0,NORMAL
12749,0,NORMAL
12750,0,NORMAL
12751,0,NORMAL
12752,0,NORMAL
12753,0,NORMAL
12754,0,NORMAL
12755,0,NORMAL
12756,0,NORMAL
12757,0,NORMAL
12758,0,NORMAL
12759,0,NORMAL
12760,0,NORMAL
12761,0,NORMAL
12762,0,NORMAL
12763,0,NORMAL
12764,0,NORMAL
12765,0,NORMAL
12766,0,NORMAL
12767,0,NORMAL
12768,0,NORMAL
12769,0,NORMAL
12770,0,NORMAL
12771,0,NORMAL
12772,0,NORMAL
12773,0,NORMAL
12774,0,NORMAL
12775,0,NORMAL
12776,0,NORMAL
12777,0,NORMAL
12778,0,NORMAL
12779,0,NORMAL
12780,0,NORMAL
12781,0,NORMAL
12782,0,NORMAL
12783,0,NORMAL
12784,0,NORMAL
12785,0,NORMAL
12786,0,NORMAL
12787,0,NORMAL
12788,0,NORMAL
12789,0,NORMAL
12790,0,NORMAL
12791,0,NORMAL
12792,0,NORMAL
12793,0,NORMAL
12794,0,NORMAL
12795,0,NORMAL
12796,0,NORMAL
12797,0,NORMAL
12798,0,NORMAL
12799,0,NORMAL
12800,0,NORMAL
12801,0,NORMAL
12802,0,NORMAL
12803,0,NORMAL
12804,0,NORMAL
12805,0,NORMAL
12806,0,NORMAL
12807,0,NORMAL
12808,0,NORMAL
12809,0,NORMAL
12810,0,NORMAL
12811,0,NORMAL
12812,0,NORMAL
12813,0,NORMAL
12814,0,NORMAL
12815,0,NORMAL
12816,0,NORMAL
12817,0,NORMAL
12818,0,NORMAL
12819,0,NORMAL
12820,0,NORMAL
12821,0,NORMAL
12822,0,NORMAL
12823,0,NORMAL
12824,0,NORMAL
12825,0,NORMAL
12826,0,NORMAL
12827,0,NORMAL
12828,0,NORMAL
12829,0,NORMAL
12830,0,NORMAL
12831,0,NORMAL
12832,0,NORMAL
12833,0,NORMAL
12834,0,NORMAL
12835,0,NORMAL
12836,0,NORMAL
12837,0,NORMAL
12838,0,NORMAL
12839,0,NORMAL
12840,0,NORMAL
12841,0,NORMAL
12842,0,NORMAL
12843,0,NORMAL
12844,0,NORMAL
12845,0,NORMAL
12846,0,NORMAL
12847,0,NORMAL
12848,0,NORMAL
12849,0,NORMAL
12850,0,NORMAL
12851,0,NORMAL
12852,0,NORMAL
12853,0,NORMAL
12854,0,NORMAL
12855,0,NORMAL
12856,0,NORMAL
12857,0,NORMAL
12858,0,NORMAL
12859,0,NORMAL
12860,0,NORMAL
12861,0,NORMAL
12862,0,NORMAL
12863,0,NORMAL
12864,0,NORMAL
12865,0,NORMAL
12866,0,NORMAL
12867,0,NORMAL
12868,0,NORMAL
12869,0,NORMAL
12870,0,NORMAL
12871,0,NORMAL
12872,0,NORMAL
12873,0,NORMAL
12874,0,NORMAL
12875,0,NORMAL
12876,0,NORMAL
12877,0,NORMAL
12878,0,NORMAL
12879,0,NORMAL
12880,0,NORMAL
12881,0,NORMAL
12882,0,NORMAL
12883,0,NORMAL
12884,0,NORMAL
12885,0,NORMAL
12886,0,NORMAL
12887,0,NORMAL
12888,0,NORMAL
12889,0,NORMAL
12890,0,NORMAL
12891,0,NORMAL
12892,0,NORMAL
12893,0,NORMAL
12894,0,NORMAL
12895,0,NORMAL
12896,0,NORMAL
12897,0,NORMAL
12898,0,NORMAL
12899,0,NORMAL
12900,0,NORMAL
12901,0,NORMAL
12902,0,NORMAL
12903,0,NORMAL
12904,0,NORMAL
12905,0,NORMAL
12906,0,NORMAL
12907,0,NORMAL
12908,0,NORMAL
12909,0,NORMAL
12910,0,NORMAL
12911,0,NORMAL
12912,0,NORMAL
12913,0,NORMAL
12914,0,NORMAL
12915,0,NORMAL
12916,0,NORMAL
12917,0,NORMAL
12918,0,NORMAL
12919,0,NORMAL
12920,0,NORMAL
12921,0,NORMAL
12922,0,NORMAL
12923,0,NORMAL
12924,0,NORMAL
12925,0,NORMAL
12926,0,NORMAL
12927,0,NORMAL
12928,0,NORMAL
12929,0,NORMAL
12930,0,NORMAL
12931,0,NORMAL
12932,0,NORMAL
12933,0,NORMAL
12934,0,NORMAL
12935,0,NORMAL
12936,0,NORMAL
12937,0,NORMAL
12938,0,NORMAL
12939,0,NORMAL
12940,0,NORMAL
12941,0,NORMAL
12942,0,NORMAL
12943,0,NORMAL
12944,0,NORMAL
12945,0,NORMAL
12946,0,NORMAL
12947,0,NORMAL
12948,0,NORMAL
12949,0,NORMAL
12950,0,NORMAL
12951,0,NORMAL
12952,0,NORMAL
12953,0,NORMAL
12954,0,NORMAL
12955,0,NORMAL
12956,0,NORMAL
12957,0,NORMAL
12958,0,NORMAL
12959,0,NORMAL
12960,0,NORMAL
12961,0,NORMAL
12962,0,NORMAL
12963,0,NORMAL
12964,0,NORMAL
12965,0,NORMAL
12966,0,NORMAL
12967,0,NORMAL
12968,0,NORMAL
12969,0,NORMAL
12970,0,NORMAL
12971,0,NORMAL
12972,0,NORMAL
12973,0,NORMAL
12974,0,NORMAL
12975,0,NORMAL
12976,0,NORMAL
12977,0,NORMAL
12978,0,NORMAL
12979,0,NORMAL
12980,0,NORMAL
12981,0,NORMAL
12982,0,NORMAL
12983,0,NORMAL
12984,0,NORMAL
12985,0,NORMAL
12986,0,NORMAL
12987,0,NORMAL
12988,0,NORMAL
12989,0,NORMAL
12990,0,NORMAL
12991,0,NORMAL
12992,0,NORMAL
12993,0,NORMAL
12994,0,NORMAL
12995,0,NORMAL
12996,0,NORMAL
12997,0,NORMAL
12998,0,NORMAL
12999,0,NORMAL
13000,0,NORMAL
13001,0,NORMAL
13002,0,NORMAL
13003,0,NORMAL
13004,0,NORMAL
13005,0,NORMAL
13006,0,NORMAL
13007,0,NORMAL
13008,0,NORMAL
13009,0,NORMAL
13010,0,NORMAL
13011,0,NORMAL
13012,0,NORMAL
13013,0,NORMAL
13014,0,NORMAL
13015,0,NORMAL
13016,0,NORMAL
13017,0,NORMAL
13018,0,NORMAL
13019,0,NORMAL
13020,0,NORMAL
13021,0,NORMAL
13022,0,NORMAL
13023,0,NORMAL
13024,0,NORMAL
13025,0,NORMAL
13026,0,NORMAL
13027,0,NORMAL
13028,0,NORMAL
13029,0,NORMAL
13030,0,NORMAL
13031,0,NORMAL
13032,0,NORMAL
13033,0,NORMAL
13034,0,NORMAL
13035,0,NORMAL
13036,0,NORMAL
13037,0,NORMAL
13038,0,NORMAL
13039,0,NORMAL
13040,0,NORMAL
13041,0,NORMAL
13042,0,NORMAL
13043,0,NORMAL
13044,0,NORMAL
13045,0,NORMAL
13046,0,NORMAL
13047,0,NORMAL
13048,0,NORMAL
13049,0,NORMAL
13050,0,NORMAL
13051,0,NORMAL
13052,0,NORMAL
13053,0,NORMAL
13054,0,NORMAL
13055,0,NORMAL
13056,0,NORMAL
13057,0,NORMAL
13058,0,NORMAL
13059,0,NORMAL
13060,0,NORMAL
13061,0,NORMAL
13062,0,NORMAL
13063,0,NORMAL
13064,0,NORMAL
13065,0,NORMAL
13066,0,NORMAL
13067,0,NORMAL
13068,0,NORMAL
13069,0,NORMAL
13070,0,NORMAL
13071,0,NORMAL
13072,0,NORMAL
13073,0,NORMAL
13074,0,NORMAL
13075,0,NORMAL
13076,0,NORMAL
13077,0,NORMAL
13078,0,NORMAL
13079,0,NORMAL
13080,0,NORMAL
13081,0,NORMAL
13082,0,NORMAL
13083,0,NORMAL
13084,0,NORMAL
13085,0,NORMAL
13086,0,NORMAL
13087,0,NORMAL
13088,0,NORMAL
13089,0,NORMAL
13090,0,NORMAL
13091,0,NORMAL
13092,0,NORMAL
13093,0,NORMAL
13094,0,NORMAL
13095,0,NORMAL
13096,0,NORMAL
13097,0,NORMAL
13098,0,NORMAL
13099,0,NORMAL
13100,0,NORMAL
13101,0,NORMAL
13102,0,NORMAL
13103,0,NORMAL
13104,0,NORMAL
13105,0,NORMAL
13106,0,NORMAL
13107,0,NORMAL
13108,0,NORMAL
13109,0,NORMAL
13110,0,NORMAL
13111,0,NORMAL
13112,0,NORMAL
13113,0,NORMAL
13114,0,NORMAL
13115,0,NORMAL
13116,0,NORMAL
13117,0,NORMAL
13118,0,NORMAL
13119,0,NORMAL
13120,0,NORMAL
13121,0,NORMAL
13122,0,NORMAL
13123,0,NORMAL
13124,0,NORMAL
13125,0,NORMAL
13126,0,NORMAL
13127,0,NORMAL
13128,0,NORMAL
13129,0,NORMAL
13130,0,NORMAL
13131,0,NORMAL
13132,0,NORMAL
13133,0,NORMAL
13134,0,NORMAL
13135,0,NORMAL
13136,0,NORMAL
13137,0,NORMAL
13138,0,NORMAL
13139,0,NORMAL
13140,0,NORMAL
13141,0,NORMAL
13142,0,NORMAL
13143,0,NORMAL
13144,0,NORMAL
13145,0,NORMAL
13146,0,NORMAL
13147,0,NORMAL
13148,0,NORMAL
13149,0,NORMAL
13150,0,NORMAL
13151,0,NORMAL
13152,0,NORMAL
13153,0,NORMAL
13154,0,NORMAL
13155,0,NORMAL
13156,0,NORMAL
13157,0,NORMAL
13158,0,NORMAL
13159,0,NORMAL
13160,0,NORMAL
13161,0,NORMAL
13162,0,NORMAL
13163,0,NORMAL
13164,0,NORMAL
13165,0,NORMAL
13166,0,NORMAL
13167,0,NORMAL
13168,0,NORMAL
13169,0,NORMAL
13170,0,NORMAL
13171,0,NORMAL
13172,0,NORMAL
13173,0,NORMAL
13174,0,NORMAL
13175,0,NORMAL
13176,0,NORMAL
13177,0,NORMAL
13178,0,NORMAL
13179,0,NORMAL
13180,0,NORMAL
13181,0,NORMAL
13182,0,NORMAL
13183,0,NORMAL
13184,0,NORMAL
13185,0,NORMAL
13186,0,NORMAL
13187,0,NORMAL
13188,0,NORMAL
13189,0,NORMAL
13190,0,NORMAL
13191,0,NORMAL
13192,0,NORMAL
13193,0,NORMAL
13194,0,NORMAL
13195,0,NORMAL
13196,0,NORMAL
13197,0,NORMAL
13198,0,NORMAL
13199,0,NORMAL
13200,0,NORMAL
13201,0,NORMAL
13202,0,NORMAL
13203,0,NORMAL
13204,0,NORMAL
13205,0,NORMAL
13206,0,NORMAL
13207,0,NORMAL
13208,0,NORMAL
13209,0,NORMAL
13210,0,NORMAL
13211,0,NORMAL
13212,0,NORMAL
13213,0,NORMAL
13214,0,NORMAL
13215,0,NORMAL
13216,0,NORMAL
13217,0,NORMAL
13218,0,NORMAL
13219,0,NORMAL
13220,0,NORMAL
13221,0,NORMAL
13222,0,NORMAL
13223,0,NORMAL
13224,0,NORMAL
13225,0,NORMAL
13226,0,NORMAL
13227,0,NORMAL
13228,0,NORMAL
13229,0,NORMAL
13230,0,NORMAL
13231,0,NORMAL
13232,0,NORMAL
13233,0,NORMAL
13234,0,NORMAL
13235,0,NORMAL
13236,0,NORMAL
13237,0,NORMAL
13238,0,NORMAL
13239,0,NORMAL
13240,0,NORMAL
13241,0,NORMAL
13242,0,NORMAL
13243,0,NORMAL
13244,0,NORMAL
13245,0,NORMAL
13246,0,NORMAL
13247,0,NORMAL
13248,0,NORMAL
13249,0,NORMAL
13250,0,NORMAL
13251,0,NORMAL
13252,0,NORMAL
13253,0,NORMAL
13254,0,NORMAL
13255,0,NORMAL
13256,0,NORMAL
13257,0,NORMAL
13258,0,NORMAL
13259,0,NORMAL
13260,0,NORMAL
13261,0,NORMAL
13262,0,NORMAL
13263,0,NORMAL
13264,0,NORMAL
13265,0,NORMAL
13266,0,NORMAL
13267,0,NORMAL
13268,0,NORMAL
13269,0,NORMAL
13270,0,NORMAL
13271,0,NORMAL
13272,0,NORMAL
13273,0,NORMAL
13274,0,NORMAL
13275,0,NORMAL
13276,0,NORMAL
13277,0,NORMAL
13278,0,NORMAL
13279,0,NORMAL
13280,0,NORMAL
13281,0,NORMAL
13282,0,NORMAL
13283,0,NORMAL
13284,0,NORMAL
13285,0,NORMAL
13286,0,NORMAL
13287,0,NORMAL
13288,0,NORMAL
13289,0,NORMAL
13290,0,NORMAL
13291,0,NORMAL
13292,0,NORMAL
13293,0,NORMAL
13294,0,NORMAL
13295,0,NORMAL
13296,0,NORMAL
13297,0,NORMAL
13298,0,NORMAL
13299,0,NORMAL
13300,0,NORMAL
13301,0,NORMAL
13302,0,NORMAL
13303,0,NORMAL
13304,0,NORMAL
13305,0,NORMAL
13306,0,NORMAL
13307,0,NORMAL
13308,0,NORMAL
13309,0,NORMAL
13310,0,NORMAL
13311,0,NORMAL
13312,0,NORMAL
13313,0,NORMAL
13314,0,NORMAL
13315,0,NORMAL
13316,0,NORMAL
13317,0,NORMAL
13318,0,NORMAL
13319,0,NORMAL
13320,0,NORMAL
13321,0,NORMAL
13322,0,NORMAL
13323,0,NORMAL
13324,0,NORMAL
13325,0,NORMAL
13326,0,NORMAL
13327,0,NORMAL
13328,0,NORMAL
13329,0,NORMAL
13330,0,NORMAL
13331,0,NORMAL
13332,0,NORMAL
13333,0,NORMAL
13334,0,NORMAL
13335,0,NORMAL
13336,0,NORMAL
13337,0,NORMAL
13338,0,NORMAL
13339,0,NORMAL
13340,0,NORMAL
13341,0,NORMAL
13342,0,NORMAL
13343,0,NORMAL
13344,0,NORMAL
13345,0,NORMAL
13346,0,NORMAL
13347,0,NORMAL
13348,0,NORMAL
13349,0,NORMAL
13350,0,NORMAL
13351,0,NORMAL
13352,0,NORMAL
13353,0,NORMAL
13354,0,NORMAL
13355,0,NORMAL
13356,0,NORMAL
13357,0,NORMAL
13358,0,NORMAL
13359,0,NORMAL
13360,0,NORMAL
13361,0,NORMAL
13362,0,NORMAL
13363,0,NORMAL
13364,0,NORMAL
13365,0,NORMAL
13366,0,NORMAL
13367,0,NORMAL
13368,0,NORMAL
13369,0,NORMAL
13370,0,NORMAL
13371,0,NORMAL
13372,0,NORMAL
13373,0,NORMAL
13374,0,NORMAL
13375,0,NORMAL
13376,0,NORMAL
13377,0,NORMAL
13378,0,NORMAL
13379,0,NORMAL
13380,0,NORMAL
13381,0,NORMAL
13382,0,NORMAL
13383,0,NORMAL
13384,0,NORMAL
13385,0,NORMAL
13386,0,NORMAL
13387,0,NORMAL
13388,0,NORMAL
13389,0,NORMAL
13390,0,NORMAL
13391,0,NORMAL
13392,0,NORMAL
13393,0,NORMAL
13394,0,NORMAL
13395,0,NORMAL
13396,0,NORMAL
13397,0,NORMAL
13398,0,NORMAL
13399,0,NORMAL
13400,0,NORMAL
13401,0,NORMAL
13402,0,NORMAL
13403,0,NORMAL
13404,0,NORMAL
13405,0,NORMAL
13406,0,NORMAL
13407,0,NORMAL
13408,0,NORMAL
13409,0,NORMAL
13410,0,NORMAL
13411,0,NORMAL
13412,0,NORMAL
13413,0,NORMAL
13414,0,NORMAL
13415,0,NORMAL
13416,0,NORMAL
13417,0,NORMAL
13418,0,NORMAL
13419,0,NORMAL
13420,0,NORMAL
13421,0,NORMAL
13422,0,NORMAL
13423,0,NORMAL
13424,0,NORMAL
13425,0,NORMAL
13426,0,NORMAL
13427,0,NORMAL
13428,0,NORMAL
13429,0,NORMAL
13430,0,NORMAL
13431,0,NORMAL
13432,0,NORMAL
13433,0,NORMAL
13434,0,NORMAL
13435,0,NORMAL
13436,0,NORMAL
13437,0,NORMAL
13438,0,NORMAL
13439,0,NORMAL
13440,0,NORMAL
13441,0,NORMAL
13442,0,NORMAL
13443,0,NORMAL
13444,0,NORMAL
13445,0,NORMAL
13446,0,NORMAL
13447,0,NORMAL
13448,0,NORMAL
13449,0,NORMAL
13450,0,NORMAL
13451,0,NORMAL
13452,0,NORMAL
13453,0,NORMAL
13454,0,NORMAL
13455,0,NORMAL
13456,0,NORMAL
13457,0,NORMAL
13458,0,NORMAL
13459,0,NORMAL
13460,0,NORMAL
13461,0,NORMAL
13462,0,NORMAL
13463,0,NORMAL
13464,0,NORMAL
13465,0,NORMAL
13466,0,NORMAL
13467,0,NORMAL
13468,0,NORMAL
13469,0,NORMAL
13470,0,NORMAL
13471,0,NORMAL
13472,0,NORMAL
13473,0,NORMAL
13474,0,NORMAL
13475,0,NORMAL
13476,0,NORMAL
13477,0,NORMAL
13478,0,NORMAL
13479,0,NORMAL
13480,0,NORMAL
13481,0,NORMAL
13482,0,NORMAL
13483,0,NORMAL
13484,0,NORMAL
13485,0,NORMAL
13486,0,NORMAL
13487,0,NORMAL
13488,0,NORMAL
13489,0,NORMAL
13490,0,NORMAL
13491,0,NORMAL
13492,0,NORMAL
13493,0,NORMAL
13494,0,NORMAL
13495,0,NORMAL
13496,0,NORMAL
13497,0,NORMAL
13498,0,NORMAL
13499,0,NORMAL
13500,0,NORMAL
13501,0,NORMAL
13502,0,NORMAL
13503,0,NORMAL
13504,0,NORMAL
13505,0,NORMAL
13506,0,NORMAL
13507,0,NORMAL
13508,0,NORMAL
13509,0,NORMAL
13510,0,NORMAL
13511,0,NORMAL
13512,0,NORMAL
13513,0,NORMAL
13514,0,NORMAL
13515,0,NORMAL
13516,0,NORMAL
13517,0,NORMAL
13518,0,NORMAL
13519,0,NORMAL
13520,0,NORMAL
13521,0,NORMAL
13522,0,NORMAL
13523,0,NORMAL
13524,0,NORMAL
13525,0,NORMAL
13526,0,NORMAL
13527,0,NORMAL
13528,0,NORMAL
13529,0,NORMAL
13530,0,NORMAL
13531,0,NORMAL
13532,0,NORMAL
13533,0,NORMAL
13534,0,NORMAL
13535,0,NORMAL
13536,0,NORMAL
13537,0,NORMAL
13538,0,NORMAL
13539,0,NORMAL
13540,0,NORMAL
13541,0,NORMAL
13542,0,NORMAL
13543,0,NORMAL
13544,0,NORMAL
13545,0,NORMAL
13546,0,NORMAL
13547,0,NORMAL
13548,0,NORMAL
13549,0,NORMAL
13550,0,NORMAL
13551,0,NORMAL
13552,0,NORMAL
13553,0,NORMAL
13554,0,NORMAL
13555,0,NORMAL
13556,0,NORMAL
13557,0,NORMAL
13558,0,NORMAL
13559,0,NORMAL
13560,0,NORMAL
13561,0,NORMAL
13562,0,NORMAL
13563,0,NORMAL
13564,0,NORMAL
13565,0,NORMAL
13566,0,NORMAL
13567,0,NORMAL
13568,0,NORMAL
13569,0,NORMAL
13570,0,NORMAL
13571,0,NORMAL
13572,0,NORMAL
13573,0,NORMAL
13574,0,NORMAL
13575,0,NORMAL
13576,0,NORMAL
13577,0,NORMAL
13578,0,NORMAL
13579,0,NORMAL
13580,0,NORMAL
13581,0,NORMAL
13582,0,NORMAL
13583,0,NORMAL
13584,0,NORMAL
13585,0,NORMAL
13586,0,NORMAL
13587,0,NORMAL
13588,0,NORMAL
13589,0,NORMAL
13590,0,NORMAL
13591,0,NORMAL
13592,0,NORMAL
13593,0,NORMAL
13594,0,NORMAL
13595,0,NORMAL
13596,0,NORMAL
13597,0,NORMAL
13598,0,NORMAL
13599,0,NORMAL
13600,0,NORMAL
13601,0,NORMAL
13602,0,NORMAL
13603,0,NORMAL
13604,0,NORMAL
13605,0,NORMAL
13606,0,NORMAL
13607,0,NORMAL
13608,0,NORMAL
13609,0,NORMAL
13610,0,NORMAL
13611,0,NORMAL
13612,0,NORMAL
13613,0,NORMAL
13614,0,NORMAL
13615,0,NORMAL
13616,0,NORMAL
13617,0,NORMAL
13618,0,NORMAL
13619,0,NORMAL
13620,0,NORMAL
13621,0,NORMAL
13622,0,NORMAL
13623,0,NORMAL
13624,0,NORMAL
13625,0,NORMAL
13626,0,NORMAL
13627,0,NORMAL
13628,0,NORMAL
13629,0,NORMAL
13630,0,NORMAL
13631,0,NORMAL
13632,0,NORMAL
13633,0,NORMAL
13634,0,NORMAL
13635,0,NORMAL
13636,0,NORMAL
13637,0,NORMAL
13638,0,NORMAL
13639,0,NORMAL
13640,0,NORMAL
13641,0,NORMAL
13642,0,NORMAL
13643,0,NORMAL
13644,0,NORMAL
13645,0,NORMAL
13646,0,NORMAL
13647,0,NORMAL
13648,0,NORMAL
13649,0,NORMAL
13650,0,NORMAL
13651,0,NORMAL
13652,0,NORMAL
13653,0,NORMAL
13654,0,NORMAL
13655,0,NORMAL
13656,0,NORMAL
13657,0,NORMAL
13658,0,NORMAL
13659,0,NORMAL
13660,0,NORMAL
13661,0,NORMAL
13662,0,NORMAL
13663,0,NORMAL
13664,0,NORMAL
13665,0,NORMAL
13666,0,NORMAL
13667,0,NORMAL
13668,0,NORMAL
13669,0,NORMAL
13670,0,NORMAL
13671,0,NORMAL
13672,0,NORMAL
13673,0,NORMAL
13674,0,NORMAL
13675,0,NORMAL
13676,0,NORMAL
13677,0,NORMAL
13678,0,NORMAL
13679,0,NORMAL
13680,0,NORMAL
13681,0,NORMAL
13682,0,NORMAL
13683,0,NORMAL
13684,0,NORMAL
13685,0,NORMAL
13686,0,NORMAL
13687,0,NORMAL
13688,0,NORMAL
13689,0,NORMAL
13690,0,NORMAL
13691,0,NORMAL
13692,0,NORMAL
13693,0,NORMAL
13694,0,NORMAL
13695,0,NORMAL
13696,0,NORMAL
13697,0,NORMAL
13698,0,NORMAL
13699,0,NORMAL
13700,0,NORMAL
13701,0,NORMAL
13702,0,NORMAL
13703,0,NORMAL
13704,0,NORMAL
13705,0,NORMAL
13706,0,NORMAL
13707,0,NORMAL
13708,0,NORMAL
13709,0,NORMAL
13710,0,NORMAL
13711,0,NORMAL
13712,0,NORMAL
13713,0,NORMAL
13714,0,NORMAL
13715,0,NORMAL
13716,0,NORMAL
13717,0,NORMAL
13718,0,NORMAL
13719,0,NORMAL
13720,0,NORMAL
13721,0,NORMAL
13722,0,NORMAL
13723,0,NORMAL
13724,0,NORMAL
13725,0,NORMAL
13726,0,NORMAL
13727,0,NORMAL
13728,0,NORMAL
13729,0,NORMAL
13730,0,NORMAL
13731,0,NORMAL
13732,0,NORMAL
13733,0,NORMAL
13734,0,NORMAL
13735,0,NORMAL
13736,0,NORMAL
13737,0,NORMAL
13738,0,NORMAL
13739,0,NORMAL
13740,0,NORMAL
13741,0,NORMAL
13742,0,NORMAL
13743,0,NORMAL
13744,0,NORMAL
13745,0,NORMAL
13746,0,NORMAL
13747,0,NORMAL
13748,0,NORMAL
13749,0,NORMAL
13750,0,NORMAL
13751,0,NORMAL
13752,0,NORMAL
13753,0,NORMAL
13754,0,NORMAL
13755,0,NORMAL
13756,0,NORMAL
13757,0,NORMAL
13758,0,NORMAL
13759,0,NORMAL
13760,0,NORMAL
13761,0,NORMAL
13762,0,NORMAL
13763,0,NORMAL
13764,0,NORMAL
13765,0,NORMAL
13766,0,NORMAL
13767,0,NORMAL
13768,0,NORMAL
13769,0,NORMAL
13770,0,NORMAL
13771,0,NORMAL
13772,0,NORMAL
13773,0,NORMAL
13774,0,NORMAL
13775,0,NORMAL
13776,0,NORMAL
13777,0,NORMAL
13778,0,NORMAL
13779,0,NORMAL
13780,0,NORMAL
13781,0,NORMAL
13782,0,NORMAL
13783,0,NORMAL
13784,0,NORMAL
13785,0,NORMAL
13786,0,NORMAL
13787,0,NORMAL
13788,0,NORMAL
13789,0,NORMAL
13790,0,NORMAL
13791,0,NORMAL
13792,0,NORMAL
13793,0,NORMAL
13794,0,NORMAL
13795,0,NORMAL
13796,0,NORMAL
13797,0,NORMAL
13798,0,NORMAL
13799,0,NORMAL
13800,0,NORMAL
13801,0,NORMAL
13802,0,NORMAL
13803,0,NORMAL
13804,0,NORMAL
13805,0,NORMAL
13806,0,NORMAL
13807,0,NORMAL
13808,0,NORMAL
13809,0,NORMAL
13810,0,NORMAL
13811,0,NORMAL
13812,0,NORMAL
13813,0,NORMAL
13814,0,NORMAL
13815,0,NORMAL
13816,0,NORMAL
13817,0,NORMAL
13818,0,NORMAL
13819,0,NORMAL
13820,0,NORMAL
13821,0,NORMAL
13822,0,NORMAL
13823,0,NORMAL
13824,0,NORMAL
13825,0,NORMAL
13826,0,NORMAL
13827,0,NORMAL
13828,0,NORMAL
13829,0,NORMAL
13830,0,NORMAL
13831,0,NORMAL
13832,0,NORMAL
13833,0,NORMAL
13834,0,NORMAL
13835,0,NORMAL
13836,0,NORMAL
13837,0,NORMAL
13838,0,NORMAL
13839,0,NORMAL
13840,0,NORMAL
13841,0,NORMAL
13842,0,NORMAL
13843,0,NORMAL
13844,0,NORMAL
13845,0,NORMAL
13846,0,NORMAL
13847,0,NORMAL
13848,0,NORMAL
13849,0,NORMAL
13850,0,NORMAL
13851,0,NORMAL
13852,0,NORMAL
13853,0,NORMAL
13854,0,NORMAL
13855,0,NORMAL
13856,0,NORMAL
13857,0,NORMAL
13858,0,NORMAL
13859,0,NORMAL
13860,0,NORMAL
13861,0,NORMAL
13862,0,NORMAL
13863,0,NORMAL
13864,0,NORMAL
13865,0,NORMAL
13866,0,NORMAL
13867,0,NORMAL
13868,0,NORMAL
13869,0,NORMAL
13870,0,NORMAL
13871,0,NORMAL
13872,0,NORMAL
13873,0,NORMAL
13874,0,NORMAL
13875,0,NORMAL
13876,0,NORMAL
13877,0,NORMAL
13878,0,NORMAL
13879,0,NORMAL
13880,0,NORMAL
13881,0,NORMAL
13882,0,NORMAL
13883,0,NORMAL
13884,0,NORMAL
13885,0,NORMAL
13886,0,NORMAL
13887,0,NORMAL
13888,0,NORMAL
13889,0,NORMAL
13890,0,NORMAL
13891,0,NORMAL
13892,0,NORMAL
13893,0,NORMAL
13894,0,NORMAL
13895,0,NORMAL
13896,0,NORMAL
13897,0,NORMAL
13898,0,NORMAL
13899,0,NORMAL
13900,0,NORMAL
13901,0,NORMAL
13902,0,NORMAL
13903,0,NORMAL
13904,0,NORMAL
13905,0,NORMAL
13906,0,NORMAL
13907,0,NORMAL
13908,0,NORMAL
13909,0,NORMAL
13910,0,NORMAL
13911,0,NORMAL
13912,0,NORMAL
13913,0,NORMAL
13914,0,NORMAL
13915,0,NORMAL
13916,0,NORMAL
13917,0,NORMAL
13918,0,NORMAL
13919,0,NORMAL
13920,0,NORMAL
13921,0,NORMAL
13922,0,NORMAL
13923,0,NORMAL
13924,0,NORMAL
13925,0,NORMAL
13926,0,NORMAL
13927,0,NORMAL
13928,0,NORMAL
13929,0,NORMAL
13930,0,NORMAL
13931,0,NORMAL
13932,0,NORMAL
13933,0,NORMAL
13934,0,NORMAL
13935,0,NORMAL
13936,0,NORMAL
13937,0,NORMAL
13938,0,NORMAL
13939,0,NORMAL
13940,0,NORMAL
13941,0,NORMAL
13942,0,NORMAL
13943,0,NORMAL
13944,0,NORMAL
13945,0,NORMAL
13946,0,NORMAL
13947,0,NORMAL
13948,0,NORMAL
13949,0,NORMAL
13950,0,NORMAL
13951,0,NORMAL
13952,0,NORMAL
13953,0,NORMAL
13954,0,NORMAL
13955,0,NORMAL
13956,0,NORMAL
13957,0,NORMAL
13958,0,NORMAL
13959,0,NORMAL
13960,0,NORMAL
13961,0,NORMAL
13962,0,NORMAL
13963,0,NORMAL
13964,0,NORMAL
13965,0,NORMAL
13966,0,NORMAL
13967,0,NORMAL
13968,0,NORMAL
13969,0,NORMAL
13970,0,NORMAL
13971,0,NORMAL
13972,0,NORMAL
13973,0,NORMAL
13974,0,NORMAL
13975,0,NORMAL
13976,0,NORMAL
13977,0,NORMAL
13978,0,NORMAL
13979,0,NORMAL
13980,0,NORMAL
13981,0,NORMAL
13982,0,NORMAL
13983,0,NORMAL
13984,0,NORMAL
13985,0,NORMAL
13986,0,NORMAL
13987,0,NORMAL
13988,0,NORMAL
13989,0,NORMAL
13990,0,NORMAL
13991,0,NORMAL
13992,0,NORMAL
13993,0,NORMAL
13994,0,NORMAL
13995,0,NORMAL
13996,0,NORMAL
13997,0,NORMAL
13998,0,NORMAL
13999,0,NORMAL
14000,0,NORMAL
14001,0,NORMAL
14002,0,NORMAL
14003,0,NORMAL
14004,0,NORMAL
14005,0,NORMAL
14006,0,NORMAL
14007,0,NORMAL
14008,0,NORMAL
14009,0,NORMAL
14010,0,NORMAL
14011,0,NORMAL
14012,0,NORMAL
14013,0,NORMAL
14014,0,NORMAL
14015,0,NORMAL
14016,0,NORMAL
14017,0,NORMAL
14018,0,NORMAL
14019,0,NORMAL
14020,0,NORMAL
14021,0,NORMAL
14022,0,NORMAL
14023,0,NORMAL
14024,0,NORMAL
14025,0,NORMAL
14026,0,NORMAL
14027,0,NORMAL
14028,0,NORMAL
14029,0,NORMAL
14030,0,NORMAL
14031,0,NORMAL
14032,0,NORMAL
14033,0,NORMAL
14034,0,NORMAL
14035,0,NORMAL
14036,0,NORMAL
14037,0,NORMAL
14038,0,NORMAL
14039,0,NORMAL
14040,0,NORMAL
14041,0,NORMAL
14042,0,NORMAL
14043,0,NORMAL
14044,0,NORMAL
14045,0,NORMAL
14046,0,NORMAL
14047,0,NORMAL
14048,0,NORMAL
14049,0,NORMAL
14050,0,NORMAL
14051,0,NORMAL
14052,0,NORMAL
14053,0,NORMAL
14054,0,NORMAL
14055,0,NORMAL
14056,0,NORMAL
14057,0,NORMAL
14058,0,NORMAL
14059,0,NORMAL
14060,0,NORMAL
14061,0,NORMAL
14062,0,NORMAL
14063,0,NORMAL
14064,0,NORMAL
14065,0,NORMAL
14066,0,NORMAL
14067,0,NORMAL
14068,0,NORMAL
14069,0,NORMAL
14070,0,NORMAL
14071,0,NORMAL
14072,0,NORMAL
14073,0,NORMAL
14074,0,NORMAL
14075,0,NORMAL
14076,0,NORMAL
14077,0,NORMAL
14078,0,NORMAL
14079,0,NORMAL
14080,0,NORMAL
14081,0,NORMAL
14082,0,NORMAL
14083,0,NORMAL
14084,0,NORMAL
14085,0,NORMAL
14086,0,NORMAL
14087,0,NORMAL
14088,0,NORMAL
14089,0,NORMAL
14090,0,NORMAL
14091,0,NORMAL
14092,0,NORMAL
14093,0,NORMAL
14094,0,NORMAL
14095,0,NORMAL
14096,0,NORMAL
14097,0,NORMAL
14098,0,NORMAL
14099,0,NORMAL
14100,0,NORMAL
14101,0,NORMAL
14102,0,NORMAL
14103,0,NORMAL
14104,0,NORMAL
14105,0,NORMAL
14106,0,NORMAL
14107,0,NORMAL
14108,0,NORMAL
14109,0,NORMAL
14110,0,NORMAL
14111,0,NORMAL
14112,0,NORMAL
14113,0,NORMAL
14114,0,NORMAL
14115,0,NORMAL
14116,0,NORMAL
14117,0,NORMAL
14118,0,NORMAL
14119,0,NORMAL
14120,0,NORMAL
14121,0,NORMAL
14122,0,NORMAL
14123,0,NORMAL
14124,0,NORMAL
14125,0,NORMAL
14126,0,NORMAL
14127,0,NORMAL
14128,0,NORMAL
14129,0,NORMAL
14130,0,NORMAL
14131,0,NORMAL
14132,0,NORMAL
14133,0,NORMAL
14134,0,NORMAL
14135,0,NORMAL
14136,0,NORMAL
14137,0,NORMAL
14138,0,NORMAL
14139,0,NORMAL
14140,0,NORMAL
14141,0,NORMAL
14142,0,NORMAL
14143,0,NORMAL
14144,0,NORMAL
14145,0,NORMAL
14146,0,NORMAL
14147,0,NORMAL
14148,0,NORMAL
14149,0,NORMAL
14150,0,NORMAL
14151,0,NORMAL
14152,0,NORMAL
14153,0,NORMAL
14154,0,NORMAL
14155,0,NORMAL
14156,0,NORMAL
14157,0,NORMAL
14158,0,NORMAL
14159,0,NORMAL
14160,0,NORMAL
14161,0,NORMAL
14162,0,NORMAL
14163,0,NORMAL
14164,0,NORMAL
14165,0,NORMAL
14166,0,NORMAL
14167,0,NORMAL
14168,0,NORMAL
14169,0,NORMAL
14170,0,NORMAL
14171,0,NORMAL
14172,0,NORMAL
14173,0,NORMAL
14174,0,NORMAL
14175,0,NORMAL
14176,0,NORMAL
14177,0,NORMAL
14178,0,NORMAL
14179,0,NORMAL
14180,0,NORMAL
14181,0,NORMAL
14182,0,NORMAL
14183,0,NORMAL
14184,0,NORMAL
14185,0,NORMAL
14186,0,NORMAL
14187,0,NORMAL
14188,0,NORMAL
14189,0,NORMAL
14190,0,NORMAL
14191,0,NORMAL
14192,0,NORMAL
14193,0,NORMAL
14194,0,NORMAL
14195,0,NORMAL
14196,0,NORMAL
14197,0,NORMAL
14198,0,NORMAL
14199,0,NORMAL
14200,0,NORMAL
14201,0,NORMAL
14202,0,NORMAL
14203,0,NORMAL
14204,0,NORMAL
14205,0,NORMAL
14206,0,NORMAL
14207,0,NORMAL
14208,0,NORMAL
14209,0,NORMAL
14210,0,NORMAL
14211,0,NORMAL
14212,0,NORMAL
14213,0,NORMAL
14214,0,NORMAL
14215,0,NORMAL
14216,0,NORMAL
14217,0,NORMAL
14218,0,NORMAL
14219,0,NORMAL
14220,0,NORMAL
14221,0,NORMAL
14222,0,NORMAL
14223,0,NORMAL
14224,0,NORMAL
14225,0,NORMAL
14226,0,NORMAL
14227,0,NORMAL
14228,0,NORMAL
14229,0,NORMAL
14230,0,NORMAL
14231,0,NORMAL
14232,0,NORMAL
14233,0,NORMAL
14234,0,NORMAL
14235,0,NORMAL
14236,0,NORMAL
14237,0,NORMAL
14238,0,NORMAL
14239,0,NORMAL
14240,0,NORMAL
14241,0,NORMAL
14242,0,NORMAL
14243,0,NORMAL
14244,0,NORMAL
14245,0,NORMAL
14246,0,NORMAL
14247,0,NORMAL
14248,0,NORMAL
14249,0,NORMAL
14250,0,NORMAL
14251,0,NORMAL
14252,0,NORMAL
14253,0,NORMAL
14254,0,NORMAL
14255,0,NORMAL
14256,0,NORMAL
14257,0,NORMAL
14258,0,NORMAL
14259,0,NORMAL
14260,0,NORMAL
14261,0,NORMAL
14262,0,NORMAL
14263,0,NORMAL
14264,0,NORMAL
14265,0,NORMAL
14266,0,NORMAL
14267,0,NORMAL
14268,0,NORMAL
14269,0,NORMAL
14270,0,NORMAL
14271,0,NORMAL
14272,0,NORMAL
14273,0,NORMAL
14274,0,NORMAL
14275,0,NORMAL
14276,0,NORMAL
14277,0,NORMAL
14278,0,NORMAL
14279,0,NORMAL
14280,0,NORMAL
14281,0,NORMAL
14282,0,NORMAL
14283,0,NORMAL
14284,0,NORMAL
14285,0,NORMAL
14286,0,NORMAL
14287,0,NORMAL
14288,0,NORMAL
14289,0,NORMAL
14290,0,NORMAL
14291,0,NORMAL
14292,0,NORMAL
14293,0,NORMAL
14294,0,NORMAL
14295,0,NORMAL
14296,0,NORMAL
14297,0,NORMAL
14298,0,NORMAL
14299,0,NORMAL
14300,0,NORMAL
14301,0,NORMAL
14302,0,NORMAL
14303,0,NORMAL
14304,0,NORMAL
14305,0,NORMAL
14306,0,NORMAL
14307,0,NORMAL
14308,0,NORMAL
14309,0,NORMAL
14310,0,NORMAL
14311,0,NORMAL
14312,0,NORMAL
14313,0,NORMAL
14314,0,NORMAL
14315,0,NORMAL
14316,0,NORMAL
14317,0,NORMAL
14318,0,NORMAL
14319,0,NORMAL
14320,0,NORMAL
14321,0,NORMAL
14322,0,NORMAL
14323,0,NORMAL
14324,0,NORMAL
14325,0,NORMAL
14326,0,NORMAL
14327,0,NORMAL
14328,0,NORMAL
14329,0,NORMAL
14330,0,NORMAL
14331,0,NORMAL
14332,0,NORMAL
14333,0,NORMAL
14334,0,NORMAL
14335,0,NORMAL
14336,0,NORMAL
14337,0,NORMAL
14338,0,NORMAL
14339,0,NORMAL
14340,0,NORMAL
14341,0,NORMAL
14342,0,NORMAL
14343,0,NORMAL
14344,0,NORMAL
14345,0,NORMAL
14346,0,NORMAL
14347,0,NORMAL
14348,0,NORMAL
14349,0,NORMAL
14350,0,NORMAL
14351,0,NORMAL
14352,0,NORMAL
14353,0,NORMAL
14354,0,NORMAL
14355,0,NORMAL
14356,0,NORMAL
14357,0,NORMAL
14358,0,NORMAL
14359,0,NORMAL
14360,0,NORMAL
14361,0,NORMAL
14362,0,NORMAL
14363,0,NORMAL
14364,0,NORMAL
14365,0,NORMAL
14366,0,NORMAL
14367,0,NORMAL
14368,0,NORMAL
14369,0,NORMAL
14370,0,NORMAL
14371,0,NORMAL
14372,0,NORMAL
14373,0,NORMAL
14374,0,NORMAL
14375,0,NORMAL
14376,0,NORMAL
14377,0,NORMAL
14378,0,NORMAL
14379,0,NORMAL
14380,0,NORMAL
14381,0,NORMAL
14382,0,NORMAL
14383,0,NORMAL
14384,0,NORMAL
14385,0,NORMAL
14386,0,NORMAL
14387,0,NORMAL
14388,0,NORMAL
14389,0,NORMAL
14390,0,NORMAL
14391,0,NORMAL
14392,0,NORMAL
14393,0,NORMAL
14394,0,NORMAL
14395,0,NORMAL
14396,0,NORMAL
14397,0,NORMAL
14398,0,NORMAL
14399,0,NORMAL
14400,0,NORMAL
14401,0,NORMAL
14402,0,NORMAL
14403,0,NORMAL
14404,0,NORMAL
14405,0,NORMAL
14406,0,NORMAL
14407,0,NORMAL
14408,0,NORMAL
14409,0,NORMAL
14410,0,NORMAL
14411,0,NORMAL
14412,0,NORMAL
14413,0,NORMAL
14414,0,NORMAL
14415,0,NORMAL
14416,0,NORMAL
14417,0,NORMAL
14418,0,NORMAL
14419,0,NORMAL
14420,0,NORMAL
14421,0,NORMAL
14422,0,NORMAL
14423,0,NORMAL
14424,0,NORMAL
14425,0,NORMAL
14426,0,NORMAL
14427,0,NORMAL
14428,0,NORMAL
14429,0,NORMAL
14430,0,NORMAL
14431,0,NORMAL
14432,0,NORMAL
14433,0,NORMAL
14434,0,NORMAL
14435,0,NORMAL
14436,0,NORMAL
14437,0,NORMAL
14438,0,NORMAL
14439,0,NORMAL
14440,0,NORMAL
14441,0,NORMAL
14442,0,NORMAL
14443,0,NORMAL
14444,0,NORMAL
14445,0,NORMAL
14446,0,NORMAL
14447,0,NORMAL
14448,0,NORMAL
14449,0,NORMAL
14450,0,NORMAL
14451,0,NORMAL
14452,0,NORMAL
14453,0,NORMAL
14454,0,NORMAL
14455,0,NORMAL
14456,0,NORMAL
14457,0,NORMAL
14458,0,NORMAL
14459,0,NORMAL
14460,0,NORMAL
14461,0,NORMAL
14462,0,NORMAL
14463,0,NORMAL
14464,0,NORMAL
14465,0,NORMAL
14466,0,NORMAL
14467,0,NORMAL
14468,0,NORMAL
14469,0,NORMAL
14470,0,NORMAL
14471,0,NORMAL
14472,0,NORMAL
14473,0,NORMAL
14474,0,NORMAL
14475,0,NORMAL
14476,0,NORMAL
14477,0,NORMAL
14478,0,NORMAL
14479,0,NORMAL
14480,0,NORMAL
14481,0,NORMAL
14482,0,NORMAL
14483,0,NORMAL
14484,0,NORMAL
14485,0,NORMAL
14486,0,NORMAL
14487,0,NORMAL
14488,0,NORMAL
14489,0,NORMAL
14490,0,NORMAL
14491,0,NORMAL
14492,0,NORMAL
14493,0,NORMAL
14494,0,NORMAL
14495,0,NORMAL
14496,0,NORMAL
14497,0,NORMAL
14498,0,NORMAL
14499,0,NORMAL
14500,0,NORMAL
14501,0,NORMAL
14502,0,NORMAL
14503,0,NORMAL
14504,0,NORMAL
14505,0,NORMAL
14506,0,NORMAL
14507,0,NORMAL
14508,0,NORMAL
14509,0,NORMAL
14510,0,NORMAL
14511,0,NORMAL
14512,0,NORMAL
14513,0,NORMAL
14514,0,NORMAL
14515,0,NORMAL
14516,0,NORMAL
14517,0,NORMAL
14518,0,NORMAL
14519,0,NORMAL
14520,0,NORMAL
14521,0,NORMAL
14522,0,NORMAL
14523,0,NORMAL
14524,0,NORMAL
14525,0,NORMAL
14526,0,NORMAL
14527,0,NORMAL
14528,0,NORMAL
14529,0,NORMAL
14530,0,NORMAL
14531,0,NORMAL
14532,0,NORMAL
14533,0,NORMAL
14534,0,NORMAL
14535,0,NORMAL
14536,0,NORMAL
14537,0,NORMAL
14538,0,NORMAL
14539,0,NORMAL
14540,0,NORMAL
14541,0,NORMAL
14542,0,NORMAL
14543,0,NORMAL
14544,0,NORMAL
14545,0,NORMAL
14546,0,NORMAL
14547,0,NORMAL
14548,0,NORMAL
14549,0,NORMAL
14550,0,NORMAL
14551,0,NORMAL
14552,0,NORMAL
14553,0,NORMAL
14554,0,NORMAL
14555,0,NORMAL
14556,0,NORMAL
14557,0,NORMAL
14558,0,NORMAL
14559,0,NORMAL
14560,0,NORMAL
14561,0,NORMAL
14562,0,NORMAL
14563,0,NORMAL
14564,0,NORMAL
14565,0,NORMAL
14566,0,NORMAL
14567,0,NORMAL
14568,0,NORMAL
14569,0,NORMAL
14570,0,NORMAL
14571,0,NORMAL
14572,0,NORMAL
14573,0,NORMAL
14574,0,NORMAL
14575,0,NORMAL
14576,0,NORMAL
14577,0,NORMAL
14578,0,NORMAL
14579,0,NORMAL
14580,0,NORMAL
14581,0,NORMAL
14582,0,NORMAL
14583,0,NORMAL
14584,0,NORMAL
14585,0,NORMAL
14586,0,NORMAL
14587,0,NORMAL
14588,0,NORMAL
14589,0,NORMAL
14590,0,NORMAL
14591,0,NORMAL
14592,0,NORMAL
14593,0,NORMAL
14594,0,NORMAL
14595,0,NORMAL
14596,0,NORMAL
14597,0,NORMAL
14598,0,NORMAL
14599,0,NORMAL
14600,0,NORMAL
14601,0,NORMAL
14602,0,NORMAL
14603,0,NORMAL
14604,0,NORMAL
14605,0,NORMAL
14606,0,NORMAL
14607,0,NORMAL
14608,0,NORMAL
14609,0,NORMAL
14610,0,NORMAL
14611,0,NORMAL
14612,0,NORMAL
14613,0,NORMAL
14614,0,NORMAL
14615,0,NORMAL
14616,0,NORMAL
14617,0,NORMAL
14618,0,NORMAL
14619,0,NORMAL
14620,0,NORMAL
14621,0,NORMAL
14622,0,NORMAL
14623,0,NORMAL
14624,0,NORMAL
14625,0,NORMAL
14626,0,NORMAL
14627,0,NORMAL
14628,0,NORMAL
14629,0,NORMAL
14630,0,NORMAL
14631,0,NORMAL
14632,0,NORMAL
14633,0,NORMAL
14634,0,NORMAL
14635,0,NORMAL
14636,0,NORMAL
14637,0,NORMAL
14638,0,NORMAL
14639,0,NORMAL
14640,0,NORMAL
14641,0,NORMAL
14642,0,NORMAL
14643,0,NORMAL
14644,0,NORMAL
14645,0,NORMAL
14646,0,NORMAL
14647,0,NORMAL
14648,0,NORMAL
14649,0,NORMAL
14650,0,NORMAL
14651,0,NORMAL
14652,0,NORMAL
14653,0,NORMAL
14654,0,NORMAL
14655,0,NORMAL
14656,0,NORMAL
14657,0,NORMAL
14658,0,NORMAL
14659,0,NORMAL
14660,0,NORMAL
14661,0,NORMAL
14662,0,NORMAL
14663,0,NORMAL
14664,0,NORMAL
14665,0,NORMAL
14666,0,NORMAL
14667,0,NORMAL
14668,0,NORMAL
14669,0,NORMAL
14670,0,NORMAL
14671,0,NORMAL
14672,0,NORMAL
14673,0,NORMAL
14674,0,NORMAL
14675,0,NORMAL
14676,0,NORMAL
14677,0,NORMAL
14678,0,NORMAL
14679,0,NORMAL
14680,0,NORMAL
14681,0,NORMAL
14682,0,NORMAL
14683,0,NORMAL
14684,0,NORMAL
14685,0,NORMAL
14686,0,NORMAL
14687,0,NORMAL
14688,0,NORMAL
14689,0,NORMAL
14690,0,NORMAL
14691,0,NORMAL
14692,0,NORMAL
14693,0,NORMAL
14694,0,NORMAL
14695,0,NORMAL
14696,0,NORMAL
14697,0,NORMAL
14698,0,NORMAL
14699,0,NORMAL
14700,0,NORMAL
14701,0,NORMAL
14702,0,NORMAL
14703,0,NORMAL
14704,0,NORMAL
14705,0,NORMAL
14706,0,NORMAL
14707,0,NORMAL
14708,0,NORMAL
14709,0,NORMAL
14710,0,NORMAL
14711,0,NORMAL
14712,0,NORMAL
14713,0,NORMAL
14714,0,NORMAL
14715,0,NORMAL
14716,0,NORMAL
14717,0,NORMAL
14718,0,NORMAL
14719,0,NORMAL
14720,0,NORMAL
14721,0,NORMAL
14722,0,NORMAL
14723,0,NORMAL
14724,0,NORMAL
14725,0,NORMAL
14726,0,NORMAL
14727,0,NORMAL
14728,0,NORMAL
14729,0,NORMAL
14730,0,NORMAL
14731,0,NORMAL
14732,0,NORMAL
14733,0,NORMAL
14734,0,NORMAL
14735,0,NORMAL
14736,0,NORMAL
14737,0,NORMAL
14738,0,NORMAL
14739,0,NORMAL
14740,0,NORMAL
14741,0,NORMAL
14742,0,NORMAL
14743,0,NORMAL
14744,0,NORMAL
14745,0,NORMAL
14746,0,NORMAL
14747,0,NORMAL
14748,0,NORMAL
14749,0,NORMAL
14750,0,NORMAL
14751,0,NORMAL
14752,0,NORMAL
14753,0,NORMAL
14754,0,NORMAL
14755,0,NORMAL
14756,0,NORMAL
14757,0,NORMAL
14758,0,NORMAL
14759,0,NORMAL
14760,0,NORMAL
14761,0,NORMAL
14762,0,NORMAL
14763,0,NORMAL
14764,0,NORMAL
14765,0,NORMAL
14766,0,NORMAL
14767,0,NORMAL
14768,0,NORMAL
14769,0,NORMAL
14770,0,NORMAL
14771,0,NORMAL
14772,0,NORMAL
14773,0,NORMAL
14774,0,NORMAL
14775,0,NORMAL
14776,0,NORMAL
14777,0,NORMAL
14778,0,NORMAL
14779,0,NORMAL
14780,0,NORMAL
14781,0,NORMAL
14782,0,NORMAL
14783,0,NORMAL
14784,0,NORMAL
14785,0,NORMAL
14786,0,NORMAL
14787,0,NORMAL
14788,0,NORMAL
14789,0,NORMAL
14790,0,NORMAL
14791,0,NORMAL
14792,0,NORMAL
14793,0,NORMAL
14794,0,NORMAL
14795,0,NORMAL
14796,0,NORMAL
14797,0,NORMAL
14798,0,NORMAL
14799,0,NORMAL
14800,0,NORMAL
14801,0,NORMAL
14802,0,NORMAL
14803,0,NORMAL
14804,0,NORMAL
14805,0,NORMAL
14806,0,NORMAL
14807,0,NORMAL
14808,0,NORMAL
14809,0,NORMAL
14810,0,NORMAL
14811,0,NORMAL
14812,0,NORMAL
14813,0,NORMAL
14814,0,NORMAL
14815,0,NORMAL
14816,0,NORMAL
14817,0,NORMAL
14818,0,NORMAL
14819,0,NORMAL
14820,0,NORMAL
14821,0,NORMAL
14822,0,NORMAL
14823,0,NORMAL
14824,0,NORMAL
14825,0,NORMAL
14826,0,NORMAL
14827,0,NORMAL
14828,0,NORMAL
14829,0,NORMAL
14830,0,NORMAL
14831,0,NORMAL
14832,0,NORMAL
14833,0,NORMAL
14834,0,NORMAL
14835,0,NORMAL
14836,0,NORMAL
14837,0,NORMAL
14838,0,NORMAL
14839,0,NORMAL
14840,0,NORMAL
14841,0,NORMAL
14842,0,NORMAL
14843,0,NORMAL
14844,0,NORMAL
14845,0,NORMAL
14846,0,NORMAL
14847,0,NORMAL
14848,0,NORMAL
14849,0,NORMAL
14850,0,NORMAL
14851,0,NORMAL
14852,0,NORMAL
14853,0,NORMAL
14854,0,NORMAL
14855,0,NORMAL
14856,0,NORMAL
14857,0,NORMAL
14858,0,NORMAL
14859,0,NORMAL
14860,0,NORMAL
14861,0,NORMAL
14862,0,NORMAL
14863,0,NORMAL
14864,0,NORMAL
14865,0,NORMAL
14866,0,NORMAL
14867,0,NORMAL
14868,0,NORMAL
14869,0,NORMAL
14870,0,NORMAL
14871,0,NORMAL
14872,0,NORMAL
14873,0,NORMAL
14874,0,NORMAL
14875,0,NORMAL
14876,0,NORMAL
14877,0,NORMAL
14878,0,NORMAL
14879,0,NORMAL
14880,0,NORMAL
14881,0,NORMAL
14882,0,NORMAL
14883,0,NORMAL
14884,0,NORMAL
14885,0,NORMAL
14886,0,NORMAL
14887,0,NORMAL
14888,0,NORMAL
14889,0,NORMAL
14890,0,NORMAL
14891,0,NORMAL
14892,0,NORMAL
14893,0,NORMAL
14894,0,NORMAL
14895,0,NORMAL
14896,0,NORMAL
14897,0,NORMAL
14898,0,NORMAL
14899,0,NORMAL
14900,0,NORMAL
14901,0,NORMAL
14902,0,NORMAL
14903,0,NORMAL
14904,0,NORMAL
14905,0,NORMAL
14906,0,NORMAL
14907,0,NORMAL
14908,0,NORMAL
14909,0,NORMAL
14910,0,NORMAL
14911,0,NORMAL
14912,0,NORMAL
14913,0,NORMAL
14914,0,NORMAL
14915,0,NORMAL
14916,0,NORMAL
14917,0,NORMAL
14918,0,NORMAL
14919,0,NORMAL
14920,0,NORMAL
14921,0,NORMAL
14922,0,NORMAL
14923,0,NORMAL
14924,0,NORMAL
14925,0,NORMAL
14926,0,NORMAL
14927,0,NORMAL
14928,0,NORMAL
14929,0,NORMAL
14930,0,NORMAL
14931,0,NORMAL
14932,0,NORMAL
14933,0,NORMAL
14934,0,NORMAL
14935,0,NORMAL
14936,0,NORMAL
14937,0,NORMAL
14938,0,NORMAL
14939,0,NORMAL
14940,0,NORMAL
14941,0,NORMAL
14942,0,NORMAL
14943,0,NORMAL
14944,0,NORMAL
14945,0,NORMAL
14946,0,NORMAL
14947,0,NORMAL
14948,0,NORMAL
14949,0,NORMAL
14950,0,NORMAL
14951,0,NORMAL
14952,0,NORMAL
14953,0,NORMAL
14954,0,NORMAL
14955,0,NORMAL
14956,0,NORMAL
14957,0,NORMAL
14958,0,NORMAL
14959,0,NORMAL
14960,0,NORMAL
14961,0,NORMAL
14962,0,NORMAL
14963,0,NORMAL
14964,0,NORMAL
14965,0,NORMAL
14966,0,NORMAL
14967,0,NORMAL
14968,0,NORMAL
14969,0,NORMAL
14970,0,NORMAL
14971,0,NORMAL
14972,0,NORMAL
14973,0,NORMAL
14974,0,NORMAL
14975,0,NORMAL
14976,0,NORMAL
14977,0,NORMAL
14978,0,NORMAL
14979,0,NORMAL
14980,0,NORMAL
14981,0,NORMAL
14982,0,NORMAL
14983,0,NORMAL
14984,0,NORMAL
14985,0,NORMAL
14986,0,NORMAL
14987,0,NORMAL
14988,0,NORMAL
14989,0,NORMAL
14990,0,NORMAL
14991,0,NORMAL
14992,0,NORMAL
14993,0,NORMAL
14994,0,NORMAL
14995,0,NORMAL
14996,0,NORMAL
14997,0,NORMAL
14998,0,NORMAL
14999,0,NORMAL
15000,0,NORMAL
15001,0,NORMAL
15002,0,NORMAL
15003,0,NORMAL
15004,0,NORMAL
15005,0,NORMAL
15006,0,NORMAL
15007,0,NORMAL
15008,0,NORMAL
15009,0,NORMAL
15010,0,NORMAL
15011,0,NORMAL
15012,0,NORMAL
15013,0,NORMAL
15014,0,NORMAL
15015,0,NORMAL
15016,0,NORMAL
15017,0,NORMAL
15018,0,NORMAL
15019,0,NORMAL
15020,0,NORMAL
15021,0,NORMAL
15022,0,NORMAL
15023,0,NORMAL
15024,0,NORMAL
15025,0,NORMAL
15026,0,NORMAL
15027,0,NORMAL
15028,0,NORMAL
15029,0,NORMAL
15030,0,NORMAL
15031,0,NORMAL
15032,0,NORMAL
15033,0,NORMAL
15034,0,NORMAL
15035,0,NORMAL
15036,0,NORMAL
15037,0,NORMAL
15038,0,NORMAL
15039,0,NORMAL
15040,0,NORMAL
15041,0,NORMAL
15042,0,NORMAL
15043,0,NORMAL
15044,0,NORMAL
15045,0,NORMAL
15046,0,NORMAL
15047,0,NORMAL
15048,0,NORMAL
15049,0,NORMAL
15050,0,NORMAL
15051,0,NORMAL
15052,0,NORMAL
15053,0,NORMAL
15054,0,NORMAL
15055,0,NORMAL
15056,0,NORMAL
15057,0,NORMAL
15058,0,NORMAL
15059,0,NORMAL
15060,0,NORMAL
15061,0,NORMAL
15062,0,NORMAL
15063,0,NORMAL
15064,0,NORMAL
15065,0,NORMAL
15066,0,NORMAL
15067,0,NORMAL
15068,0,NORMAL
15069,0,NORMAL
15070,0,NORMAL
15071,0,NORMAL
15072,0,NORMAL
15073,0,NORMAL
15074,0,NORMAL
15075,0,NORMAL
15076,0,NORMAL
15077,0,NORMAL
15078,0,NORMAL
15079,0,NORMAL
15080,0,NORMAL
15081,0,NORMAL
15082,0,NORMAL
15083,0,NORMAL
15084,0,NORMAL
15085,0,NORMAL
15086,0,NORMAL
15087,0,NORMAL
15088,0,NORMAL
15089,0,NORMAL
15090,0,NORMAL
15091,0,NORMAL
15092,0,NORMAL
15093,0,NORMAL
15094,0,NORMAL
15095,0,NORMAL
15096,0,NORMAL
15097,0,NORMAL
15098,0,NORMAL
15099,0,NORMAL
15100,0,NORMAL
15101,0,NORMAL
15102,0,NORMAL
15103,0,NORMAL
15104,0,NORMAL
15105,0,NORMAL
15106,0,NORMAL
15107,0,NORMAL
15108,0,NORMAL
15109,0,NORMAL
15110,0,NORMAL
15111,0,NORMAL
15112,0,NORMAL
15113,0,NORMAL
15114,0,NORMAL
15115,0,NORMAL
15116,0,NORMAL
15117,0,NORMAL
15118,0,NORMAL
15119,0,NORMAL
15120,0,NORMAL
15121,0,NORMAL
15122,0,NORMAL
15123,0,NORMAL
15124,0,NORMAL
15125,0,NORMAL
15126,0,NORMAL
15127,0,NORMAL
15128,0,NORMAL
15129,0,NORMAL
15130,0,NORMAL
15131,0,NORMAL
15132,0,NORMAL
15133,0,NORMAL
15134,0,NORMAL
15135,0,NORMAL
15136,0,NORMAL
15137,0,NORMAL
15138,0,NORMAL
15139,0,NORMAL
15140,0,NORMAL
15141,0,NORMAL
15142,0,NORMAL
15143,0,NORMAL
15144,0,NORMAL
15145,0,NORMAL
15146,0,NORMAL
15147,0,NORMAL
15148,0,NORMAL
15149,0,NORMAL
15150,0,NORMAL
15151,0,NORMAL
15152,0,NORMAL
15153,0,NORMAL
15154,0,NORMAL
15155,0,NORMAL
15156,0,NORMAL
15157,0,NORMAL
15158,0,NORMAL
15159,0,NORMAL
15160,0,NORMAL
15161,0,NORMAL
15162,0,NORMAL
15163,0,NORMAL
15164,0,NORMAL
15165,0,NORMAL
15166,0,NORMAL
15167,0,NORMAL
15168,0,NORMAL
15169,0,NORMAL
15170,0,NORMAL
15171,0,NORMAL
15172,0,NORMAL
15173,0,NORMAL
15174,0,NORMAL
15175,0,NORMAL
15176,0,NORMAL
15177,0,NORMAL
15178,0,NORMAL
15179,0,NORMAL
15180,0,NORMAL
15181,0,NORMAL
15182,0,NORMAL
15183,0,NORMAL
15184,0,NORMAL
15185,0,NORMAL
15186,0,NORMAL
15187,0,NORMAL
15188,0,NORMAL
15189,0,NORMAL
15190,0,NORMAL
15191,0,NORMAL
15192,0,NORMAL
15193,0,NORMAL
15194,0,NORMAL
15195,0,NORMAL
15196,0,NORMAL
15197,0,NORMAL
15198,0,NORMAL
15199,0,NORMAL
15200,0,NORMAL
15201,0,NORMAL
15202,0,NORMAL
15203,0,NORMAL
15204,0,NORMAL
15205,0,NORMAL
15206,0,NORMAL
15207,0,NORMAL
15208,0,NORMAL
15209,0,NORMAL
15210,0,NORMAL
15211,0,NORMAL
15212,0,NORMAL
15213,0,NORMAL
15214,0,NORMAL
15215,0,NORMAL
15216,0,NORMAL
15217,0,NORMAL
15218,0,NORMAL
15219,0,NORMAL
15220,0,NORMAL
15221,0,NORMAL
15222,0,NORMAL
15223,0,NORMAL
15224,0,NORMAL
15225,0,NORMAL
15226,0,NORMAL
15227,0,NORMAL
15228,0,NORMAL
15229,0,NORMAL
15230,0,NORMAL
15231,0,NORMAL
15232,0,NORMAL
15233,0,NORMAL
15234,0,NORMAL
15235,0,NORMAL
15236,0,NORMAL
15237,0,NORMAL
15238,0,NORMAL
15239,0,NORMAL
15240,0,NORMAL
15241,0,NORMAL
15242,0,NORMAL
15243,0,NORMAL
15244,0,NORMAL
15245,0,NORMAL
15246,0,NORMAL
15247,0,NORMAL
15248,0,NORMAL
15249,0,NORMAL
15250,0,NORMAL
15251,0,NORMAL
15252,0,NORMAL
15253,0,NORMAL
15254,0,NORMAL
15255,0,NORMAL
15256,0,NORMAL
15257,0,NORMAL
15258,0,NORMAL
15259,0,NORMAL
15260,0,NORMAL
15261,0,NORMAL
15262,0,NORMAL
15263,0,NORMAL
15264,0,NORMAL
15265,0,NORMAL
15266,0,NORMAL
15267,0,NORMAL
15268,0,NORMAL
15269,0,NORMAL
15270,0,NORMAL
15271,0,NORMAL
15272,0,NORMAL
15273,0,NORMAL
15274,0,NORMAL
15275,0,NORMAL
15276,0,NORMAL
15277,0,NORMAL
15278,0,NORMAL
15279,0,NORMAL
15280,0,NORMAL
15281,0,NORMAL
15282,0,NORMAL
15283,0,NORMAL
15284,0,NORMAL
15285,0,NORMAL
15286,0,NORMAL
15287,0,NORMAL
15288,0,NORMAL
15289,0,NORMAL
15290,0,NORMAL
15291,0,NORMAL
15292,0,NORMAL
15293,0,NORMAL
15294,0,NORMAL
15295,0,NORMAL
15296,0,NORMAL
15297,0,NORMAL
15298,0,NORMAL
15299,0,NORMAL
15300,0,NORMAL
15301,0,NORMAL
15302,0,NORMAL
15303,0,NORMAL
15304,0,NORMAL
15305,0,NORMAL
15306,0,NORMAL
15307,0,NORMAL
15308,0,NORMAL
15309,0,NORMAL
15310,0,NORMAL
15311,0,NORMAL
15312,0,NORMAL
15313,0,NORMAL
15314,0,NORMAL
15315,0,NORMAL
15316,0,NORMAL
15317,0,NORMAL
15318,0,NORMAL
15319,0,NORMAL
15320,0,NORMAL
15321,0,NORMAL
15322,0,NORMAL
15323,0,NORMAL
15324,0,NORMAL
15325,0,NORMAL
15326,0,NORMAL
15327,0,NORMAL
15328,0,NORMAL
15329,0,NORMAL
15330,0,NORMAL
15331,0,NORMAL
15332,0,NORMAL
15333,0,NORMAL
15334,0,NORMAL
15335,0,NORMAL
15336,0,NORMAL
15337,0,NORMAL
15338,0,NORMAL
15339,0,NORMAL
15340,0,NORMAL
15341,0,NORMAL
15342,0,NORMAL
15343,0,NORMAL
15344,0,NORMAL
15345,0,NORMAL
15346,0,NORMAL
15347,0,NORMAL
15348,0,NORMAL
15349,0,NORMAL
15350,0,NORMAL
15351,0,NORMAL
15352,0,NORMAL
15353,0,NORMAL
15354,0,NORMAL
15355,0,NORMAL
15356,0,NORMAL
15357,0,NORMAL
15358,0,NORMAL
15359,0,NORMAL
15360,0,NORMAL
15361,0,NORMAL
15362,0,NORMAL
15363,0,NORMAL
15364,0,NORMAL
15365,0,NORMAL
15366,0,NORMAL
15367,0,NORMAL
15368,0,NORMAL
15369,0,NORMAL
15370,0,NORMAL
15371,0,NORMAL
15372,0,NORMAL
15373,0,NORMAL
15374,0,NORMAL
15375,0,NORMAL
15376,0,NORMAL
15377,0,NORMAL
15378,0,NORMAL
15379,0,NORMAL
15380,0,NORMAL
15381,0,NORMAL
15382,0,NORMAL
15383,0,NORMAL
15384,0,NORMAL
15385,0,NORMAL
15386,0,NORMAL
15387,0,NORMAL
15388,0,NORMAL
15389,0,NORMAL
15390,0,NORMAL
15391,0,NORMAL
15392,0,NORMAL
15393,0,NORMAL
15394,0,NORMAL
15395,0,NORMAL
15396,0,NORMAL
15397,0,NORMAL
15398,0,NORMAL
15399,0,NORMAL
15400,0,NORMAL
15401,0,NORMAL
15402,0,NORMAL
15403,0,NORMAL
15404,0,NORMAL
15405,0,NORMAL
15406,0,NORMAL
15407,0,NORMAL
15408,0,NORMAL
15409,0,NORMAL
15410,0,NORMAL
15411,0,NORMAL
15412,0,NORMAL
15413,0,NORMAL
15414,0,NORMAL
15415,0,NORMAL
15416,0,NORMAL
15417,0,NORMAL
15418,0,NORMAL
15419,0,NORMAL
15420,0,NORMAL
15421,0,NORMAL
15422,0,NORMAL
15423,0,NORMAL
15424,0,NORMAL
15425,0,NORMAL
15426,0,NORMAL
15427,0,NORMAL
15428,0,NORMAL
15429,0,NORMAL
15430,0,NORMAL
15431,0,NORMAL
15432,0,NORMAL
15433,0,NORMAL
15434,0,NORMAL
15435,0,NORMAL
15436,0,NORMAL
15437,0,NORMAL
15438,0,NORMAL
15439,0,NORMAL
15440,0,NORMAL
15441,0,NORMAL
15442,0,NORMAL
15443,0,NORMAL
15444,0,NORMAL
15445,0,NORMAL
15446,0,NORMAL
15447,0,NORMAL
15448,0,NORMAL
15449,0,NORMAL
15450,0,NORMAL
15451,0,NORMAL
15452,0,NORMAL
15453,0,NORMAL
15454,0,NORMAL
15455,0,NORMAL
15456,0,NORMAL
15457,0,NORMAL
15458,0,NORMAL
15459,0,NORMAL
15460,0,NORMAL
15461,0,NORMAL
15462,0,NORMAL
15463,0,NORMAL
15464,0,NORMAL
15465,0,NORMAL
15466,0,NORMAL
15467,0,NORMAL
15468,0,NORMAL
15469,0,NORMAL
15470,0,NORMAL
15471,0,NORMAL
15472,0,NORMAL
15473,0,NORMAL
15474,0,NORMAL
15475,0,NORMAL
15476,0,NORMAL
15477,0,NORMAL
15478,0,NORMAL
15479,0,NORMAL
15480,0,NORMAL
15481,0,NORMAL
15482,0,NORMAL
15483,0,NORMAL
15484,0,NORMAL
15485,0,NORMAL
15486,0,NORMAL
15487,0,NORMAL
15488,0,NORMAL
15489,0,NORMAL
15490,0,NORMAL
15491,0,NORMAL
15492,0,NORMAL
15493,0,NORMAL
15494,0,NORMAL
15495,0,NORMAL
15496,0,NORMAL
15497,0,NORMAL
15498,0,NORMAL
15499,0,NORMAL
15500,0,NORMAL
15501,0,NORMAL
15502,0,NORMAL
15503,0,NORMAL
15504,0,NORMAL
15505,0,NORMAL
15506,0,NORMAL
15507,0,NORMAL
15508,0,NORMAL
15509,0,NORMAL
15510,0,NORMAL
15511,0,NORMAL
15512,0,NORMAL
15513,0,NORMAL
15514,0,NORMAL
15515,0,NORMAL
15516,0,NORMAL
15517,0,NORMAL
15518,0,NORMAL
15519,0,NORMAL
15520,0,NORMAL
15521,0,NORMAL
15522,0,NORMAL
15523,0,NORMAL
15524,0,NORMAL
15525,0,NORMAL
15526,0,NORMAL
15527,0,NORMAL
15528,0,NORMAL
15529,0,NORMAL
15530,0,NORMAL
15531,0,NORMAL
15532,0,NORMAL
15533,0,NORMAL
15534,0,NORMAL
15535,0,NORMAL
15536,0,NORMAL
15537,0,NORMAL
15538,0,NORMAL
15539,0,NORMAL
15540,0,NORMAL
15541,0,NORMAL
15542,0,NORMAL
15543,0,NORMAL
15544,0,NORMAL
15545,0,NORMAL
15546,0,NORMAL
15547,0,NORMAL
15548,0,NORMAL
15549,0,NORMAL
15550,0,NORMAL
15551,0,NORMAL
15552,0,NORMAL
15553,0,NORMAL
15554,0,NORMAL
15555,0,NORMAL
15556,0,NORMAL
15557,0,NORMAL
15558,0,NORMAL
15559,0,NORMAL
15560,0,NORMAL
15561,0,NORMAL
15562,0,NORMAL
15563,0,NORMAL
15564,0,NORMAL
15565,0,NORMAL
15566,0,NORMAL
15567,0,NORMAL
15568,0,NORMAL
15569,0,NORMAL
15570,0,NORMAL
15571,0,NORMAL
15572,0,NORMAL
15573,0,NORMAL
15574,0,NORMAL
15575,0,NORMAL
15576,0,NORMAL
15577,0,NORMAL
15578,0,NORMAL
15579,0,NORMAL
15580,0,NORMAL
15581,0,NORMAL
15582,0,NORMAL
15583,0,NORMAL
15584,0,NORMAL
15585,0,NORMAL
15586,0,NORMAL
15587,0,NORMAL
15588,0,NORMAL
15589,0,NORMAL
15590,0,NORMAL
15591,0,NORMAL
15592,0,NORMAL
15593,0,NORMAL
15594,0,NORMAL
15595,0,NORMAL
15596,0,NORMAL
15597,0,NORMAL
15598,0,NORMAL
15599,0,NORMAL
15600,0,NORMAL
15601,0,NORMAL
15602,0,NORMAL
15603,0,NORMAL
15604,0,NORMAL
15605,0,NORMAL
15606,0,NORMAL
15607,0,NORMAL
15608,0,NORMAL
15609,0,NORMAL
15610,0,NORMAL
15611,0,NORMAL
15612,0,NORMAL
15613,0,NORMAL
15614,0,NORMAL
15615,0,NORMAL
15616,0,NORMAL
15617,0,NORMAL
15618,0,NORMAL
15619,0,NORMAL
15620,0,NORMAL
15621,0,NORMAL
15622,0,NORMAL
15623,0,NORMAL
15624,0,NORMAL
15625,0,NORMAL
15626,0,NORMAL
15627,0,NORMAL
15628,0,NORMAL
15629,0,NORMAL
15630,0,NORMAL
15631,0,NORMAL
15632,0,NORMAL
15633,0,NORMAL
15634,0,NORMAL
15635,0,NORMAL
15636,0,NORMAL
15637,0,NORMAL
15638,0,NORMAL
15639,0,NORMAL
15640,0,NORMAL
15641,0,NORMAL
15642,0,NORMAL
15643,0,NORMAL
15644,0,NORMAL
15645,0,NORMAL
15646,0,NORMAL
15647,0,NORMAL
15648,0,NORMAL
15649,0,NORMAL
15650,0,NORMAL
15651,0,NORMAL
15652,0,NORMAL
15653,0,NORMAL
15654,0,NORMAL
15655,0,NORMAL
15656,0,NORMAL
15657,0,NORMAL
15658,0,NORMAL
15659,0,NORMAL
15660,0,NORMAL
15661,0,NORMAL
15662,0,NORMAL
15663,0,NORMAL
15664,0,NORMAL
15665,0,NORMAL
15666,0,NORMAL
15667,0,NORMAL
15668,0,NORMAL
15669,0,NORMAL
15670,0,NORMAL
15671,0,NORMAL
15672,0,NORMAL
15673,0,NORMAL
15674,0,NORMAL
15675,0,NORMAL
15676,0,NORMAL
15677,0,NORMAL
15678,0,NORMAL
15679,0,NORMAL
15680,0,NORMAL
15681,0,NORMAL
15682,0,NORMAL
15683,0,NORMAL
15684,0,NORMAL
15685,0,NORMAL
15686,0,NORMAL
15687,0,NORMAL
15688,0,NORMAL
15689,0,NORMAL
15690,0,NORMAL
15691,0,NORMAL
15692,0,NORMAL
15693,0,NORMAL
15694,0,NORMAL
15695,0,NORMAL
15696,0,NORMAL
15697,0,NORMAL
15698,0,NORMAL
15699,0,NORMAL
15700,0,NORMAL
15701,0,NORMAL
15702,0,NORMAL
15703,0,NORMAL
15704,0,NORMAL
15705,0,NORMAL
15706,0,NORMAL
15707,0,NORMAL
15708,0,NORMAL
15709,0,NORMAL
15710,0,NORMAL
15711,0,NORMAL
15712,0,NORMAL
15713,0,NORMAL
15714,0,NORMAL
15715,0,NORMAL
15716,0,NORMAL
15717,0,NORMAL
15718,0,NORMAL
15719,0,NORMAL
15720,0,NORMAL
15721,0,NORMAL
15722,0,NORMAL
15723,0,NORMAL
15724,0,NORMAL
15725,0,NORMAL
15726,0,NORMAL
15727,0,NORMAL
15728,0,NORMAL
15729,0,NORMAL
15730,0,NORMAL
15731,0,NORMAL
15732,0,NORMAL
15733,0,NORMAL
15734,0,NORMAL
15735,0,NORMAL
15736,0,NORMAL
15737,0,NORMAL
15738,0,NORMAL
15739,0,NORMAL
15740,0,NORMAL
15741,0,NORMAL
15742,0,NORMAL
15743,0,NORMAL
15744,0,NORMAL
15745,0,NORMAL
15746,0,NORMAL
15747,0,NORMAL
15748,0,NORMAL
15749,0,NORMAL
15750,0,NORMAL
15751,0,NORMAL
15752,0,NORMAL
15753,0,NORMAL
15754,0,NORMAL
15755,0,NORMAL
15756,0,NORMAL
15757,0,NORMAL
15758,0,NORMAL
15759,0,NORMAL
15760,0,NORMAL
15761,0,NORMAL
15762,0,NORMAL
15763,0,NORMAL
15764,0,NORMAL
15765,0,NORMAL
15766,0,NORMAL
15767,0,NORMAL
15768,0,NORMAL
15769,0,NORMAL
15770,0,NORMAL
15771,0,NORMAL
15772,0,NORMAL
15773,0,NORMAL
15774,0,NORMAL
15775,0,NORMAL
15776,0,NORMAL
15777,0,NORMAL
15778,0,NORMAL
15779,0,NORMAL
15780,0,NORMAL
15781,0,NORMAL
15782,0,NORMAL
15783,0,NORMAL
15784,0,NORMAL
15785,0,NORMAL
15786,0,NORMAL
15787,0,NORMAL
15788,0,NORMAL
15789,0,NORMAL
15790,0,NORMAL
15791,0,NORMAL
15792,0,NORMAL
15793,0,NORMAL
15794,0,NORMAL
15795,0,NORMAL
15796,0,NORMAL
15797,0,NORMAL
15798,0,NORMAL
15799,0,NORMAL
15800,0,NORMAL
15801,0,NORMAL
15802,0,NORMAL
15803,0,NORMAL
15804,0,NORMAL
15805,0,NORMAL
15806,0,NORMAL
15807,0,NORMAL
15808,0,NORMAL
15809,0,NORMAL
15810,0,NORMAL
15811,0,NORMAL
15812,0,NORMAL
15813,0,NORMAL
15814,0,NORMAL
15815,0,NORMAL
15816,0,NORMAL
15817,0,NORMAL
15818,0,NORMAL
15819,0,NORMAL
15820,0,NORMAL
15821,0,NORMAL
15822,0,NORMAL
15823,0,NORMAL
15824,0,NORMAL
15825,0,NORMAL
15826,0,NORMAL
15827,0,NORMAL
15828,0,NORMAL
15829,0,NORMAL
15830,0,NORMAL
15831,0,NORMAL
15832,0,NORMAL
15833,0,NORMAL
15834,0,NORMAL
15835,0,NORMAL
15836,0,NORMAL
15837,0,NORMAL
15838,0,NORMAL
15839,0,NORMAL
15840,0,NORMAL
15841,0,NORMAL
15842,0,NORMAL
15843,0,NORMAL
15844,0,NORMAL
15845,0,NORMAL
15846,0,NORMAL
15847,0,NORMAL
15848,0,NORMAL
15849,0,NORMAL
15850,0,NORMAL
15851,0,NORMAL
15852,0,NORMAL
15853,0,NORMAL
15854,0,NORMAL
15855,0,NORMAL
15856,0,NORMAL
15857,0,NORMAL
15858,0,NORMAL
15859,0,NORMAL
15860,0,NORMAL
15861,0,NORMAL
15862,0,NORMAL
15863,0,NORMAL
15864,0,NORMAL
15865,0,NORMAL
15866,0,NORMAL
15867,0,NORMAL
15868,0,NORMAL
15869,0,NORMAL
15870,0,NORMAL
15871,0,NORMAL
15872,0,NORMAL
15873,0,NORMAL
15874,0,NORMAL
15875,0,NORMAL
15876,0,NORMAL
15877,0,NORMAL
15878,0,NORMAL
15879,0,NORMAL
15880,0,NORMAL
15881,0,NORMAL
15882,0,NORMAL
15883,0,NORMAL
15884,0,NORMAL
15885,0,NORMAL
15886,0,NORMAL
15887,0,NORMAL
15888,0,NORMAL
15889,0,NORMAL
15890,0,NORMAL
15891,0,NORMAL
15892,0,NORMAL
15893,0,NORMAL
15894,0,NORMAL
15895,0,NORMAL
15896,0,NORMAL
15897,0,NORMAL
15898,0,NORMAL
15899,0,NORMAL
15900,0,NORMAL
15901,0,NORMAL
15902,0,NORMAL
15903,0,NORMAL
15904,0,NORMAL
15905,0,NORMAL
15906,0,NORMAL
15907,0,NORMAL
15908,0,NORMAL
15909,0,NORMAL
15910,0,NORMAL
15911,0,NORMAL
15912,0,NORMAL
15913,0,NORMAL
15914,0,NORMAL
15915,0,NORMAL
15916,0,NORMAL
15917,0,NORMAL
15918,0,NORMAL
15919,0,NORMAL
15920,0,NORMAL
15921,0,NORMAL
15922,0,NORMAL
15923,0,NORMAL
15924,0,NORMAL
15925,0,NORMAL
15926,0,NORMAL
15927,0,NORMAL
15928,0,NORMAL
15929,0,NORMAL
15930,0,NORMAL
15931,0,NORMAL
15932,0,NORMAL
15933,0,NORMAL
15934,0,NORMAL
15935,0,NORMAL
15936,0,NORMAL
15937,0,NORMAL
15938,0,NORMAL
15939,0,NORMAL
15940,0,NORMAL
15941,0,NORMAL
15942,0,NORMAL
15943,0,NORMAL
15944,0,NORMAL
15945,0,NORMAL
15946,0,NORMAL
15947,0,NORMAL
15948,0,NORMAL
15949,0,NORMAL
15950,0,NORMAL
15951,0,NORMAL
15952,0,NORMAL
15953,0,NORMAL
15954,0,NORMAL
15955,0,NORMAL
15956,0,NORMAL
15957,0,NORMAL
15958,0,NORMAL
15959,0,NORMAL
15960,0,NORMAL
15961,0,NORMAL
15962,0,NORMAL
15963,0,NORMAL
15964,0,NORMAL
15965,0,NORMAL
15966,0,NORMAL
15967,0,NORMAL
15968,0,NORMAL
15969,0,NORMAL
15970,0,NORMAL
15971,0,NORMAL
15972,0,NORMAL
15973,0,NORMAL
15974,0,NORMAL
15975,0,NORMAL
15976,0,NORMAL
15977,0,NORMAL
15978,0,NORMAL
15979,0,NORMAL
15980,0,NORMAL
15981,0,NORMAL
15982,0,NORMAL
15983,0,NORMAL
15984,0,NORMAL
15985,0,NORMAL
15986,0,NORMAL
15987,0,NORMAL
15988,0,NORMAL
15989,0,NORMAL
15990,0,NORMAL
15991,0,NORMAL
15992,0,NORMAL
15993,0,NORMAL
15994,0,NORMAL
15995,0,NORMAL
15996,0,NORMAL
15997,0,NORMAL
15998,0,NORMAL
15999,0,NORMAL
16000,0,NORMAL
16001,0,NORMAL
16002,0,NORMAL
16003,0,NORMAL
16004,0,NORMAL
16005,0,NORMAL
16006,0,NORMAL
16007,0,NORMAL
16008,0,NORMAL
16009,0,NORMAL
16010,0,NORMAL
16011,0,NORMAL
16012,0,NORMAL
16013,0,NORMAL
16014,0,NORMAL
16015,0,NORMAL
16016,0,NORMAL
16017,0,NORMAL
16018,0,NORMAL
16019,0,NORMAL
16020,0,NORMAL
16021,0,NORMAL
16022,0,NORMAL
16023,0,NORMAL
16024,0,NORMAL
16025,0,NORMAL
16026,0,NORMAL
16027,0,NORMAL
16028,0,NORMAL
16029,0,NORMAL
16030,0,NORMAL
16031,0,NORMAL
16032,0,NORMAL
16033,0,NORMAL
16034,0,NORMAL
16035,0,NORMAL
16036,0,NORMAL
16037,0,NORMAL
16038,0,NORMAL
16039,0,NORMAL
16040,0,NORMAL
16041,0,NORMAL
16042,0,NORMAL
16043,0,NORMAL
16044,0,NORMAL
16045,0,NORMAL
16046,0,NORMAL
16047,0,NORMAL
16048,0,NORMAL
16049,0,NORMAL
16050,0,NORMAL
16051,0,NORMAL
16052,0,NORMAL
16053,0,NORMAL
16054,0,NORMAL
16055,0,NORMAL
16056,0,NORMAL
16057,0,NORMAL
16058,0,NORMAL
16059,0,NORMAL
16060,0,NORMAL
16061,0,NORMAL
16062,0,NORMAL
16063,0,NORMAL
16064,0,NORMAL
16065,0,NORMAL
16066,0,NORMAL
16067,0,NORMAL
16068,0,NORMAL
16069,0,NORMAL
16070,0,NORMAL
16071,0,NORMAL
16072,0,NORMAL
16073,0,NORMAL
16074,0,NORMAL
16075,0,NORMAL
16076,0,NORMAL
16077,0,NORMAL
16078,0,NORMAL
16079,0,NORMAL
16080,0,NORMAL
16081,0,NORMAL
16082,0,NORMAL
16083,0,NORMAL
16084,0,NORMAL
16085,0,NORMAL
16086,0,NORMAL
16087,0,NORMAL
16088,0,NORMAL
16089,0,NORMAL
16090,0,NORMAL
16091,0,NORMAL
16092,0,NORMAL
16093,0,NORMAL
16094,0,NORMAL
16095,0,NORMAL
16096,0,NORMAL
16097,0,NORMAL
16098,0,NORMAL
16099,0,NORMAL
16100,0,NORMAL
16101,0,NORMAL
16102,0,NORMAL
16103,0,NORMAL
16104,0,NORMAL
16105,0,NORMAL
16106,0,NORMAL
16107,0,NORMAL
16108,0,NORMAL
16109,0,NORMAL
16110,0,NORMAL
16111,0,NORMAL
16112,0,NORMAL
16113,0,NORMAL
16114,0,NORMAL
16115,0,NORMAL
16116,0,NORMAL
16117,0,NORMAL
16118,0,NORMAL
16119,0,NORMAL
16120,0,NORMAL
16121,0,NORMAL
16122,0,NORMAL
16123,0,NORMAL
16124,0,NORMAL
16125,0,NORMAL
16126,0,NORMAL
16127,0,NORMAL
16128,0,NORMAL
16129,0,NORMAL
16130,0,NORMAL
16131,0,NORMAL
16132,0,NORMAL
16133,0,NORMAL
16134,0,NORMAL
16135,0,NORMAL
16136,0,NORMAL
16137,0,NORMAL
16138,0,NORMAL
16139,0,NORMAL
16140,0,NORMAL
16141,0,NORMAL
16142,0,NORMAL
16143,0,NORMAL
16144,0,NORMAL
16145,0,NORMAL
16146,0,NORMAL
16147,0,NORMAL
16148,0,NORMAL
16149,0,NORMAL
16150,0,NORMAL
16151,0,NORMAL
16152,0,NORMAL
16153,0,NORMAL
16154,0,NORMAL
16155,0,NORMAL
16156,0,NORMAL
16157,0,NORMAL
16158,0,NORMAL
16159,0,NORMAL
16160,0,NORMAL
16161,0,NORMAL
16162,0,NORMAL
16163,0,NORMAL
16164,0,NORMAL
16165,0,NORMAL
16166,0,NORMAL
16167,0,NORMAL
16168,0,NORMAL
16169,0,NORMAL
16170,0,NORMAL
16171,0,NORMAL
16172,0,NORMAL
16173,0,NORMAL
16174,0,NORMAL
16175,0,NORMAL
16176,0,NORMAL
16177,0,NORMAL
16178,0,NORMAL
16179,0,NORMAL
16180,0,NORMAL
16181,0,NORMAL
16182,0,NORMAL
16183,0,NORMAL
16184,0,NORMAL
16185,0,NORMAL
16186,0,NORMAL
16187,0,NORMAL
16188,0,NORMAL
16189,0,NORMAL
16190,0,NORMAL
16191,0,NORMAL
16192,0,NORMAL
16193,0,NORMAL
16194,0,NORMAL
16195,0,NORMAL
16196,0,NORMAL
16197,0,NORMAL
16198,0,NORMAL
16199,0,NORMAL
16200,0,NORMAL
16201,0,NORMAL
16202,0,NORMAL
16203,0,NORMAL
16204,0,NORMAL
16205,0,NORMAL
16206,0,NORMAL
16207,0,NORMAL
16208,0,NORMAL
16209,0,NORMAL
16210,0,NORMAL
16211,0,NORMAL
16212,0,NORMAL
16213,0,NORMAL
16214,0,NORMAL
16215,0,NORMAL
16216,0,NORMAL
16217,0,NORMAL
16218,0,NORMAL
16219,0,NORMAL
16220,0,NORMAL
16221,0,NORMAL
16222,0,NORMAL
16223,0,NORMAL
16224,0,NORMAL
16225,0,NORMAL
16226,0,NORMAL
16227,0,NORMAL
16228,0,NORMAL
16229,0,NORMAL
16230,0,NORMAL
16231,0,NORMAL
16232,0,NORMAL
16233,0,NORMAL
16234,0,NORMAL
16235,0,NORMAL
16236,0,NORMAL
16237,0,NORMAL
16238,0,NORMAL
16239,0,NORMAL
16240,0,NORMAL
16241,0,NORMAL
16242,0,NORMAL
16243,0,NORMAL
16244,0,NORMAL
16245,0,NORMAL
16246,0,NORMAL
16247,0,NORMAL
16248,0,NORMAL
16249,0,NORMAL
16250,0,NORMAL
16251,0,NORMAL
16252,0,NORMAL
16253,0,NORMAL
16254,0,NORMAL
16255,0,NORMAL
16256,0,NORMAL
16257,0,NORMAL
16258,0,NORMAL
16259,0,NORMAL
16260,0,NORMAL
16261,0,NORMAL
16262,0,NORMAL
16263,0,NORMAL
16264,0,NORMAL
16265,0,NORMAL
16266,0,NORMAL
16267,0,NORMAL
16268,0,NORMAL
16269,0,NORMAL
16270,0,NORMAL
16271,0,NORMAL
16272,0,NORMAL
16273,0,NORMAL
16274,0,NORMAL
16275,0,NORMAL
16276,0,NORMAL
16277,0,NORMAL
16278,0,NORMAL
16279,0,NORMAL
16280,0,NORMAL
16281,0,NORMAL
16282,0,NORMAL
16283,0,NORMAL
16284,0,NORMAL
16285,0,NORMAL
16286,0,NORMAL
16287,0,NORMAL
16288,0,NORMAL
16289,0,NORMAL
16290,0,NORMAL
16291,0,NORMAL
16292,0,NORMAL
16293,0,NORMAL
16294,0,NORMAL
16295,0,NORMAL
16296,0,NORMAL
16297,0,NORMAL
16298,0,NORMAL
16299,0,NORMAL
16300,0,NORMAL
16301,0,NORMAL
16302,0,NORMAL
16303,0,NORMAL
16304,0,NORMAL
16305,0,NORMAL
16306,0,NORMAL
16307,0,NORMAL
16308,0,NORMAL
16309,0,NORMAL
16310,0,NORMAL
16311,0,NORMAL
16312,0,NORMAL
16313,0,NORMAL
16314,0,NORMAL
16315,0,NORMAL
16316,0,NORMAL
16317,0,NORMAL
16318,0,NORMAL
16319,0,NORMAL
16320,0,NORMAL
16321,0,NORMAL
16322,0,NORMAL
16323,0,NORMAL
16324,0,NORMAL
16325,0,NORMAL
16326,0,NORMAL
16327,0,NORMAL
16328,0,NORMAL
16329,0,NORMAL
16330,0,NORMAL
16331,0,NORMAL
16332,0,NORMAL
16333,0,NORMAL
16334,0,NORMAL
16335,0,NORMAL
16336,0,NORMAL
16337,0,NORMAL
16338,0,NORMAL
16339,0,NORMAL
16340,0,NORMAL
16341,0,NORMAL
16342,0,NORMAL
16343,0,NORMAL
16344,0,NORMAL
16345,0,NORMAL
16346,0,NORMAL
16347,0,NORMAL
16348,0,NORMAL
16349,0,NORMAL
16350,0,NORMAL
16351,0,NORMAL
16352,0,NORMAL
16353,0,NORMAL
16354,0,NORMAL
16355,0,NORMAL
16356,0,NORMAL
16357,0,NORMAL
16358,0,NORMAL
16359,0,NORMAL
16360,0,NORMAL
16361,0,NORMAL
16362,0,NORMAL
16363,0,NORMAL
16364,0,NORMAL
16365,0,NORMAL
16366,0,NORMAL
16367,0,NORMAL
16368,0,NORMAL
16369,0,NORMAL
16370,0,NORMAL
16371,0,NORMAL
16372,0,NORMAL
16373,0,NORMAL
16374,0,NORMAL
16375,0,NORMAL
16376,0,NORMAL
16377,0,NORMAL
16378,0,NORMAL
16379,0,NORMAL
16380,0,NORMAL
16381,0,NORMAL
16382,0,NORMAL
16383,0,NORMAL
16384,0,NORMAL
16385,0,NORMAL
16386,0,NORMAL
16387,0,NORMAL
16388,0,NORMAL
16389,0,NORMAL
16390,0,NORMAL
16391,0,NORMAL
16392,0,NORMAL
16393,0,NORMAL
16394,0,NORMAL
16395,0,NORMAL
16396,0,NORMAL
16397,0,NORMAL
16398,0,NORMAL
16399,0,NORMAL
16400,0,NORMAL
16401,0,NORMAL
16402,0,NORMAL
16403,0,NORMAL
16404,0,NORMAL
16405,0,NORMAL
16406,0,NORMAL
16407,0,NORMAL
16408,0,NORMAL
16409,0,NORMAL
16410,0,NORMAL
16411,0,NORMAL
16412,0,NORMAL
16413,0,NORMAL
16414,0,NORMAL
16415,0,NORMAL
16416,0,NORMAL
16417,0,NORMAL
16418,0,NORMAL
16419,0,NORMAL
16420,0,NORMAL
16421,0,NORMAL
16422,0,NORMAL
16423,0,NORMAL
16424,0,NORMAL
16425,0,NORMAL
16426,0,NORMAL
16427,0,NORMAL
16428,0,NORMAL
16429,0,NORMAL
16430,0,NORMAL
16431,0,NORMAL
16432,0,NORMAL
16433,0,NORMAL
16434,0,NORMAL
16435,0,NORMAL
16436,0,NORMAL
16437,0,NORMAL
16438,0,NORMAL
16439,0,NORMAL
16440,0,NORMAL
16441,0,NORMAL
16442,0,NORMAL
16443,0,NORMAL
16444,0,NORMAL
16445,0,NORMAL
16446,0,NORMAL
16447,0,NORMAL
16448,0,NORMAL
16449,0,NORMAL
16450,0,NORMAL
16451,0,NORMAL
16452,0,NORMAL
16453,0,NORMAL
16454,0,NORMAL
16455,0,NORMAL
16456,0,NORMAL
16457,0,NORMAL
16458,0,NORMAL
16459,0,NORMAL
16460,0,NORMAL
16461,0,NORMAL
16462,0,NORMAL
16463,0,NORMAL
16464,0,NORMAL
16465,0,NORMAL
16466,0,NORMAL
16467,0,NORMAL
16468,0,NORMAL
16469,0,NORMAL
16470,0,NORMAL
16471,0,NORMAL
16472,0,NORMAL
16473,0,NORMAL
16474,0,NORMAL
16475,0,NORMAL
16476,0,NORMAL
16477,0,NORMAL
16478,0,NORMAL
16479,0,NORMAL
16480,0,NORMAL
16481,0,NORMAL
16482,0,NORMAL
16483,0,NORMAL
16484,0,NORMAL
16485,0,NORMAL
16486,0,NORMAL
16487,0,NORMAL
16488,0,NORMAL
16489,0,NORMAL
16490,0,NORMAL
16491,0,NORMAL
16492,0,NORMAL
16493,0,NORMAL
16494,0,NORMAL
16495,0,NORMAL
16496,0,NORMAL
16497,0,NORMAL
16498,0,NORMAL
16499,0,NORMAL
16500,0,NORMAL
16501,0,NORMAL
16502,0,NORMAL
16503,0,NORMAL
16504,0,NORMAL
16505,0,NORMAL
16506,0,NORMAL
16507,0,NORMAL
16508,0,NORMAL
16509,0,NORMAL
16510,0,NORMAL
16511,0,NORMAL
16512,0,NORMAL
16513,0,NORMAL
16514,0,NORMAL
16515,0,NORMAL
16516,0,NORMAL
16517,0,NORMAL
16518,0,NORMAL
16519,0,NORMAL
16520,0,NORMAL
16521,0,NORMAL
16522,0,NORMAL
16523,0,NORMAL
16524,0,NORMAL
16525,0,NORMAL
16526,0,NORMAL
16527,0,NORMAL
16528,0,NORMAL
16529,0,NORMAL
16530,0,NORMAL
16531,0,NORMAL
16532,0,NORMAL
16533,0,NORMAL
16534,0,NORMAL
16535,0,NORMAL
16536,0,NORMAL
16537,0,NORMAL
16538,0,NORMAL
16539,0,NORMAL
16540,0,NORMAL
16541,0,NORMAL
16542,0,NORMAL
16543,0,NORMAL
16544,0,NORMAL
16545,0,NORMAL
16546,0,NORMAL
16547,0,NORMAL
16548,0,NORMAL
16549,0,NORMAL
16550,0,NORMAL
16551,0,NORMAL
16552,0,NORMAL
16553,0,NORMAL
16554,0,NORMAL
16555,0,NORMAL
16556,0,NORMAL
16557,0,NORMAL
16558,0,NORMAL
16559,0,NORMAL
16560,0,NORMAL
16561,0,NORMAL
16562,0,NORMAL
16563,0,NORMAL
16564,0,NORMAL
16565,0,NORMAL
16566,0,NORMAL
16567,0,NORMAL
16568,0,NORMAL
16569,0,NORMAL
16570,0,NORMAL
16571,0,NORMAL
16572,0,NORMAL
16573,0,NORMAL
16574,0,NORMAL
16575,0,NORMAL
16576,0,NORMAL
16577,0,NORMAL
16578,0,NORMAL
16579,0,NORMAL
16580,0,NORMAL
16581,0,NORMAL
16582,0,NORMAL
16583,0,NORMAL
16584,0,NORMAL
16585,0,NORMAL
16586,0,NORMAL
16587,0,NORMAL
16588,0,NORMAL
16589,0,NORMAL
16590,0,NORMAL
16591,0,NORMAL
16592,0,NORMAL
16593,0,NORMAL
16594,0,NORMAL
16595,0,NORMAL
16596,0,NORMAL
16597,0,NORMAL
16598,0,NORMAL
16599,0,NORMAL
16600,0,NORMAL
16601,0,NORMAL
16602,0,NORMAL
16603,0,NORMAL
16604,0,NORMAL
16605,0,NORMAL
16606,0,NORMAL
16607,0,NORMAL
16608,0,NORMAL
16609,0,NORMAL
16610,0,NORMAL
16611,0,NORMAL
16612,0,NORMAL
16613,0,NORMAL
16614,0,NORMAL
16615,0,NORMAL
16616,0,NORMAL
16617,0,NORMAL
16618,0,NORMAL
16619,0,NORMAL
16620,0,NORMAL
16621,0,NORMAL
16622,0,NORMAL
16623,0,NORMAL
16624,0,NORMAL
16625,0,NORMAL
16626,0,NORMAL
16627,0,NORMAL
16628,0,NORMAL
16629,0,NORMAL
16630,0,NORMAL
16631,0,NORMAL
16632,0,NORMAL
16633,0,NORMAL
16634,0,NORMAL
16635,0,NORMAL
16636,0,NORMAL
16637,0,NORMAL
16638,0,NORMAL
16639,0,NORMAL
16640,0,NORMAL
16641,0,NORMAL
16642,0,NORMAL
16643,0,NORMAL
16644,0,NORMAL
16645,0,NORMAL
16646,0,NORMAL
16647,0,NORMAL
16648,0,NORMAL
16649,0,NORMAL
16650,0,NORMAL
16651,0,NORMAL
16652,0,NORMAL
16653,0,NORMAL
16654,0,NORMAL
16655,0,NORMAL
16656,0,NORMAL
16657,0,NORMAL
16658,0,NORMAL
16659,0,NORMAL
16660,0,NORMAL
16661,0,NORMAL
16662,0,NORMAL
16663,0,NORMAL
16664,0,NORMAL
16665,0,NORMAL
16666,0,NORMAL
16667,0,NORMAL
16668,0,NORMAL
16669,0,NORMAL
16670,0,NORMAL
16671,0,NORMAL
16672,0,NORMAL
16673,0,NORMAL
16674,0,NORMAL
16675,0,NORMAL
16676,0,NORMAL
16677,0,NORMAL
16678,0,NORMAL
16679,0,NORMAL
16680,0,NORMAL
16681,0,NORMAL
16682,0,NORMAL
16683,0,NORMAL
16684,0,NORMAL
16685,0,NORMAL
16686,0,NORMAL
16687,0,NORMAL
16688,0,NORMAL
16689,0,NORMAL
16690,0,NORMAL
16691,0,NORMAL
16692,0,NORMAL
16693,0,NORMAL
16694,0,NORMAL
16695,0,NORMAL
16696,0,NORMAL
16697,0,NORMAL
16698,0,NORMAL
16699,0,NORMAL
16700,0,NORMAL
16701,0,NORMAL
16702,0,NORMAL
16703,0,NORMAL
16704,0,NORMAL
16705,0,NORMAL
16706,0,NORMAL
16707,0,NORMAL
16708,0,NORMAL
16709,0,NORMAL
16710,0,NORMAL
16711,0,NORMAL
16712,0,NORMAL
16713,0,NORMAL
16714,0,NORMAL
16715,0,NORMAL
16716,0,NORMAL
16717,0,NORMAL
16718,0,NORMAL
16719,0,NORMAL
16720,0,NORMAL
16721,0,NORMAL
16722,0,NORMAL
16723,0,NORMAL
16724,0,NORMAL
16725,0,NORMAL
16726,0,NORMAL
16727,0,NORMAL
16728,0,NORMAL
16729,0,NORMAL
16730,0,NORMAL
16731,0,NORMAL
16732,0,NORMAL
16733,0,NORMAL
16734,0,NORMAL
16735,0,NORMAL
16736,0,NORMAL
16737,0,NORMAL
16738,0,NORMAL
16739,0,NORMAL
16740,0,NORMAL
16741,0,NORMAL
16742,0,NORMAL
16743,0,NORMAL
16744,0,NORMAL
16745,0,NORMAL
16746,0,NORMAL
16747,0,NORMAL
16748,0,NORMAL
16749,0,NORMAL
16750,0,NORMAL
16751,0,NORMAL
16752,0,NORMAL
16753,0,NORMAL
16754,0,NORMAL
16755,0,NORMAL
16756,0,NORMAL
16757,0,NORMAL
16758,0,NORMAL
16759,0,NORMAL
16760,0,NORMAL
16761,0,NORMAL
16762,0,NORMAL
16763,0,NORMAL
16764,0,NORMAL
16765,0,NORMAL
16766,0,NORMAL
16767,0,NORMAL
16768,0,NORMAL
16769,0,NORMAL
16770,0,NORMAL
16771,0,NORMAL
16772,0,NORMAL
16773,0,NORMAL
16774,0,NORMAL
16775,0,NORMAL
16776,0,NORMAL
16777,0,NORMAL
16778,0,NORMAL
16779,0,NORMAL
16780,0,NORMAL
16781,0,NORMAL
16782,0,NORMAL
16783,0,NORMAL
16784,0,NORMAL
16785,0,NORMAL
16786,0,NORMAL
16787,0,NORMAL
16788,0,NORMAL
16789,0,NORMAL
16790,0,NORMAL
16791,0,NORMAL
16792,0,NORMAL
16793,0,NORMAL
16794,0,NORMAL
16795,0,NORMAL
16796,0,NORMAL
16797,0,NORMAL
16798,0,NORMAL
16799,0,NORMAL
16800,0,NORMAL
16801,0,NORMAL
16802,0,NORMAL
16803,0,NORMAL
16804,0,NORMAL
16805,0,NORMAL
16806,0,NORMAL
16807,0,NORMAL
16808,0,NORMAL
16809,0,NORMAL
16810,0,NORMAL
16811,0,NORMAL
16812,0,NORMAL
16813,0,NORMAL
16814,0,NORMAL
16815,0,NORMAL
16816,0,NORMAL
16817,0,NORMAL
16818,0,NORMAL
16819,0,NORMAL
16820,0,NORMAL
16821,0,NORMAL
16822,0,NORMAL
16823,0,NORMAL
16824,0,NORMAL
16825,0,NORMAL
16826,0,NORMAL
16827,0,NORMAL
16828,0,NORMAL
16829,0,NORMAL
16830,0,NORMAL
16831,0,NORMAL
16832,0,NORMAL
16833,0,NORMAL
16834,0,NORMAL
16835,0,NORMAL
16836,0,NORMAL
16837,0,NORMAL
16838,0,NORMAL
16839,0,NORMAL
16840,0,NORMAL
16841,0,NORMAL
16842,0,NORMAL
16843,0,NORMAL
16844,0,NORMAL
16845,0,NORMAL
16846,0,NORMAL
16847,0,NORMAL
16848,0,NORMAL
16849,0,NORMAL
16850,0,NORMAL
16851,0,NORMAL
16852,0,NORMAL
16853,0,NORMAL
16854,0,NORMAL
16855,0,NORMAL
16856,0,NORMAL
16857,0,NORMAL
16858,0,NORMAL
16859,0,NORMAL
16860,0,NORMAL
16861,0,NORMAL
16862,0,NORMAL
16863,0,NORMAL
16864,0,NORMAL
16865,0,NORMAL
16866,0,NORMAL
16867,0,NORMAL
16868,0,NORMAL
16869,0,NORMAL
16870,0,NORMAL
16871,0,NORMAL
16872,0,NORMAL
16873,0,NORMAL
16874,0,NORMAL
16875,0,NORMAL
16876,0,NORMAL
16877,0,NORMAL
16878,0,NORMAL
16879,0,NORMAL
16880,0,NORMAL
16881,0,NORMAL
16882,0,NORMAL
16883,0,NORMAL
16884,0,NORMAL
16885,0,NORMAL
16886,0,NORMAL
16887,0,NORMAL
16888,0,NORMAL
16889,0,NORMAL
16890,0,NORMAL
16891,0,NORMAL
16892,0,NORMAL
16893,0,NORMAL
16894,0,NORMAL
16895,0,NORMAL
16896,0,NORMAL
16897,0,NORMAL
16898,0,NORMAL
16899,0,NORMAL
16900,0,NORMAL
16901,0,NORMAL
16902,0,NORMAL
16903,0,NORMAL
16904,0,NORMAL
16905,0,NORMAL
16906,0,NORMAL
16907,0,NORMAL
16908,0,NORMAL
16909,0,NORMAL
16910,0,NORMAL
16911,0,NORMAL
16912,0,NORMAL
16913,0,NORMAL
16914,0,NORMAL
16915,0,NORMAL
16916,0,NORMAL
16917,0,NORMAL
16918,0,NORMAL
16919,0,NORMAL
16920,0,NORMAL
16921,0,NORMAL
16922,0,NORMAL
16923,0,NORMAL
16924,0,NORMAL
16925,0,NORMAL
16926,0,NORMAL
16927,0,NORMAL
16928,0,NORMAL
16929,0,NORMAL
16930,0,NORMAL
16931,0,NORMAL
16932,0,NORMAL
16933,0,NORMAL
16934,0,NORMAL
16935,0,NORMAL
16936,0,NORMAL
16937,0,NORMAL
16938,0,NORMAL
16939,0,NORMAL
16940,0,NORMAL
16941,0,NORMAL
16942,0,NORMAL
16943,0,NORMAL
16944,0,NORMAL
16945,0,NORMAL
16946,0,NORMAL
16947,0,NORMAL
16948,0,NORMAL
16949,0,NORMAL
16950,0,NORMAL
16951,0,NORMAL
16952,0,NORMAL
16953,0,NORMAL
16954,0,NORMAL
16955,0,NORMAL
16956,0,NORMAL
16957,0,NORMAL
16958,0,NORMAL
16959,0,NORMAL
16960,0,NORMAL
16961,0,NORMAL
16962,0,NORMAL
16963,0,NORMAL
16964,0,NORMAL
16965,0,NORMAL
16966,0,NORMAL
16967,0,NORMAL
16968,0,NORMAL
16969,0,NORMAL
16970,0,NORMAL
16971,0,NORMAL
16972,0,NORMAL
16973,0,NORMAL
16974,0,NORMAL
16975,0,NORMAL
16976,0,NORMAL
16977,0,NORMAL
16978,0,NORMAL
16979,0,NORMAL
16980,0,NORMAL
16981,0,NORMAL
16982,0,NORMAL
16983,0,NORMAL
16984,0,NORMAL
16985,0,NORMAL
16986,0,NORMAL
16987,0,NORMAL
16988,0,NORMAL
16989,0,NORMAL
16990,0,NORMAL
16991,0,NORMAL
16992,0,NORMAL
16993,0,NORMAL
16994,0,NORMAL
16995,0,NORMAL
16996,0,NORMAL
16997,0,NORMAL
16998,0,NORMAL
16999,0,NORMAL
17000,0,NORMAL
17001,0,NORMAL
17002,0,NORMAL
17003,0,NORMAL
17004,0,NORMAL
17005,0,NORMAL
17006,0,NORMAL
17007,0,NORMAL
17008,0,NORMAL
17009,0,NORMAL
17010,0,NORMAL
17011,0,NORMAL
17012,0,NORMAL
17013,0,NORMAL
17014,0,NORMAL
17015,0,NORMAL
17016,0,NORMAL
17017,0,NORMAL
17018,0,NORMAL
17019,0,NORMAL
17020,0,NORMAL
17021,0,NORMAL
17022,0,NORMAL
17023,0,NORMAL
17024,0,NORMAL
17025,0,NORMAL
17026,0,NORMAL
17027,0,NORMAL
17028,0,NORMAL
17029,0,NORMAL
17030,0,NORMAL
17031,0,NORMAL
17032,0,NORMAL
17033,0,NORMAL
17034,0,NORMAL
17035,0,NORMAL
17036,0,NORMAL
17037,0,NORMAL
17038,0,NORMAL
17039,0,NORMAL
17040,0,NORMAL
17041,0,NORMAL
17042,0,NORMAL
17043,0,NORMAL
17044,0,NORMAL
17045,0,NORMAL
17046,0,NORMAL
17047,0,NORMAL
17048,0,NORMAL
17049,0,NORMAL
17050,0,NORMAL
17051,0,NORMAL
17052,0,NORMAL
17053,0,NORMAL
17054,0,NORMAL
17055,0,NORMAL
17056,0,NORMAL
17057,0,NORMAL
17058,0,NORMAL
17059,0,NORMAL
17060,0,NORMAL
17061,0,NORMAL
17062,0,NORMAL
17063,0,NORMAL
17064,0,NORMAL
17065,0,NORMAL
17066,0,NORMAL
17067,0,NORMAL
17068,0,NORMAL
17069,0,NORMAL
17070,0,NORMAL
17071,0,NORMAL
17072,0,NORMAL
17073,0,NORMAL
17074,0,NORMAL
17075,0,NORMAL
17076,0,NORMAL
17077,0,NORMAL
17078,0,NORMAL
17079,0,NORMAL
17080,0,NORMAL
17081,0,NORMAL
17082,0,NORMAL
17083,0,NORMAL
17084,0,NORMAL
17085,0,NORMAL
17086,0,NORMAL
17087,0,NORMAL
17088,0,NORMAL
17089,0,NORMAL
17090,0,NORMAL
17091,0,NORMAL
17092,0,NORMAL
17093,0,NORMAL
17094,0,NORMAL
17095,0,NORMAL
17096,0,NORMAL
17097,0,NORMAL
17098,0,NORMAL
17099,0,NORMAL
17100,0,NORMAL
17101,0,NORMAL
17102,0,NORMAL
17103,0,NORMAL
17104,0,NORMAL
17105,0,NORMAL
17106,0,NORMAL
17107,0,NORMAL
17108,0,NORMAL
17109,0,NORMAL
17110,0,NORMAL
17111,0,NORMAL
17112,0,NORMAL
17113,0,NORMAL
17114,0,NORMAL
17115,0,NORMAL
17116,0,NORMAL
17117,0,NORMAL
17118,0,NORMAL
17119,0,NORMAL
17120,0,NORMAL
17121,0,NORMAL
17122,0,NORMAL
17123,0,NORMAL
17124,0,NORMAL
17125,0,NORMAL
17126,0,NORMAL
17127,0,NORMAL
17128,0,NORMAL
17129,0,NORMAL
17130,0,NORMAL
17131,0,NORMAL
17132,0,NORMAL
17133,0,NORMAL
17134,0,NORMAL
17135,0,NORMAL
17136,0,NORMAL
17137,0,NORMAL
17138,0,NORMAL
17139,0,NORMAL
17140,0,NORMAL
17141,0,NORMAL
17142,0,NORMAL
17143,0,NORMAL
17144,0,NORMAL
17145,0,NORMAL
17146,0,NORMAL
17147,0,NORMAL
17148,0,NORMAL
17149,0,NORMAL
17150,0,NORMAL
17151,0,NORMAL
17152,0,NORMAL
17153,0,NORMAL
17154,0,NORMAL
17155,0,NORMAL
17156,0,NORMAL
17157,0,NORMAL
17158,0,NORMAL
17159,0,NORMAL
17160,0,NORMAL
17161,0,NORMAL
17162,0,NORMAL
17163,0,NORMAL
17164,0,NORMAL
17165,0,NORMAL
17166,0,NORMAL
17167,0,NORMAL
17168,0,NORMAL
17169,0,NORMAL
17170,0,NORMAL
17171,0,NORMAL
17172,0,NORMAL
17173,0,NORMAL
17174,0,NORMAL
17175,0,NORMAL
17176,0,NORMAL
17177,0,NORMAL
17178,0,NORMAL
17179,0,NORMAL
17180,0,NORMAL
17181,0,NORMAL
17182,0,NORMAL
17183,0,NORMAL
17184,0,NORMAL
17185,0,NORMAL
17186,0,NORMAL
17187,0,NORMAL
17188,0,NORMAL
17189,0,NORMAL
17190,0,NORMAL
17191,0,NORMAL
17192,0,NORMAL
17193,0,NORMAL
17194,0,NORMAL
17195,0,NORMAL
17196,0,NORMAL
17197,0,NORMAL
17198,0,NORMAL
17199,0,NORMAL
17200,0,NORMAL
17201,0,NORMAL
17202,0,NORMAL
17203,0,NORMAL
17204,0,NORMAL
17205,0,NORMAL
17206,0,NORMAL
17207,0,NORMAL
17208,0,NORMAL
17209,0,NORMAL
17210,0,NORMAL
17211,0,NORMAL
17212,0,NORMAL
17213,0,NORMAL
17214,0,NORMAL
17215,0,NORMAL
17216,0,NORMAL
17217,0,NORMAL
17218,0,NORMAL
17219,0,NORMAL
17220,0,NORMAL
17221,0,NORMAL
17222,0,NORMAL
17223,0,NORMAL
17224,0,NORMAL
17225,0,NORMAL
17226,0,NORMAL
17227,0,NORMAL
17228,0,NORMAL
17229,0,NORMAL
17230,0,NORMAL
17231,0,NORMAL
17232,0,NORMAL
17233,0,NORMAL
17234,0,NORMAL
17235,0,NORMAL
17236,0,NORMAL
17237,0,NORMAL
17238,0,NORMAL
17239,0,NORMAL
17240,0,NORMAL
17241,0,NORMAL
17242,0,NORMAL
17243,0,NORMAL
17244,0,NORMAL
17245,0,NORMAL
17246,0,NORMAL
17247,0,NORMAL
17248,0,NORMAL
17249,0,NORMAL
17250,0,NORMAL
17251,0,NORMAL
17252,0,NORMAL
17253,0,NORMAL
17254,0,NORMAL
17255,0,NORMAL
17256,0,NORMAL
17257,0,NORMAL
17258,0,NORMAL
17259,0,NORMAL
17260,0,NORMAL
17261,0,NORMAL
17262,0,NORMAL
17263,0,NORMAL
17264,0,NORMAL
17265,0,NORMAL
17266,0,NORMAL
17267,0,NORMAL
17268,0,NORMAL
17269,0,NORMAL
17270,0,NORMAL
17271,0,NORMAL
17272,0,NORMAL
17273,0,NORMAL
17274,0,NORMAL
17275,0,NORMAL
17276,0,NORMAL
17277,0,NORMAL
17278,0,NORMAL
17279,0,NORMAL
17280,0,NORMAL
17281,0,NORMAL
17282,0,NORMAL
17283,0,NORMAL
17284,0,NORMAL
17285,0,NORMAL
17286,0,NORMAL
17287,0,NORMAL
17288,0,NORMAL
17289,0,NORMAL
17290,0,NORMAL
17291,0,NORMAL
17292,0,NORMAL
17293,0,NORMAL
17294,0,NORMAL
17295,0,NORMAL
17296,0,NORMAL
17297,0,NORMAL
17298,0,NORMAL
17299,0,NORMAL
17300,0,NORMAL
17301,0,NORMAL
17302,0,NORMAL
17303,0,NORMAL
17304,0,NORMAL
17305,0,NORMAL
17306,0,NORMAL
17307,0,NORMAL
17308,0,NORMAL
17309,0,NORMAL
17310,0,NORMAL
17311,0,NORMAL
17312,0,NORMAL
17313,0,NORMAL
17314,0,NORMAL
17315,0,NORMAL
17316,0,NORMAL
17317,0,NORMAL
17318,0,NORMAL
17319,0,NORMAL
17320,0,NORMAL
17321,0,NORMAL
17322,0,NORMAL
17323,0,NORMAL
17324,0,NORMAL
17325,0,NORMAL
17326,0,NORMAL
17327,0,NORMAL
17328,0,NORMAL
17329,0,NORMAL
17330,0,NORMAL
17331,0,NORMAL
17332,0,NORMAL
17333,0,NORMAL
17334,0,NORMAL
17335,0,NORMAL
17336,0,NORMAL
17337,0,NORMAL
17338,0,NORMAL
17339,0,NORMAL
17340,0,NORMAL
17341,0,NORMAL
17342,0,NORMAL
17343,0,NORMAL
17344,0,NORMAL
17345,0,NORMAL
17346,0,NORMAL
17347,0,NORMAL
17348,0,NORMAL
17349,0,NORMAL
17350,0,NORMAL
17351,0,NORMAL
17352,0,NORMAL
17353,0,NORMAL
17354,0,NORMAL
17355,0,NORMAL
17356,0,NORMAL
17357,0,NORMAL
17358,0,NORMAL
17359,0,NORMAL
17360,0,NORMAL
17361,0,NORMAL
17362,0,NORMAL
17363,0,NORMAL
17364,0,NORMAL
17365,0,NORMAL
17366,0,NORMAL
17367,0,NORMAL
17368,0,NORMAL
17369,0,NORMAL
17370,0,NORMAL
17371,0,NORMAL
17372,0,NORMAL
17373,0,NORMAL
17374,0,NORMAL
17375,0,NORMAL
17376,0,NORMAL
17377,0,NORMAL
17378,0,NORMAL
17379,0,NORMAL
17380,0,NORMAL
17381,0,NORMAL
17382,0,NORMAL
17383,0,NORMAL
17384,0,NORMAL
17385,0,NORMAL
17386,0,NORMAL
17387,0,NORMAL
17388,0,NORMAL
17389,0,NORMAL
17390,0,NORMAL
17391,0,NORMAL
17392,0,NORMAL
17393,0,NORMAL
17394,0,NORMAL
17395,0,NORMAL
17396,0,NORMAL
17397,0,NORMAL
17398,0,NORMAL
17399,0,NORMAL
17400,0,NORMAL
17401,0,NORMAL
17402,0,NORMAL
17403,0,NORMAL
17404,0,NORMAL
17405,0,NORMAL
17406,0,NORMAL
17407,0,NORMAL
17408,0,NORMAL
17409,0,NORMAL
17410,0,NORMAL
17411,0,NORMAL
17412,0,NORMAL
17413,0,NORMAL
17414,0,NORMAL
17415,0,NORMAL
17416,0,NORMAL
17417,0,NORMAL
17418,0,NORMAL
17419,0,NORMAL
17420,0,NORMAL
17421,0,NORMAL
17422,0,NORMAL
17423,0,NORMAL
17424,0,NORMAL
17425,0,NORMAL
17426,0,NORMAL
17427,0,NORMAL
17428,0,NORMAL
17429,0,NORMAL
17430,0,NORMAL
17431,0,NORMAL
17432,0,NORMAL
17433,0,NORMAL
17434,0,NORMAL
17435,0,NORMAL
17436,0,NORMAL
17437,0,NORMAL
17438,0,NORMAL
17439,0,NORMAL
17440,0,NORMAL
17441,0,NORMAL
17442,0,NORMAL
17443,0,NORMAL
17444,0,NORMAL
17445,0,NORMAL
17446,0,NORMAL
17447,0,NORMAL
17448,0,NORMAL
17449,0,NORMAL
17450,0,NORMAL
17451,0,NORMAL
17452,0,NORMAL
17453,0,NORMAL
17454,0,NORMAL
17455,0,NORMAL
17456,0,NORMAL
17457,0,NORMAL
17458,0,NORMAL
17459,0,NORMAL
17460,0,NORMAL
17461,0,NORMAL
17462,0,NORMAL
17463,0,NORMAL
17464,0,NORMAL
17465,0,NORMAL
17466,0,NORMAL
17467,0,NORMAL
17468,0,NORMAL
17469,0,NORMAL
17470,0,NORMAL
17471,0,NORMAL
17472,0,NORMAL
17473,0,NORMAL
17474,0,NORMAL
17475,0,NORMAL
17476,0,NORMAL
17477,0,NORMAL
17478,0,NORMAL
17479,0,NORMAL
17480,0,NORMAL
17481,0,NORMAL
17482,0,NORMAL
17483,0,NORMAL
17484,0,NORMAL
17485,0,NORMAL
17486,0,NORMAL
17487,0,NORMAL
17488,0,NORMAL
17489,0,NORMAL
17490,0,NORMAL
17491,0,NORMAL
17492,0,NORMAL
17493,0,NORMAL
17494,0,NORMAL
17495,0,NORMAL
17496,0,NORMAL
17497,0,NORMAL
17498,0,NORMAL
17499,0,NORMAL
17500,0,NORMAL
17501,0,NORMAL
17502,0,NORMAL
17503,0,NORMAL
17504,0,NORMAL
17505,0,NORMAL
17506,0,NORMAL
17507,0,NORMAL
17508,0,NORMAL
17509,0,NORMAL
17510,0,NORMAL
17511,0,NORMAL
17512,0,NORMAL
17513,0,NORMAL
17514,0,NORMAL
17515,0,NORMAL
17516,0,NORMAL
17517,0,NORMAL
17518,0,NORMAL
17519,0,NORMAL
17520,0,NORMAL
17521,0,NORMAL
17522,0,NORMAL
17523,0,NORMAL
17524,0,NORMAL
17525,0,NORMAL
17526,0,NORMAL
17527,0,NORMAL
17528,0,NORMAL
17529,0,NORMAL
17530,0,NORMAL
17531,0,NORMAL
17532,0,NORMAL
17533,0,NORMAL
17534,0,NORMAL
17535,0,NORMAL
17536,0,NORMAL
17537,0,NORMAL
17538,0,NORMAL
17539,0,NORMAL
17540,0,NORMAL
17541,0,NORMAL
17542,0,NORMAL
17543,0,NORMAL
17544,0,NORMAL
17545,0,NORMAL
17546,0,NORMAL
17547,0,NORMAL
17548,0,NORMAL
17549,0,NORMAL
17550,0,NORMAL
17551,0,NORMAL
17552,0,NORMAL
17553,0,NORMAL
17554,0,NORMAL
17555,0,NORMAL
17556,0,NORMAL
17557,0,NORMAL
17558,0,NORMAL
17559,0,NORMAL
17560,0,NORMAL
17561,0,NORMAL
17562,0,NORMAL
17563,0,NORMAL
17564,0,NORMAL
17565,0,NORMAL
17566,0,NORMAL
17567,0,NORMAL
17568,0,NORMAL
17569,0,NORMAL
17570,0,NORMAL
17571,0,NORMAL
17572,0,NORMAL
17573,0,NORMAL
17574,0,NORMAL
17575,0,NORMAL
17576,0,NORMAL
17577,0,NORMAL
17578,0,NORMAL
17579,0,NORMAL
17580,0,NORMAL
17581,0,NORMAL
17582,0,NORMAL
17583,0,NORMAL
17584,0,NORMAL
17585,0,NORMAL
17586,0,NORMAL
17587,0,NORMAL
17588,0,NORMAL
17589,0,NORMAL
17590,0,NORMAL
17591,0,NORMAL
17592,0,NORMAL
17593,0,NORMAL
17594,0,NORMAL
17595,0,NORMAL
17596,0,NORMAL
17597,0,NORMAL
17598,0,NORMAL
17599,0,NORMAL
17600,0,NORMAL
17601,0,NORMAL
17602,0,NORMAL
17603,0,NORMAL
17604,0,NORMAL
17605,0,NORMAL
17606,0,NORMAL
17607,0,NORMAL
17608,0,NORMAL
17609,0,NORMAL
17610,0,NORMAL
17611,0,NORMAL
17612,0,NORMAL
17613,0,NORMAL
17614,0,NORMAL
17615,0,NORMAL
17616,0,NORMAL
17617,0,NORMAL
17618,0,NORMAL
17619,0,NORMAL
17620,0,NORMAL
17621,0,NORMAL
17622,0,NORMAL
17623,0,NORMAL
17624,0,NORMAL
17625,0,NORMAL
17626,0,NORMAL
17627,0,NORMAL
17628,0,NORMAL
17629,0,NORMAL
17630,0,NORMAL
17631,0,NORMAL
17632,0,NORMAL
17633,0,NORMAL
17634,0,NORMAL
17635,0,NORMAL
17636,0,NORMAL
17637,0,NORMAL
17638,0,NORMAL
17639,0,NORMAL
17640,0,NORMAL
17641,0,NORMAL
17642,0,NORMAL
17643,0,NORMAL
17644,0,NORMAL
17645,0,NORMAL
17646,0,NORMAL
17647,0,NORMAL
17648,0,NORMAL
17649,0,NORMAL
17650,0,NORMAL
17651,0,NORMAL
17652,0,NORMAL
17653,0,NORMAL
17654,0,NORMAL
17655,0,NORMAL
17656,0,NORMAL
17657,0,NORMAL
17658,0,NORMAL
17659,0,NORMAL
17660,0,NORMAL
17661,0,NORMAL
17662,0,NORMAL
17663,0,NORMAL
17664,0,NORMAL
17665,0,NORMAL
17666,0,NORMAL
17667,0,NORMAL
17668,0,NORMAL
17669,0,NORMAL
17670,0,NORMAL
17671,0,NORMAL
17672,0,NORMAL
17673,0,NORMAL
17674,0,NORMAL
17675,0,NORMAL
17676,0,NORMAL
17677,0,NORMAL
17678,0,NORMAL
17679,0,NORMAL
17680,0,NORMAL
17681,0,NORMAL
17682,0,NORMAL
17683,0,NORMAL
17684,0,NORMAL
17685,0,NORMAL
17686,0,NORMAL
17687,0,NORMAL
17688,0,NORMAL
17689,0,NORMAL
17690,0,NORMAL
17691,0,NORMAL
17692,0,NORMAL
17693,0,NORMAL
17694,0,NORMAL
17695,0,NORMAL
17696,0,NORMAL
17697,0,NORMAL
17698,0,NORMAL
17699,0,NORMAL
17700,0,NORMAL
17701,0,NORMAL
17702,0,NORMAL
17703,0,NORMAL
17704,0,NORMAL
17705,0,NORMAL
17706,0,NORMAL
17707,0,NORMAL
17708,0,NORMAL
17709,0,NORMAL
17710,0,NORMAL
17711,0,NORMAL
17712,0,NORMAL
17713,0,NORMAL
17714,0,NORMAL
17715,0,NORMAL
17716,0,NORMAL
17717,0,NORMAL
17718,0,NORMAL
17719,0,NORMAL
17720,0,NORMAL
17721,0,NORMAL
17722,0,NORMAL
17723,0,NORMAL
17724,0,NORMAL
17725,0,NORMAL
17726,0,NORMAL
17727,0,NORMAL
17728,0,NORMAL
17729,0,NORMAL
17730,0,NORMAL
17731,0,NORMAL
17732,0,NORMAL
17733,0,NORMAL
17734,0,NORMAL
17735,0,NORMAL
17736,0,NORMAL
17737,0,NORMAL
17738,0,NORMAL
17739,0,NORMAL
17740,0,NORMAL
17741,0,NORMAL
17742,0,NORMAL
17743,0,NORMAL
17744,0,NORMAL
17745,0,NORMAL
17746,0,NORMAL
17747,0,NORMAL
17748,0,NORMAL
17749,0,NORMAL
17750,0,NORMAL
17751,0,NORMAL
17752,0,NORMAL
17753,0,NORMAL
17754,0,NORMAL
17755,0,NORMAL
17756,0,NORMAL
17757,0,NORMAL
17758,0,NORMAL
17759,0,NORMAL
17760,0,NORMAL
17761,0,NORMAL
17762,0,NORMAL
17763,0,NORMAL
17764,0,NORMAL
17765,0,NORMAL
17766,0,NORMAL
17767,0,NORMAL
17768,0,NORMAL
17769,0,NORMAL
17770,0,NORMAL
17771,0,NORMAL
17772,0,NORMAL
17773,0,NORMAL
17774,0,NORMAL
17775,0,NORMAL
17776,0,NORMAL
17777,0,NORMAL
17778,0,NORMAL
17779,0,NORMAL
17780,0,NORMAL
17781,0,NORMAL
17782,0,NORMAL
17783,0,NORMAL
17784,0,NORMAL
17785,0,NORMAL
17786,0,NORMAL
17787,0,NORMAL
17788,0,NORMAL
17789,0,NORMAL
17790,0,NORMAL
17791,0,NORMAL
17792,0,NORMAL
17793,0,NORMAL
17794,0,NORMAL
17795,0,NORMAL
17796,0,NORMAL
17797,0,NORMAL
17798,0,NORMAL
17799,0,NORMAL
17800,0,NORMAL
17801,0,NORMAL
17802,0,NORMAL
17803,0,NORMAL
17804,0,NORMAL
17805,0,NORMAL
17806,0,NORMAL
17807,0,NORMAL
17808,0,NORMAL
17809,0,NORMAL
17810,0,NORMAL
17811,0,NORMAL
17812,0,NORMAL
17813,0,NORMAL
17814,0,NORMAL
17815,0,NORMAL
17816,0,NORMAL
17817,0,NORMAL
17818,0,NORMAL
17819,0,NORMAL
17820,0,NORMAL
17821,0,NORMAL
17822,0,NORMAL
17823,0,NORMAL
17824,0,NORMAL
17825,0,NORMAL
17826,0,NORMAL
17827,0,NORMAL
17828,0,NORMAL
17829,0,NORMAL
17830,0,NORMAL
17831,0,NORMAL
17832,0,NORMAL
17833,0,NORMAL
17834,0,NORMAL
17835,0,NORMAL
17836,0,NORMAL
17837,0,NORMAL
17838,0,NORMAL
17839,0,NORMAL
17840,0,NORMAL
17841,0,NORMAL
17842,0,NORMAL
17843,0,NORMAL
17844,0,NORMAL
17845,0,NORMAL
17846,0,NORMAL
17847,0,NORMAL
17848,0,NORMAL
17849,0,NORMAL
17850,0,NORMAL
17851,0,NORMAL
17852,0,NORMAL
17853,0,NORMAL
17854,0,NORMAL
17855,0,NORMAL
17856,0,NORMAL
17857,0,NORMAL
17858,0,NORMAL
17859,0,NORMAL
17860,0,NORMAL
17861,0,NORMAL
17862,0,NORMAL
17863,0,NORMAL
17864,0,NORMAL
17865,0,NORMAL
17866,0,NORMAL
17867,0,NORMAL
17868,0,NORMAL
17869,0,NORMAL
17870,0,NORMAL
17871,0,NORMAL
17872,0,NORMAL
17873,0,NORMAL
17874,0,NORMAL
17875,0,NORMAL
17876,0,NORMAL
17877,0,NORMAL
17878,0,NORMAL
17879,0,NORMAL
17880,0,NORMAL
17881,0,NORMAL
17882,0,NORMAL
17883,0,NORMAL
17884,0,NORMAL
17885,0,NORMAL
17886,0,NORMAL
17887,0,NORMAL
17888,0,NORMAL
17889,0,NORMAL
17890,0,NORMAL
17891,0,NORMAL
17892,0,NORMAL
17893,0,NORMAL
17894,0,NORMAL
17895,0,NORMAL
17896,0,NORMAL
17897,0,NORMAL
17898,0,NORMAL
17899,0,NORMAL
17900,0,NORMAL
17901,0,NORMAL
17902,0,NORMAL
17903,0,NORMAL
17904,0,NORMAL
17905,0,NORMAL
17906,0,NORMAL
17907,0,NORMAL
17908,0,NORMAL
17909,0,NORMAL
17910,0,NORMAL
17911,0,NORMAL
17912,0,NORMAL
17913,0,NORMAL
17914,0,NORMAL
17915,0,NORMAL
17916,0,NORMAL
17917,0,NORMAL
17918,0,NORMAL
17919,0,NORMAL
17920,0,NORMAL
17921,0,NORMAL
17922,0,NORMAL
17923,0,NORMAL
17924,0,NORMAL
17925,0,NORMAL
17926,0,NORMAL
17927,0,NORMAL
17928,0,NORMAL
17929,0,NORMAL
17930,0,NORMAL
17931,0,NORMAL
17932,0,NORMAL
17933,0,NORMAL
17934,0,NORMAL
17935,0,NORMAL
17936,0,NORMAL
17937,0,NORMAL
17938,0,NORMAL
17939,0,NORMAL
17940,0,NORMAL
17941,0,NORMAL
17942,0,NORMAL
17943,0,NORMAL
17944,0,NORMAL
17945,0,NORMAL
17946,0,NORMAL
17947,0,NORMAL
17948,0,NORMAL
17949,0,NORMAL
17950,0,NORMAL
17951,0,NORMAL
17952,0,NORMAL
17953,0,NORMAL
17954,0,NORMAL
17955,0,NORMAL
17956,0,NORMAL
17957,0,NORMAL
17958,0,NORMAL
17959,0,NORMAL
17960,0,NORMAL
17961,0,NORMAL
17962,0,NORMAL
17963,0,NORMAL
17964,0,NORMAL
17965,0,NORMAL
17966,0,NORMAL
17967,0,NORMAL
17968,0,NORMAL
17969,0,NORMAL
17970,0,NORMAL
17971,0,NORMAL
17972,0,NORMAL
17973,0,NORMAL
17974,0,NORMAL
17975,0,NORMAL
17976,0,NORMAL
17977,0,NORMAL
17978,0,NORMAL
17979,0,NORMAL
17980,0,NORMAL
17981,0,NORMAL
17982,0,NORMAL
17983,0,NORMAL
17984,0,NORMAL
17985,0,NORMAL
17986,0,NORMAL
17987,0,NORMAL
17988,0,NORMAL
17989,0,NORMAL
17990,0,NORMAL
17991,0,NORMAL
17992,0,NORMAL
17993,0,NORMAL
17994,0,NORMAL
17995,0,NORMAL
17996,0,NORMAL
17997,0,NORMAL
17998,0,NORMAL
17999,0,NORMAL
18000,0,NORMAL
18001,0,NORMAL
18002,0,NORMAL
18003,0,NORMAL
18004,0,NORMAL
18005,0,NORMAL
18006,0,NORMAL
18007,0,NORMAL
18008,0,NORMAL
18009,0,NORMAL
18010,0,NORMAL
18011,0,NORMAL
18012,0,NORMAL
18013,0,NORMAL
18014,0,NORMAL
18015,0,NORMAL
18016,0,NORMAL
18017,0,NORMAL
18018,0,NORMAL
18019,0,NORMAL
18020,0,NORMAL
18021,0,NORMAL
18022,0,NORMAL
18023,0,NORMAL
18024,0,NORMAL
18025,0,NORMAL
18026,0,NORMAL
18027,0,NORMAL
18028,0,NORMAL
18029,0,NORMAL
18030,0,NORMAL
18031,0,NORMAL
18032,0,NORMAL
18033,0,NORMAL
18034,0,NORMAL
18035,0,NORMAL
18036,0,NORMAL
18037,0,NORMAL
18038,0,NORMAL
18039,0,NORMAL
18040,0,NORMAL
18041,0,NORMAL
18042,0,NORMAL
18043,0,NORMAL
18044,0,NORMAL
18045,0,NORMAL
18046,0,NORMAL
18047,0,NORMAL
18048,0,NORMAL
18049,0,NORMAL
18050,0,NORMAL
18051,0,NORMAL
18052,0,NORMAL
18053,0,NORMAL
18054,0,NORMAL
18055,0,NORMAL
18056,0,NORMAL
18057,0,NORMAL
18058,0,NORMAL
18059,0,NORMAL
18060,0,NORMAL
18061,0,NORMAL
18062,0,NORMAL
18063,0,NORMAL
18064,0,NORMAL
18065,0,NORMAL
18066,0,NORMAL
18067,0,NORMAL
18068,0,NORMAL
18069,0,NORMAL
18070,0,NORMAL
18071,0,NORMAL
18072,0,NORMAL
18073,0,NORMAL
18074,0,NORMAL
18075,0,NORMAL
18076,0,NORMAL
18077,0,NORMAL
18078,0,NORMAL
18079,0,NORMAL
18080,0,NORMAL
18081,0,NORMAL
18082,0,NORMAL
18083,0,NORMAL
18084,0,NORMAL
18085,0,NORMAL
18086,0,NORMAL
18087,0,NORMAL
18088,0,NORMAL
18089,0,NORMAL
18090,0,NORMAL
18091,0,NORMAL
18092,0,NORMAL
18093,0,NORMAL
18094,0,NORMAL
18095,0,NORMAL
18096,0,NORMAL
18097,0,NORMAL
18098,0,NORMAL
18099,0,NORMAL
18100,0,NORMAL
18101,0,NORMAL
18102,0,NORMAL
18103,0,NORMAL
18104,0,NORMAL
18105,0,NORMAL
18106,0,NORMAL
18107,0,NORMAL
18108,0,NORMAL
18109,0,NORMAL
18110,0,NORMAL
18111,0,NORMAL
18112,0,NORMAL
18113,0,NORMAL
18114,0,NORMAL
18115,0,NORMAL
18116,0,NORMAL
18117,0,NORMAL
18118,0,NORMAL
18119,0,NORMAL
18120,0,NORMAL
18121,0,NORMAL
18122,0,NORMAL
18123,0,NORMAL
18124,0,NORMAL
18125,0,NORMAL
18126,0,NORMAL
18127,0,NORMAL
18128,0,NORMAL
18129,0,NORMAL
18130,0,NORMAL
18131,0,NORMAL
18132,0,NORMAL
18133,0,NORMAL
18134,0,NORMAL
18135,0,NORMAL
18136,0,NORMAL
18137,0,NORMAL
18138,0,NORMAL
18139,0,NORMAL
18140,0,NORMAL
18141,0,NORMAL
18142,0,NORMAL
18143,0,NORMAL
18144,0,NORMAL
18145,0,NORMAL
18146,0,NORMAL
18147,0,NORMAL
18148,0,NORMAL
18149,0,NORMAL
18150,0,NORMAL
18151,0,NORMAL
18152,0,NORMAL
18153,0,NORMAL
18154,0,NORMAL
18155,0,NORMAL
18156,0,NORMAL
18157,0,NORMAL
18158,0,NORMAL
18159,0,NORMAL
18160,0,NORMAL
18161,0,NORMAL
18162,0,NORMAL
18163,0,NORMAL
18164,0,NORMAL
18165,0,NORMAL
18166,0,NORMAL
18167,0,NORMAL
18168,0,NORMAL
18169,0,NORMAL
18170,0,NORMAL
18171,0,NORMAL
18172,0,NORMAL
18173,0,NORMAL
18174,0,NORMAL
18175,0,NORMAL
18176,0,NORMAL
18177,0,NORMAL
18178,0,NORMAL
18179,0,NORMAL
18180,0,NORMAL
18181,0,NORMAL
18182,0,NORMAL
18183,0,NORMAL
18184,0,NORMAL
18185,0,NORMAL
18186,0,NORMAL
18187,0,NORMAL
18188,0,NORMAL
18189,0,NORMAL
18190,0,NORMAL
18191,0,NORMAL
18192,0,NORMAL
18193,0,NORMAL
18194,0,NORMAL
18195,0,NORMAL
18196,0,NORMAL
18197,0,NORMAL
18198,0,NORMAL
18199,0,NORMAL
18200,0,NORMAL
18201,0,NORMAL
18202,0,NORMAL
18203,0,NORMAL
18204,0,NORMAL
18205,0,NORMAL
18206,0,NORMAL
18207,0,NORMAL
18208,0,NORMAL
18209,0,NORMAL
18210,0,NORMAL
18211,0,NORMAL
18212,0,NORMAL
18213,0,NORMAL
18214,0,NORMAL
18215,0,NORMAL
18216,0,NORMAL
18217,0,NORMAL
18218,0,NORMAL
18219,0,NORMAL
18220,0,NORMAL
18221,0,NORMAL
18222,0,NORMAL
18223,0,NORMAL
18224,0,NORMAL
18225,0,NORMAL
18226,0,NORMAL
18227,0,NORMAL
18228,0,NORMAL
18229,0,NORMAL
18230,0,NORMAL
18231,0,NORMAL
18232,0,NORMAL
18233,0,NORMAL
18234,0,NORMAL
18235,0,NORMAL
18236,0,NORMAL
18237,0,NORMAL
18238,0,NORMAL
18239,0,NORMAL
18240,0,NORMAL
18241,0,NORMAL
18242,0,NORMAL
18243,0,NORMAL
18244,0,NORMAL
18245,0,NORMAL
18246,0,NORMAL
18247,0,NORMAL
18248,0,NORMAL
18249,0,NORMAL
18250,0,NORMAL
18251,0,NORMAL
18252,0,NORMAL
18253,0,NORMAL
18254,0,NORMAL
18255,0,NORMAL
18256,0,NORMAL
18257,0,NORMAL
18258,0,NORMAL
18259,0,NORMAL
18260,0,NORMAL
18261,0,NORMAL
18262,0,NORMAL
18263,0,NORMAL
18264,0,NORMAL
18265,0,NORMAL
18266,0,NORMAL
18267,0,NORMAL
18268,0,NORMAL
18269,0,NORMAL
18270,0,NORMAL
18271,0,NORMAL
18272,0,NORMAL
18273,0,NORMAL
18274,0,NORMAL
18275,0,NORMAL
18276,0,NORMAL
18277,0,NORMAL
18278,0,NORMAL
18279,0,NORMAL
18280,0,NORMAL
18281,0,NORMAL
18282,0,NORMAL
18283,0,NORMAL
18284,0,NORMAL
18285,0,NORMAL
18286,0,NORMAL
18287,0,NORMAL
18288,0,NORMAL
18289,0,NORMAL
18290,0,NORMAL
18291,0,NORMAL
18292,0,NORMAL
18293,0,NORMAL
18294,0,NORMAL
18295,0,NORMAL
18296,0,NORMAL
18297,0,NORMAL
18298,0,NORMAL
18299,0,NORMAL
18300,0,NORMAL
18301,0,NORMAL
18302,0,NORMAL
18303,0,NORMAL
18304,0,NORMAL
18305,0,NORMAL
18306,0,NORMAL
18307,0,NORMAL
18308,0,NORMAL
18309,0,NORMAL
18310,0,NORMAL
18311,0,NORMAL
18312,0,NORMAL
18313,0,NORMAL
18314,0,NORMAL
18315,0,NORMAL
18316,0,NORMAL
18317,0,NORMAL
18318,0,NORMAL
18319,0,NORMAL
18320,0,NORMAL
18321,0,NORMAL
18322,0,NORMAL
18323,0,NORMAL
18324,0,NORMAL
18325,0,NORMAL
18326,0,NORMAL
18327,0,NORMAL
18328,0,NORMAL
18329,0,NORMAL
18330,0,NORMAL
18331,0,NORMAL
18332,0,NORMAL
18333,0,NORMAL
18334,0,NORMAL
18335,0,NORMAL
18336,0,NORMAL
18337,0,NORMAL
18338,0,NORMAL
18339,0,NORMAL
18340,0,NORMAL
18341,0,NORMAL
18342,0,NORMAL
18343,0,NORMAL
18344,0,NORMAL
18345,0,NORMAL
18346,0,NORMAL
18347,0,NORMAL
18348,0,NORMAL
18349,0,NORMAL
18350,0,NORMAL
18351,0,NORMAL
18352,0,NORMAL
18353,0,NORMAL
18354,0,NORMAL
18355,0,NORMAL
18356,0,NORMAL
18357,0,NORMAL
18358,0,NORMAL
18359,0,NORMAL
18360,0,NORMAL
18361,0,NORMAL
18362,0,NORMAL
18363,0,NORMAL
18364,0,NORMAL
18365,0,NORMAL
18366,0,NORMAL
18367,0,NORMAL
18368,0,NORMAL
18369,0,NORMAL
18370,0,NORMAL
18371,0,NORMAL
18372,0,NORMAL
18373,0,NORMAL
18374,0,NORMAL
18375,0,NORMAL
18376,0,NORMAL
18377,0,NORMAL
18378,0,NORMAL
18379,0,NORMAL
18380,0,NORMAL
18381,0,NORMAL
18382,0,NORMAL
18383,0,NORMAL
18384,0,NORMAL
18385,0,NORMAL
18386,0,NORMAL
18387,0,NORMAL
18388,0,NORMAL
18389,0,NORMAL
18390,0,NORMAL
18391,0,NORMAL
18392,0,NORMAL
18393,0,NORMAL
18394,0,NORMAL
18395,0,NORMAL
18396,0,NORMAL
18397,0,NORMAL
18398,0,NORMAL
18399,0,NORMAL
18400,0,NORMAL
18401,0,NORMAL
18402,0,NORMAL
18403,0,NORMAL
18404,0,NORMAL
18405,0,NORMAL
18406,0,NORMAL
18407,0,NORMAL
18408,0,NORMAL
18409,0,NORMAL
18410,0,NORMAL
18411,0,NORMAL
18412,0,NORMAL
18413,0,NORMAL
18414,0,NORMAL
18415,0,NORMAL
18416,0,NORMAL
18417,0,NORMAL
18418,0,NORMAL
18419,0,NORMAL
18420,0,NORMAL
18421,0,NORMAL
18422,0,NORMAL
18423,0,NORMAL
18424,0,NORMAL
18425,0,NORMAL
18426,0,NORMAL
18427,0,NORMAL
18428,0,NORMAL
18429,0,NORMAL
18430,0,NORMAL
18431,0,NORMAL
18432,0,NORMAL
18433,0,NORMAL
18434,0,NORMAL
18435,0,NORMAL
18436,0,NORMAL
18437,0,NORMAL
18438,0,NORMAL
18439,0,NORMAL
18440,0,NORMAL
18441,0,NORMAL
18442,0,NORMAL
18443,0,NORMAL
18444,0,NORMAL
18445,0,NORMAL
18446,0,NORMAL
18447,0,NORMAL
18448,0,NORMAL
18449,0,NORMAL
18450,0,NORMAL
18451,0,NORMAL
18452,0,NORMAL
18453,0,NORMAL
18454,0,NORMAL
18455,0,NORMAL
18456,0,NORMAL
18457,0,NORMAL
18458,0,NORMAL
18459,0,NORMAL
18460,0,NORMAL
18461,0,NORMAL
18462,0,NORMAL
18463,0,NORMAL
18464,0,NORMAL
18465,0,NORMAL
18466,0,NORMAL
18467,0,NORMAL
18468,0,NORMAL
18469,0,NORMAL
18470,0,NORMAL
18471,0,NORMAL
18472,0,NORMAL
18473,0,NORMAL
18474,0,NORMAL
18475,0,NORMAL
18476,0,NORMAL
18477,0,NORMAL
18478,0,NORMAL
18479,0,NORMAL
18480,0,NORMAL
18481,0,NORMAL
18482,0,NORMAL
18483,0,NORMAL
18484,0,NORMAL
18485,0,NORMAL
18486,0,NORMAL
18487,0,NORMAL
18488,0,NORMAL
18489,0,NORMAL
18490,0,NORMAL
18491,0,NORMAL
18492,0,NORMAL
18493,0,NORMAL
18494,0,NORMAL
18495,0,NORMAL
18496,0,NORMAL
18497,0,NORMAL
18498,0,NORMAL
18499,0,NORMAL
18500,0,NORMAL
18501,0,NORMAL
18502,0,NORMAL
18503,0,NORMAL
18504,0,NORMAL
18505,0,NORMAL
18506,0,NORMAL
18507,0,NORMAL
18508,0,NORMAL
18509,0,NORMAL
18510,0,NORMAL
18511,0,NORMAL
18512,0,NORMAL
18513,0,NORMAL
18514,0,NORMAL
18515,0,NORMAL
18516,0,NORMAL
18517,0,NORMAL
18518,0,NORMAL
18519,0,NORMAL
18520,0,NORMAL
18521,0,NORMAL
18522,0,NORMAL
18523,0,NORMAL
18524,0,NORMAL
18525,0,NORMAL
18526,0,NORMAL
18527,0,NORMAL
18528,0,NORMAL
18529,0,NORMAL
18530,0,NORMAL
18531,0,NORMAL
18532,0,NORMAL
18533,0,NORMAL
18534,0,NORMAL
18535,0,NORMAL
18536,0,NORMAL
18537,0,NORMAL
18538,0,NORMAL
18539,0,NORMAL
18540,0,NORMAL
18541,0,NORMAL
18542,0,NORMAL
18543,0,NORMAL
18544,0,NORMAL
18545,0,NORMAL
18546,0,NORMAL
18547,0,NORMAL
18548,0,NORMAL
18549,0,NORMAL
18550,0,NORMAL
18551,0,NORMAL
18552,0,NORMAL
18553,0,NORMAL
18554,0,NORMAL
18555,0,NORMAL
18556,0,NORMAL
18557,0,NORMAL
18558,0,NORMAL
18559,0,NORMAL
18560,0,NORMAL
18561,0,NORMAL
18562,0,NORMAL
18563,0,NORMAL
18564,0,NORMAL
18565,0,NORMAL
18566,0,NORMAL
18567,0,NORMAL
18568,0,NORMAL
18569,0,NORMAL
18570,0,NORMAL
18571,0,NORMAL
18572,0,NORMAL
18573,0,NORMAL
18574,0,NORMAL
18575,0,NORMAL
18576,0,NORMAL
18577,0,NORMAL
18578,0,NORMAL
18579,0,NORMAL
18580,0,NORMAL
18581,0,NORMAL
18582,0,NORMAL
18583,0,NORMAL
18584,0,NORMAL
18585,0,NORMAL
18586,0,NORMAL
18587,0,NORMAL
18588,0,NORMAL
18589,0,NORMAL
18590,0,NORMAL
18591,0,NORMAL
18592,0,NORMAL
18593,0,NORMAL
18594,0,NORMAL
18595,0,NORMAL
18596,0,NORMAL
18597,0,NORMAL
18598,0,NORMAL
18599,0,NORMAL
18600,0,NORMAL
18601,0,NORMAL
18602,0,NORMAL
18603,0,NORMAL
18604,0,NORMAL
18605,0,NORMAL
18606,0,NORMAL
18607,0,NORMAL
18608,0,NORMAL
18609,0,NORMAL
18610,0,NORMAL
18611,0,NORMAL
18612,0,NORMAL
18613,0,NORMAL
18614,0,NORMAL
18615,0,NORMAL
18616,0,NORMAL
18617,0,NORMAL
18618,0,NORMAL
18619,0,NORMAL
18620,0,NORMAL
18621,0,NORMAL
18622,0,NORMAL
18623,0,NORMAL
18624,0,NORMAL
18625,0,NORMAL
18626,0,NORMAL
18627,0,NORMAL
18628,0,NORMAL
18629,0,NORMAL
18630,0,NORMAL
18631,0,NORMAL
18632,0,NORMAL
18633,0,NORMAL
18634,0,NORMAL
18635,0,NORMAL
18636,0,NORMAL
18637,0,NORMAL
18638,0,NORMAL
18639,0,NORMAL
18640,0,NORMAL
18641,0,NORMAL
18642,0,NORMAL
18643,0,NORMAL
18644,0,NORMAL
18645,0,NORMAL
18646,0,NORMAL
18647,0,NORMAL
18648,0,NORMAL
18649,0,NORMAL
18650,0,NORMAL
18651,0,NORMAL
18652,0,NORMAL
18653,0,NORMAL
18654,0,NORMAL
18655,0,NORMAL
18656,0,NORMAL
18657,0,NORMAL
18658,0,NORMAL
18659,0,NORMAL
18660,0,NORMAL
18661,0,NORMAL
18662,0,NORMAL
18663,0,NORMAL
18664,0,NORMAL
18665,0,NORMAL
18666,0,NORMAL
18667,0,NORMAL
18668,0,NORMAL
18669,0,NORMAL
18670,0,NORMAL
18671,0,NORMAL
18672,0,NORMAL
18673,0,NORMAL
18674,0,NORMAL
18675,0,NORMAL
18676,0,NORMAL
18677,0,NORMAL
18678,0,NORMAL
18679,0,NORMAL
18680,0,NORMAL
18681,0,NORMAL
18682,0,NORMAL
18683,0,NORMAL
18684,0,NORMAL
18685,0,NORMAL
18686,0,NORMAL
18687,0,NORMAL
18688,0,NORMAL
18689,0,NORMAL
18690,0,NORMAL
18691,0,NORMAL
18692,0,NORMAL
18693,0,NORMAL
18694,0,NORMAL
18695,0,NORMAL
18696,0,NORMAL
18697,0,NORMAL
18698,0,NORMAL
18699,0,NORMAL
18700,0,NORMAL
18701,0,NORMAL
18702,0,NORMAL
18703,0,NORMAL
18704,0,NORMAL
18705,0,NORMAL
18706,0,NORMAL
18707,0,NORMAL
18708,0,NORMAL
18709,0,NORMAL
18710,0,NORMAL
18711,0,NORMAL
18712,0,NORMAL
18713,0,NORMAL
18714,0,NORMAL
18715,0,NORMAL
18716,0,NORMAL
18717,0,NORMAL
18718,0,NORMAL
18719,0,NORMAL
18720,0,NORMAL
18721,0,NORMAL
18722,0,NORMAL
18723,0,NORMAL
18724,0,NORMAL
18725,0,NORMAL
18726,0,NORMAL
18727,0,NORMAL
18728,0,NORMAL
18729,0,NORMAL
18730,0,NORMAL
18731,0,NORMAL
18732,0,NORMAL
18733,0,NORMAL
18734,0,NORMAL
18735,0,NORMAL
18736,0,NORMAL
18737,0,NORMAL
18738,0,NORMAL
18739,0,NORMAL
18740,0,NORMAL
18741,0,NORMAL
18742,0,NORMAL
18743,0,NORMAL
18744,0,NORMAL
18745,0,NORMAL
18746,0,NORMAL
18747,0,NORMAL
18748,0,NORMAL
18749,0,NORMAL
18750,0,NORMAL
18751,0,NORMAL
18752,0,NORMAL
18753,0,NORMAL
18754,0,NORMAL
18755,0,NORMAL
18756,0,NORMAL
18757,0,NORMAL
18758,0,NORMAL
18759,0,NORMAL
18760,0,NORMAL
18761,0,NORMAL
18762,0,NORMAL
18763,0,NORMAL
18764,0,NORMAL
18765,0,NORMAL
18766,0,NORMAL
18767,0,NORMAL
18768,0,NORMAL
18769,0,NORMAL
18770,0,NORMAL
18771,0,NORMAL
18772,0,NORMAL
18773,0,NORMAL
18774,0,NORMAL
18775,0,NORMAL
18776,0,NORMAL
18777,0,NORMAL
18778,0,NORMAL
18779,0,NORMAL
18780,0,NORMAL
18781,0,NORMAL
18782,0,NORMAL
18783,0,NORMAL
18784,0,NORMAL
18785,0,NORMAL
18786,0,NORMAL
18787,0,NORMAL
18788,0,NORMAL
18789,0,NORMAL
18790,0,NORMAL
18791,0,NORMAL
18792,0,NORMAL
18793,0,NORMAL
18794,0,NORMAL
18795,0,NORMAL
18796,0,NORMAL
18797,0,NORMAL
18798,0,NORMAL
18799,0,NORMAL
18800,0,NORMAL
18801,0,NORMAL
18802,0,NORMAL
18803,0,NORMAL
18804,0,NORMAL
18805,0,NORMAL
18806,0,NORMAL
18807,0,NORMAL
18808,0,NORMAL
18809,0,NORMAL
18810,0,NORMAL
18811,0,NORMAL
18812,0,NORMAL
18813,0,NORMAL
18814,0,NORMAL
18815,0,NORMAL
18816,0,NORMAL
18817,0,NORMAL
18818,0,NORMAL
18819,0,NORMAL
18820,0,NORMAL
18821,0,NORMAL
18822,0,NORMAL
18823,0,NORMAL
18824,0,NORMAL
18825,0,NORMAL
18826,0,NORMAL
18827,0,NORMAL
18828,0,NORMAL
18829,0,NORMAL
18830,0,NORMAL
18831,0,NORMAL
18832,0,NORMAL
18833,0,NORMAL
18834,0,NORMAL
18835,0,NORMAL
18836,0,NORMAL
18837,0,NORMAL
18838,0,NORMAL
18839,0,NORMAL
18840,0,NORMAL
18841,0,NORMAL
18842,0,NORMAL
18843,0,NORMAL
18844,0,NORMAL
18845,0,NORMAL
18846,0,NORMAL
18847,0,NORMAL
18848,0,NORMAL
18849,0,NORMAL
18850,0,NORMAL
18851,0,NORMAL
18852,0,NORMAL
18853,0,NORMAL
18854,0,NORMAL
18855,0,NORMAL
18856,0,NORMAL
18857,0,NORMAL
18858,0,NORMAL
18859,0,NORMAL
18860,0,NORMAL
18861,0,NORMAL
18862,0,NORMAL
18863,0,NORMAL
18864,0,NORMAL
18865,0,NORMAL
18866,0,NORMAL
18867,0,NORMAL
18868,0,NORMAL
18869,0,NORMAL
18870,0,NORMAL
18871,0,NORMAL
18872,0,NORMAL
18873,0,NORMAL
18874,0,NORMAL
18875,0,NORMAL
18876,0,NORMAL
18877,0,NORMAL
18878,0,NORMAL
18879,0,NORMAL
18880,0,NORMAL
18881,0,NORMAL
18882,0,NORMAL
18883,0,NORMAL
18884,0,NORMAL
18885,0,NORMAL
18886,0,NORMAL
18887,0,NORMAL
18888,0,NORMAL
18889,0,NORMAL
18890,0,NORMAL
18891,0,NORMAL
18892,0,NORMAL
18893,0,NORMAL
18894,0,NORMAL
18895,0,NORMAL
18896,0,NORMAL
18897,0,NORMAL
18898,0,NORMAL
18899,0,NORMAL
18900,0,NORMAL
18901,0,NORMAL
18902,0,NORMAL
18903,0,NORMAL
18904,0,NORMAL
18905,0,NORMAL
18906,0,NORMAL
18907,0,NORMAL
18908,0,NORMAL
18909,0,NORMAL
18910,0,NORMAL
18911,0,NORMAL
18912,0,NORMAL
18913,0,NORMAL
18914,0,NORMAL
18915,0,NORMAL
18916,0,NORMAL
18917,0,NORMAL
18918,0,NORMAL
18919,0,NORMAL
18920,0,NORMAL
18921,0,NORMAL
18922,0,NORMAL
18923,0,NORMAL
18924,0,NORMAL
18925,0,NORMAL
18926,0,NORMAL
18927,0,NORMAL
18928,0,NORMAL
18929,0,NORMAL
18930,0,NORMAL
18931,0,NORMAL
18932,0,NORMAL
18933,0,NORMAL
18934,0,NORMAL
18935,0,NORMAL
18936,0,NORMAL
18937,0,NORMAL
18938,0,NORMAL
18939,0,NORMAL
18940,0,NORMAL
18941,0,NORMAL
18942,0,NORMAL
18943,0,NORMAL
18944,0,NORMAL
18945,0,NORMAL
18946,0,NORMAL
18947,0,NORMAL
18948,0,NORMAL
18949,0,NORMAL
18950,0,NORMAL
18951,0,NORMAL
18952,0,NORMAL
18953,0,NORMAL
18954,0,NORMAL
18955,0,NORMAL
18956,0,NORMAL
18957,0,NORMAL
18958,0,NORMAL
18959,0,NORMAL
18960,0,NORMAL
18961,0,NORMAL
18962,0,NORMAL
18963,0,NORMAL
18964,0,NORMAL
18965,0,NORMAL
18966,0,NORMAL
18967,0,NORMAL
18968,0,NORMAL
18969,0,NORMAL
18970,0,NORMAL
18971,0,NORMAL
18972,0,NORMAL
18973,0,NORMAL
18974,0,NORMAL
18975,0,NORMAL
18976,0,NORMAL
18977,0,NORMAL
18978,0,NORMAL
18979,0,NORMAL
18980,0,NORMAL
18981,0,NORMAL
18982,0,NORMAL
18983,0,NORMAL
18984,0,NORMAL
18985,0,NORMAL
18986,0,NORMAL
18987,0,NORMAL
18988,0,NORMAL
18989,0,NORMAL
18990,0,NORMAL
18991,0,NORMAL
18992,0,NORMAL
18993,0,NORMAL
18994,0,NORMAL
18995,0,NORMAL
18996,0,NORMAL
18997,0,NORMAL
18998,0,NORMAL
18999,0,NORMAL
19000,0,NORMAL
19001,1,UNUSUAL_DEVICE
19002,1,UNUSUAL_TIME
19003,1,UNUSUAL_LOCATION
19004,1,BULK_ACCESS
19005,1,UNUSUAL_DEVICE
19006,1,UNUSUAL_TIME
19007,1,UNUSUAL_TIME
19008,1,UNUSUAL_TIME
19009,1,UNUSUAL_LOCATION
19010,1,UNUSUAL_LOCATION
19011,1,UNUSUAL_DEVICE
19012,1,UNUSUAL_LOCATION
19013,1,BULK_ACCESS
19014,1,BULK_ACCESS
19015,1,FAILED_ACCESS
19016,1,UNUSUAL_DEVICE
19017,1,BULK_ACCESS
19018,1,UNUSUAL_DEVICE
19019,1,UNUSUAL_LOCATION
19020,1,UNUSUAL_TIME
19021,1,UNUSUAL_LOCATION
19022,1,FAILED_ACCESS
19023,1,FAILED_ACCESS
19024,1,BULK_ACCESS
19025,1,FAILED_ACCESS
19026,1,UNUSUAL_TIME
19027,1,UNUSUAL_DEVICE
19028,1,BULK_ACCESS
19029,1,UNUSUAL_DEVICE
19030,1,BULK_ACCESS
19031,1,UNUSUAL_TIME
19032,1,UNUSUAL_DEVICE
19033,1,UNUSUAL_LOCATION
19034,1,UNUSUAL_DEVICE
19035,1,UNUSUAL_TIME
19036,1,UNUSUAL_LOCATION
19037,1,FAILED_ACCESS
19038,1,UNUSUAL_TIME
19039,1,UNUSUAL_TIME
19040,1,BULK_ACCESS
19041,1,UNUSUAL_TIME
19042,1,BULK_ACCESS
19043,1,UNUSUAL_TIME
19044,1,UNUSUAL_LOCATION
19045,1,UNUSUAL_LOCATION
19046,1,FAILED_ACCESS
19047,1,FAILED_ACCESS
19048,1,BULK_ACCESS
19049,1,UNUSUAL_DEVICE
19050,1,FAILED_ACCESS
19051,1,FAILED_ACCESS
19052,1,UNUSUAL_LOCATION
19053,1,UNUSUAL_DEVICE
19054,1,UNUSUAL_TIME
19055,1,UNUSUAL_LOCATION
19056,1,BULK_ACCESS
19057,1,UNUSUAL_TIME
19058,1,UNUSUAL_DEVICE
19059,1,UNUSUAL_LOCATION
19060,1,UNUSUAL_TIME
19061,1,UNUSUAL_LOCATION
19062,1,UNUSUAL_TIME
19063,1,UNUSUAL_DEVICE
19064,1,UNUSUAL_DEVICE
19065,1,FAILED_ACCESS
19066,1,UNUSUAL_TIME
19067,1,FAILED_ACCESS
19068,1,UNUSUAL_DEVICE
19069,1,BULK_ACCESS
19070,1,BULK_ACCESS
19071,1,FAILED_ACCESS
19072,1,BULK_ACCESS
19073,1,UNUSUAL_TIME
19074,1,BULK_ACCESS
19075,1,UNUSUAL_LOCATION
19076,1,UNUSUAL_LOCATION
19077,1,FAILED_ACCESS
19078,1,FAILED_ACCESS
19079,1,UNUSUAL_TIME
19080,1,UNUSUAL_LOCATION
19081,1,UNUSUAL_DEVICE
19082,1,UNUSUAL_DEVICE
19083,1,UNUSUAL_DEVICE
19084,1,BULK_ACCESS
19085,1,UNUSUAL_LOCATION
19086,1,BULK_ACCESS
19087,1,UNUSUAL_TIME
19088,1,BULK_ACCESS
19089,1,UNUSUAL_LOCATION
19090,1,UNUSUAL_LOCATION
19091,1,FAILED_ACCESS
19092,1,UNUSUAL_LOCATION
19093,1,FAILED_ACCESS
19094,1,FAILED_ACCESS
19095,1,UNUSUAL_LOCATION
19096,1,UNUSUAL_DEVICE
19097,1,BULK_ACCESS
19098,1,FAILED_ACCESS
19099,1,UNUSUAL_DEVICE
19100,1,UNUSUAL_DEVICE
19101,1,UNUSUAL_TIME
19102,1,UNUSUAL_TIME
19103,1,UNUSUAL_TIME
19104,1,FAILED_ACCESS
19105,1,BULK_ACCESS
19106,1,BULK_ACCESS
19107,1,UNUSUAL_DEVICE
19108,1,BULK_ACCESS
19109,1,UNUSUAL_LOCATION
19110,1,BULK_ACCESS
19111,1,BULK_ACCESS
19112,1,UNUSUAL_DEVICE
19113,1,UNUSUAL_LOCATION
19114,1,FAILED_ACCESS
19115,1,UNUSUAL_LOCATION
19116,1,UNUSUAL_TIME
19117,1,UNUSUAL_LOCATION
19118,1,UNUSUAL_TIME
19119,1,UNUSUAL_LOCATION
19120,1,BULK_ACCESS
19121,1,UNUSUAL_DEVICE
19122,1,BULK_ACCESS
19123,1,UNUSUAL_LOCATION
19124,1,UNUSUAL_DEVICE
19125,1,UNUSUAL_LOCATION
19126,1,FAILED_ACCESS
19127,1,UNUSUAL_DEVICE
19128,1,UNUSUAL_DEVICE
19129,1,UNUSUAL_TIME
19130,1,FAILED_ACCESS
19131,1,UNUSUAL_DEVICE
19132,1,UNUSUAL_TIME
19133,1,UNUSUAL_TIME
19134,1,FAILED_ACCESS
19135,1,UNUSUAL_DEVICE
19136,1,UNUSUAL_TIME
19137,1,FAILED_ACCESS
19138,1,UNUSUAL_DEVICE
19139,1,UNUSUAL_TIME
19140,1,UNUSUAL_TIME
19141,1,UNUSUAL_DEVICE
19142,1,FAILED_ACCESS
19143,1,UNUSUAL_TIME
19144,1,FAILED_ACCESS
19145,1,UNUSUAL_LOCATION
19146,1,UNUSUAL_LOCATION
19147,1,BULK_ACCESS
19148,1,FAILED_ACCESS
19149,1,UNUSUAL_DEVICE
19150,1,FAILED_ACCESS
19151,1,FAILED_ACCESS
19152,1,UNUSUAL_DEVICE
19153,1,UNUSUAL_LOCATION
19154,1,UNUSUAL_LOCATION
19155,1,UNUSUAL_LOCATION
19156,1,UNUSUAL_DEVICE
19157,1,UNUSUAL_LOCATION
19158,1,BULK_ACCESS
19159,1,BULK_ACCESS
19160,1,UNUSUAL_DEVICE
19161,1,UNUSUAL_TIME
19162,1,UNUSUAL_LOCATION
19163,1,UNUSUAL_LOCATION
19164,1,UNUSUAL_TIME
19165,1,FAILED_ACCESS
19166,1,BULK_ACCESS
19167,1,BULK_ACCESS
19168,1,FAILED_ACCESS
19169,1,FAILED_ACCESS
19170,1,UNUSUAL_LOCATION
19171,1,BULK_ACCESS
19172,1,FAILED_ACCESS
19173,1,BULK_ACCESS
19174,1,UNUSUAL_DEVICE
19175,1,FAILED_ACCESS
19176,1,UNUSUAL_DEVICE
19177,1,UNUSUAL_TIME
19178,1,BULK_ACCESS
19179,1,UNUSUAL_TIME
19180,1,FAILED_ACCESS
19181,1,UNUSUAL_TIME
19182,1,UNUSUAL_DEVICE
19183,1,BULK_ACCESS
19184,1,BULK_ACCESS
19185,1,BULK_ACCESS
19186,1,BULK_ACCESS
19187,1,UNUSUAL_DEVICE
19188,1,UNUSUAL_DEVICE
19189,1,UNUSUAL_TIME
19190,1,UNUSUAL_DEVICE
19191,1,UNUSUAL_DEVICE
19192,1,UNUSUAL_DEVICE
19193,1,UNUSUAL_DEVICE
19194,1,UNUSUAL_DEVICE
19195,1,UNUSUAL_LOCATION
19196,1,BULK_ACCESS
19197,1,UNUSUAL_DEVICE
19198,1,BULK_ACCESS
19199,1,UNUSUAL_TIME
19200,1,FAILED_ACCESS
19201,1,UNUSUAL_TIME
19202,1,UNUSUAL_LOCATION
19203,1,FAILED_ACCESS
19204,1,BULK_ACCESS
19205,1,UNUSUAL_LOCATION
19206,1,FAILED_ACCESS
19207,1,UNUSUAL_TIME
19208,1,FAILED_ACCESS
19209,1,FAILED_ACCESS
19210,1,UNUSUAL_TIME
19211,1,UNUSUAL_LOCATION
19212,1,UNUSUAL_LOCATION
19213,1,BULK_ACCESS
19214,1,UNUSUAL_DEVICE
19215,1,FAILED_ACCESS
19216,1,FAILED_ACCESS
19217,1,UNUSUAL_DEVICE
19218,1,UNUSUAL_TIME
19219,1,BULK_ACCESS
19220,1,UNUSUAL_DEVICE
19221,1,BULK_ACCESS
19222,1,UNUSUAL_TIME
19223,1,FAILED_ACCESS
19224,1,FAILED_ACCESS
19225,1,UNUSUAL_DEVICE
19226,1,BULK_ACCESS
19227,1,UNUSUAL_LOCATION
19228,1,FAILED_ACCESS
19229,1,BULK_ACCESS
19230,1,UNUSUAL_DEVICE
19231,1,BULK_ACCESS
19232,1,UNUSUAL_TIME
19233,1,UNUSUAL_LOCATION
19234,1,UNUSUAL_TIME
19235,1,UNUSUAL_TIME
19236,1,UNUSUAL_DEVICE
19237,1,FAILED_ACCESS
19238,1,UNUSUAL_TIME
19239,1,FAILED_ACCESS
19240,1,UNUSUAL_DEVICE
19241,1,FAILED_ACCESS
19242,1,UNUSUAL_DEVICE
19243,1,UNUSUAL_TIME
19244,1,UNUSUAL_LOCATION
19245,1,UNUSUAL_TIME
19246,1,FAILED_ACCESS
19247,1,FAILED_ACCESS
19248,1,UNUSUAL_DEVICE
19249,1,UNUSUAL_TIME
19250,1,UNUSUAL_TIME
19251,1,BULK_ACCESS
19252,1,BULK_ACCESS
19253,1,FAILED_ACCESS
19254,1,UNUSUAL_TIME
19255,1,UNUSUAL_TIME
19256,1,BULK_ACCESS
19257,1,BULK_ACCESS
19258,1,FAILED_ACCESS
19259,1,BULK_ACCESS
19260,1,UNUSUAL_TIME
19261,1,UNUSUAL_LOCATION
19262,1,UNUSUAL_DEVICE
19263,1,UNUSUAL_LOCATION
19264,1,UNUSUAL_DEVICE
19265,1,UNUSUAL_LOCATION
19266,1,UNUSUAL_DEVICE
19267,1,UNUSUAL_TIME
19268,1,BULK_ACCESS
19269,1,UNUSUAL_LOCATION
19270,1,BULK_ACCESS
19271,1,FAILED_ACCESS
19272,1,UNUSUAL_LOCATION
19273,1,BULK_ACCESS
19274,1,UNUSUAL_LOCATION
19275,1,BULK_ACCESS
19276,1,UNUSUAL_LOCATION
19277,1,UNUSUAL_LOCATION
19278,1,BULK_ACCESS
19279,1,BULK_ACCESS
19280,1,FAILED_ACCESS
19281,1,FAILED_ACCESS
19282,1,UNUSUAL_LOCATION
19283,1,UNUSUAL_DEVICE
19284,1,UNUSUAL_LOCATION
19285,1,BULK_ACCESS
19286,1,BULK_ACCESS
19287,1,UNUSUAL_TIME
19288,1,FAILED_ACCESS
19289,1,UNUSUAL_LOCATION
19290,1,UNUSUAL_DEVICE
19291,1,UNUSUAL_LOCATION
19292,1,FAILED_ACCESS
19293,1,UNUSUAL_LOCATION
19294,1,FAILED_ACCESS
19295,1,UNUSUAL_DEVICE
19296,1,UNUSUAL_TIME
19297,1,BULK_ACCESS
19298,1,UNUSUAL_LOCATION
19299,1,UNUSUAL_LOCATION
19300,1,FAILED_ACCESS
19301,1,UNUSUAL_DEVICE
19302,1,FAILED_ACCESS
19303,1,FAILED_ACCESS
19304,1,BULK_ACCESS
19305,1,UNUSUAL_LOCATION
19306,1,BULK_ACCESS
19307,1,UNUSUAL_LOCATION
19308,1,UNUSUAL_TIME
19309,1,UNUSUAL_DEVICE
19310,1,UNUSUAL_DEVICE
19311,1,UNUSUAL_TIME
19312,1,FAILED_ACCESS
19313,1,UNUSUAL_LOCATION
19314,1,BULK_ACCESS
19315,1,UNUSUAL_DEVICE
19316,1,UNUSUAL_TIME
19317,1,UNUSUAL_TIME
19318,1,UNUSUAL_DEVICE
19319,1,BULK_ACCESS
19320,1,UNUSUAL_DEVICE
19321,1,UNUSUAL_LOCATION
19322,1,UNUSUAL_LOCATION
19323,1,UNUSUAL_TIME
19324,1,FAILED_ACCESS
19325,1,UNUSUAL_DEVICE
19326,1,BULK_ACCESS
19327,1,BULK_ACCESS
19328,1,BULK_ACCESS
19329,1,BULK_ACCESS
19330,1,FAILED_ACCESS
19331,1,BULK_ACCESS
19332,1,BULK_ACCESS
19333,1,UNUSUAL_DEVICE
19334,1,UNUSUAL_DEVICE
19335,1,UNUSUAL_TIME
19336,1,UNUSUAL_TIME
19337,1,UNUSUAL_LOCATION
19338,1,UNUSUAL_LOCATION
19339,1,FAILED_ACCESS
19340,1,UNUSUAL_TIME
19341,1,FAILED_ACCESS
19342,1,BULK_ACCESS
19343,1,UNUSUAL_DEVICE
19344,1,UNUSUAL_LOCATION
19345,1,BULK_ACCESS
19346,1,UNUSUAL_TIME
19347,1,FAILED_ACCESS
19348,1,FAILED_ACCESS
19349,1,BULK_ACCESS
19350,1,UNUSUAL_LOCATION
19351,1,UNUSUAL_LOCATION
19352,1,FAILED_ACCESS
19353,1,BULK_ACCESS
19354,1,BULK_ACCESS
19355,1,UNUSUAL_TIME
19356,1,UNUSUAL_TIME
19357,1,UNUSUAL_LOCATION
19358,1,UNUSUAL_TIME
19359,1,FAILED_ACCESS
19360,1,FAILED_ACCESS
19361,1,UNUSUAL_LOCATION
19362,1,UNUSUAL_LOCATION
19363,1,UNUSUAL_TIME
19364,1,UNUSUAL_DEVICE
19365,1,BULK_ACCESS
19366,1,UNUSUAL_DEVICE
19367,1,UNUSUAL_DEVICE
19368,1,UNUSUAL_DEVICE
19369,1,UNUSUAL_DEVICE
19370,1,UNUSUAL_LOCATION
19371,1,UNUSUAL_LOCATION
19372,1,UNUSUAL_DEVICE
19373,1,BULK_ACCESS
19374,1,UNUSUAL_LOCATION
19375,1,FAILED_ACCESS
19376,1,BULK_ACCESS
19377,1,FAILED_ACCESS
19378,1,UNUSUAL_DEVICE
19379,1,UNUSUAL_TIME
19380,1,UNUSUAL_TIME
19381,1,UNUSUAL_TIME
19382,1,FAILED_ACCESS
19383,1,UNUSUAL_TIME
19384,1,UNUSUAL_TIME
19385,1,FAILED_ACCESS
19386,1,UNUSUAL_TIME
19387,1,UNUSUAL_LOCATION
19388,1,UNUSUAL_LOCATION
19389,1,BULK_ACCESS
19390,1,UNUSUAL_TIME
19391,1,FAILED_ACCESS
19392,1,UNUSUAL_TIME
19393,1,BULK_ACCESS
19394,1,FAILED_ACCESS
19395,1,UNUSUAL_LOCATION
19396,1,FAILED_ACCESS
19397,1,FAILED_ACCESS
19398,1,UNUSUAL_DEVICE
19399,1,UNUSUAL_TIME
19400,1,UNUSUAL_DEVICE
19401,1,UNUSUAL_LOCATION
19402,1,UNUSUAL_TIME
19403,1,UNUSUAL_DEVICE
19404,1,UNUSUAL_DEVICE
19405,1,BULK_ACCESS
19406,1,UNUSUAL_TIME
19407,1,UNUSUAL_LOCATION
19408,1,UNUSUAL_DEVICE
19409,1,BULK_ACCESS
19410,1,UNUSUAL_TIME
19411,1,UNUSUAL_DEVICE
19412,1,BULK_ACCESS
19413,1,BULK_ACCESS
19414,1,UNUSUAL_LOCATION
19415,1,UNUSUAL_TIME
19416,1,UNUSUAL_DEVICE
19417,1,UNUSUAL_LOCATION
19418,1,UNUSUAL_DEVICE
19419,1,UNUSUAL_TIME
19420,1,BULK_ACCESS
19421,1,BULK_ACCESS
19422,1,BULK_ACCESS
19423,1,UNUSUAL_DEVICE
19424,1,FAILED_ACCESS
19425,1,UNUSUAL_DEVICE
19426,1,UNUSUAL_DEVICE
19427,1,UNUSUAL_TIME
19428,1,UNUSUAL_TIME
19429,1,UNUSUAL_LOCATION
19430,1,UNUSUAL_LOCATION
19431,1,UNUSUAL_LOCATION
19432,1,UNUSUAL_LOCATION
19433,1,UNUSUAL_DEVICE
19434,1,FAILED_ACCESS
19435,1,FAILED_ACCESS
19436,1,UNUSUAL_DEVICE
19437,1,FAILED_ACCESS
19438,1,UNUSUAL_LOCATION
19439,1,UNUSUAL_LOCATION
19440,1,FAILED_ACCESS
19441,1,UNUSUAL_DEVICE
19442,1,UNUSUAL_DEVICE
19443,1,UNUSUAL_DEVICE
19444,1,UNUSUAL_LOCATION
19445,1,BULK_ACCESS
19446,1,BULK_ACCESS
19447,1,FAILED_ACCESS
19448,1,FAILED_ACCESS
19449,1,BULK_ACCESS
19450,1,UNUSUAL_TIME
19451,1,UNUSUAL_LOCATION
19452,1,UNUSUAL_LOCATION
19453,1,UNUSUAL_LOCATION
19454,1,BULK_ACCESS
19455,1,FAILED_ACCESS
19456,1,UNUSUAL_TIME
19457,1,BULK_ACCESS
19458,1,BULK_ACCESS
19459,1,BULK_ACCESS
19460,1,BULK_ACCESS
19461,1,UNUSUAL_LOCATION
19462,1,UNUSUAL_DEVICE
19463,1,UNUSUAL_TIME
19464,1,UNUSUAL_LOCATION
19465,1,UNUSUAL_LOCATION
19466,1,FAILED_ACCESS
19467,1,UNUSUAL_DEVICE
19468,1,FAILED_ACCESS
19469,1,UNUSUAL_LOCATION
19470,1,BULK_ACCESS
19471,1,BULK_ACCESS
19472,1,UNUSUAL_LOCATION
19473,1,UNUSUAL_DEVICE
19474,1,UNUSUAL_DEVICE
19475,1,BULK_ACCESS
19476,1,UNUSUAL_DEVICE
19477,1,UNUSUAL_LOCATION
19478,1,UNUSUAL_LOCATION
19479,1,BULK_ACCESS
19480,1,BULK_ACCESS
19481,1,UNUSUAL_LOCATION
19482,1,BULK_ACCESS
19483,1,UNUSUAL_LOCATION
19484,1,BULK_ACCESS
19485,1,UNUSUAL_LOCATION
19486,1,FAILED_ACCESS
19487,1,UNUSUAL_LOCATION
19488,1,UNUSUAL_LOCATION
19489,1,BULK_ACCESS
19490,1,UNUSUAL_DEVICE
19491,1,UNUSUAL_DEVICE
19492,1,FAILED_ACCESS
19493,1,FAILED_ACCESS
19494,1,UNUSUAL_TIME
19495,1,UNUSUAL_LOCATION
19496,1,FAILED_ACCESS
19497,1,UNUSUAL_LOCATION
19498,1,UNUSUAL_DEVICE
19499,1,FAILED_ACCESS
19500,1,UNUSUAL_TIME
19501,1,UNUSUAL_TIME
19502,1,BULK_ACCESS
19503,1,UNUSUAL_LOCATION
19504,1,BULK_ACCESS
19505,1,UNUSUAL_LOCATION
19506,1,BULK_ACCESS
19507,1,UNUSUAL_TIME
19508,1,BULK_ACCESS
19509,1,BULK_ACCESS
19510,1,FAILED_ACCESS
19511,1,BULK_ACCESS
19512,1,BULK_ACCESS
19513,1,UNUSUAL_TIME
19514,1,BULK_ACCESS
19515,1,UNUSUAL_DEVICE
19516,1,UNUSUAL_TIME
19517,1,UNUSUAL_LOCATION
19518,1,BULK_ACCESS
19519,1,UNUSUAL_TIME
19520,1,UNUSUAL_LOCATION
19521,1,UNUSUAL_TIME
19522,1,UNUSUAL_TIME
19523,1,UNUSUAL_TIME
19524,1,UNUSUAL_LOCATION
19525,1,UNUSUAL_DEVICE
19526,1,UNUSUAL_DEVICE
19527,1,BULK_ACCESS
19528,1,BULK_ACCESS
19529,1,BULK_ACCESS
19530,1,UNUSUAL_LOCATION
19531,1,UNUSUAL_DEVICE
19532,1,FAILED_ACCESS
19533,1,UNUSUAL_LOCATION
19534,1,UNUSUAL_LOCATION
19535,1,FAILED_ACCESS
19536,1,FAILED_ACCESS
19537,1,UNUSUAL_LOCATION
19538,1,UNUSUAL_TIME
19539,1,UNUSUAL_TIME
19540,1,UNUSUAL_DEVICE
19541,1,UNUSUAL_LOCATION
19542,1,BULK_ACCESS
19543,1,UNUSUAL_TIME
19544,1,UNUSUAL_DEVICE
19545,1,FAILED_ACCESS
19546,1,FAILED_ACCESS
19547,1,UNUSUAL_TIME
19548,1,FAILED_ACCESS
19549,1,FAILED_ACCESS
19550,1,UNUSUAL_LOCATION
19551,1,BULK_ACCESS
19552,1,BULK_ACCESS
19553,1,UNUSUAL_TIME
19554,1,FAILED_ACCESS
19555,1,UNUSUAL_DEVICE
19556,1,FAILED_ACCESS
19557,1,UNUSUAL_TIME
19558,1,UNUSUAL_TIME
19559,1,UNUSUAL_DEVICE
19560,1,UNUSUAL_DEVICE
19561,1,UNUSUAL_LOCATION
19562,1,UNUSUAL_DEVICE
19563,1,UNUSUAL_LOCATION
19564,1,UNUSUAL_DEVICE
19565,1,UNUSUAL_DEVICE
19566,1,FAILED_ACCESS
19567,1,BULK_ACCESS
19568,1,UNUSUAL_LOCATION
19569,1,UNUSUAL_TIME
19570,1,UNUSUAL_TIME
19571,1,UNUSUAL_LOCATION
19572,1,BULK_ACCESS
19573,1,UNUSUAL_TIME
19574,1,UNUSUAL_DEVICE
19575,1,FAILED_ACCESS
19576,1,UNUSUAL_LOCATION
19577,1,UNUSUAL_TIME
19578,1,BULK_ACCESS
19579,1,UNUSUAL_LOCATION
19580,1,UNUSUAL_TIME
19581,1,UNUSUAL_DEVICE
19582,1,UNUSUAL_DEVICE
19583,1,UNUSUAL_TIME
19584,1,UNUSUAL_TIME
19585,1,BULK_ACCESS
19586,1,UNUSUAL_LOCATION
19587,1,BULK_ACCESS
19588,1,UNUSUAL_LOCATION
19589,1,UNUSUAL_DEVICE
19590,1,UNUSUAL_DEVICE
19591,1,UNUSUAL_TIME
19592,1,BULK_ACCESS
19593,1,FAILED_ACCESS
19594,1,FAILED_ACCESS
19595,1,FAILED_ACCESS
19596,1,BULK_ACCESS
19597,1,BULK_ACCESS
19598,1,UNUSUAL_TIME
19599,1,UNUSUAL_DEVICE
19600,1,UNUSUAL_TIME
19601,1,UNUSUAL_LOCATION
19602,1,BULK_ACCESS
19603,1,FAILED_ACCESS
19604,1,BULK_ACCESS
19605,1,FAILED_ACCESS
19606,1,BULK_ACCESS
19607,1,UNUSUAL_TIME
19608,1,FAILED_ACCESS
19609,1,FAILED_ACCESS
19610,1,UNUSUAL_DEVICE
19611,1,BULK_ACCESS
19612,1,BULK_ACCESS
19613,1,BULK_ACCESS
19614,1,UNUSUAL_LOCATION
19615,1,BULK_ACCESS
19616,1,FAILED_ACCESS
19617,1,FAILED_ACCESS
19618,1,BULK_ACCESS
19619,1,BULK_ACCESS
19620,1,UNUSUAL_DEVICE
19621,1,UNUSUAL_LOCATION
19622,1,UNUSUAL_TIME
19623,1,UNUSUAL_LOCATION
19624,1,UNUSUAL_DEVICE
19625,1,BULK_ACCESS
19626,1,UNUSUAL_TIME
19627,1,FAILED_ACCESS
19628,1,BULK_ACCESS
19629,1,UNUSUAL_LOCATION
19630,1,FAILED_ACCESS
19631,1,FAILED_ACCESS
19632,1,UNUSUAL_TIME
19633,1,FAILED_ACCESS
19634,1,UNUSUAL_DEVICE
19635,1,UNUSUAL_DEVICE
19636,1,FAILED_ACCESS
19637,1,FAILED_ACCESS
19638,1,BULK_ACCESS
19639,1,FAILED_ACCESS
19640,1,UNUSUAL_TIME
19641,1,UNUSUAL_LOCATION
19642,1,BULK_ACCESS
19643,1,FAILED_ACCESS
19644,1,BULK_ACCESS
19645,1,UNUSUAL_DEVICE
19646,1,BULK_ACCESS
19647,1,UNUSUAL_LOCATION
19648,1,UNUSUAL_TIME
19649,1,FAILED_ACCESS
19650,1,BULK_ACCESS
19651,1,UNUSUAL_TIME
19652,1,UNUSUAL_DEVICE
19653,1,UNUSUAL_TIME
19654,1,UNUSUAL_TIME
19655,1,BULK_ACCESS
19656,1,FAILED_ACCESS
19657,1,FAILED_ACCESS
19658,1,UNUSUAL_LOCATION
19659,1,UNUSUAL_TIME
19660,1,UNUSUAL_LOCATION
19661,1,UNUSUAL_TIME
19662,1,BULK_ACCESS
19663,1,BULK_ACCESS
19664,1,UNUSUAL_TIME
19665,1,UNUSUAL_DEVICE
19666,1,UNUSUAL_LOCATION
19667,1,UNUSUAL_LOCATION
19668,1,BULK_ACCESS
19669,1,BULK_ACCESS
19670,1,UNUSUAL_TIME
19671,1,BULK_ACCESS
19672,1,UNUSUAL_TIME
19673,1,BULK_ACCESS
19674,1,UNUSUAL_LOCATION
19675,1,UNUSUAL_TIME
19676,1,FAILED_ACCESS
19677,1,FAILED_ACCESS
19678,1,BULK_ACCESS
19679,1,FAILED_ACCESS
19680,1,UNUSUAL_DEVICE
19681,1,UNUSUAL_DEVICE
19682,1,UNUSUAL_TIME
19683,1,FAILED_ACCESS
19684,1,BULK_ACCESS
19685,1,UNUSUAL_LOCATION
19686,1,FAILED_ACCESS
19687,1,UNUSUAL_LOCATION
19688,1,UNUSUAL_LOCATION
19689,1,UNUSUAL_TIME
19690,1,BULK_ACCESS
19691,1,UNUSUAL_TIME
19692,1,FAILED_ACCESS
19693,1,BULK_ACCESS
19694,1,FAILED_ACCESS
19695,1,UNUSUAL_TIME
19696,1,FAILED_ACCESS
19697,1,BULK_ACCESS
19698,1,UNUSUAL_DEVICE
19699,1,UNUSUAL_LOCATION
19700,1,FAILED_ACCESS
19701,1,UNUSUAL_LOCATION
19702,1,BULK_ACCESS
19703,1,BULK_ACCESS
19704,1,FAILED_ACCESS
19705,1,BULK_ACCESS
19706,1,UNUSUAL_DEVICE
19707,1,UNUSUAL_TIME
19708,1,UNUSUAL_LOCATION
19709,1,BULK_ACCESS
19710,1,UNUSUAL_DEVICE
19711,1,UNUSUAL_TIME
19712,1,FAILED_ACCESS
19713,1,UNUSUAL_LOCATION
19714,1,BULK_ACCESS
19715,1,UNUSUAL_LOCATION
19716,1,UNUSUAL_TIME
19717,1,UNUSUAL_DEVICE
19718,1,UNUSUAL_DEVICE
19719,1,UNUSUAL_LOCATION
19720,1,BULK_ACCESS
19721,1,UNUSUAL_DEVICE
19722,1,UNUSUAL_TIME
19723,1,BULK_ACCESS
19724,1,BULK_ACCESS
19725,1,UNUSUAL_DEVICE
19726,1,UNUSUAL_TIME
19727,1,FAILED_ACCESS
19728,1,BULK_ACCESS
19729,1,FAILED_ACCESS
19730,1,BULK_ACCESS
19731,1,UNUSUAL_DEVICE
19732,1,UNUSUAL_DEVICE
19733,1,FAILED_ACCESS
19734,1,UNUSUAL_LOCATION
19735,1,UNUSUAL_LOCATION
19736,1,UNUSUAL_LOCATION
19737,1,UNUSUAL_TIME
19738,1,UNUSUAL_TIME
19739,1,BULK_ACCESS
19740,1,UNUSUAL_LOCATION
19741,1,FAILED_ACCESS
19742,1,UNUSUAL_TIME
19743,1,BULK_ACCESS
19744,1,BULK_ACCESS
19745,1,UNUSUAL_TIME
19746,1,BULK_ACCESS
19747,1,FAILED_ACCESS
19748,1,UNUSUAL_LOCATION
19749,1,UNUSUAL_TIME
19750,1,UNUSUAL_TIME
19751,1,FAILED_ACCESS
19752,1,BULK_ACCESS
19753,1,BULK_ACCESS
19754,1,UNUSUAL_TIME
19755,1,UNUSUAL_LOCATION
19756,1,FAILED_ACCESS
19757,1,BULK_ACCESS
19758,1,UNUSUAL_TIME
19759,1,UNUSUAL_DEVICE
19760,1,BULK_ACCESS
19761,1,UNUSUAL_LOCATION
19762,1,UNUSUAL_LOCATION
19763,1,UNUSUAL_DEVICE
19764,1,BULK_ACCESS
19765,1,BULK_ACCESS
19766,1,UNUSUAL_LOCATION
19767,1,UNUSUAL_TIME
19768,1,UNUSUAL_TIME
19769,1,UNUSUAL_TIME
19770,1,UNUSUAL_LOCATION
19771,1,UNUSUAL_TIME
19772,1,FAILED_ACCESS
19773,1,UNUSUAL_TIME
19774,1,UNUSUAL_DEVICE
19775,1,FAILED_ACCESS
19776,1,UNUSUAL_TIME
19777,1,FAILED_ACCESS
19778,1,UNUSUAL_DEVICE
19779,1,FAILED_ACCESS
19780,1,FAILED_ACCESS
19781,1,FAILED_ACCESS
19782,1,BULK_ACCESS
19783,1,UNUSUAL_DEVICE
19784,1,BULK_ACCESS
19785,1,FAILED_ACCESS
19786,1,UNUSUAL_DEVICE
19787,1,UNUSUAL_TIME
19788,1,UNUSUAL_TIME
19789,1,UNUSUAL_LOCATION
19790,1,UNUSUAL_LOCATION
19791,1,UNUSUAL_TIME
19792,1,FAILED_ACCESS
19793,1,FAILED_ACCESS
19794,1,UNUSUAL_LOCATION
19795,1,UNUSUAL_TIME
19796,1,UNUSUAL_TIME
19797,1,BULK_ACCESS
19798,1,FAILED_ACCESS
19799,1,UNUSUAL_TIME
19800,1,FAILED_ACCESS
19801,1,UNUSUAL_DEVICE
19802,1,UNUSUAL_DEVICE
19803,1,BULK_ACCESS
19804,1,FAILED_ACCESS
19805,1,UNUSUAL_TIME
19806,1,FAILED_ACCESS
19807,1,FAILED_ACCESS
19808,1,UNUSUAL_DEVICE
19809,1,UNUSUAL_DEVICE
19810,1,BULK_ACCESS
19811,1,UNUSUAL_TIME
19812,1,UNUSUAL_DEVICE
19813,1,FAILED_ACCESS
19814,1,UNUSUAL_TIME
19815,1,UNUSUAL_TIME
19816,1,FAILED_ACCESS
19817,1,UNUSUAL_TIME
19818,1,UNUSUAL_TIME
19819,1,FAILED_ACCESS
19820,1,FAILED_ACCESS
19821,1,UNUSUAL_DEVICE
19822,1,UNUSUAL_DEVICE
19823,1,FAILED_ACCESS
19824,1,UNUSUAL_LOCATION
19825,1,UNUSUAL_LOCATION
19826,1,UNUSUAL_DEVICE
19827,1,FAILED_ACCESS
19828,1,UNUSUAL_LOCATION
19829,1,UNUSUAL_TIME
19830,1,UNUSUAL_LOCATION
19831,1,UNUSUAL_TIME
19832,1,UNUSUAL_TIME
19833,1,BULK_ACCESS
19834,1,UNUSUAL_TIME
19835,1,BULK_ACCESS
19836,1,BULK_ACCESS
19837,1,UNUSUAL_TIME
19838,1,FAILED_ACCESS
19839,1,UNUSUAL_DEVICE
19840,1,UNUSUAL_DEVICE
19841,1,UNUSUAL_LOCATION
19842,1,FAILED_ACCESS
19843,1,UNUSUAL_DEVICE
19844,1,UNUSUAL_TIME
19845,1,BULK_ACCESS
19846,1,UNUSUAL_DEVICE
19847,1,UNUSUAL_LOCATION
19848,1,UNUSUAL_DEVICE
19849,1,UNUSUAL_LOCATION
19850,1,BULK_ACCESS
19851,1,UNUSUAL_LOCATION
19852,1,UNUSUAL_LOCATION
19853,1,FAILED_ACCESS
19854,1,BULK_ACCESS
19855,1,BULK_ACCESS
19856,1,FAILED_ACCESS
19857,1,FAILED_ACCESS
19858,1,UNUSUAL_LOCATION
19859,1,BULK_ACCESS
19860,1,UNUSUAL_DEVICE
19861,1,UNUSUAL_TIME
19862,1,BULK_ACCESS
19863,1,FAILED_ACCESS
19864,1,FAILED_ACCESS
19865,1,FAILED_ACCESS
19866,1,UNUSUAL_LOCATION
19867,1,UNUSUAL_TIME
19868,1,UNUSUAL_DEVICE
19869,1,UNUSUAL_TIME
19870,1,FAILED_ACCESS
19871,1,UNUSUAL_DEVICE
19872,1,UNUSUAL_DEVICE
19873,1,UNUSUAL_LOCATION
19874,1,UNUSUAL_LOCATION
19875,1,UNUSUAL_DEVICE
19876,1,UNUSUAL_DEVICE
19877,1,BULK_ACCESS
19878,1,BULK_ACCESS
19879,1,UNUSUAL_LOCATION
19880,1,FAILED_ACCESS
19881,1,BULK_ACCESS
19882,1,UNUSUAL_TIME
19883,1,BULK_ACCESS
19884,1,BULK_ACCESS
19885,1,UNUSUAL_DEVICE
19886,1,UNUSUAL_DEVICE
19887,1,FAILED_ACCESS
19888,1,UNUSUAL_TIME
19889,1,FAILED_ACCESS
19890,1,UNUSUAL_TIME
19891,1,UNUSUAL_DEVICE
19892,1,UNUSUAL_LOCATION
19893,1,BULK_ACCESS
19894,1,FAILED_ACCESS
19895,1,UNUSUAL_LOCATION
19896,1,UNUSUAL_DEVICE
19897,1,UNUSUAL_TIME
19898,1,BULK_ACCESS
19899,1,UNUSUAL_LOCATION
19900,1,FAILED_ACCESS
19901,1,UNUSUAL_DEVICE
19902,1,FAILED_ACCESS
19903,1,UNUSUAL_TIME
19904,1,FAILED_ACCESS
19905,1,BULK_ACCESS
19906,1,UNUSUAL_LOCATION
19907,1,UNUSUAL_DEVICE
19908,1,FAILED_ACCESS
19909,1,UNUSUAL_TIME
19910,1,BULK_ACCESS
19911,1,FAILED_ACCESS
19912,1,BULK_ACCESS
19913,1,BULK_ACCESS
19914,1,UNUSUAL_TIME
19915,1,BULK_ACCESS
19916,1,UNUSUAL_LOCATION
19917,1,UNUSUAL_LOCATION
19918,1,UNUSUAL_LOCATION
19919,1,UNUSUAL_DEVICE
19920,1,FAILED_ACCESS
19921,1,UNUSUAL_TIME
19922,1,FAILED_ACCESS
19923,1,UNUSUAL_LOCATION
19924,1,UNUSUAL_DEVICE
19925,1,UNUSUAL_DEVICE
19926,1,UNUSUAL_LOCATION
19927,1,UNUSUAL_LOCATION
19928,1,UNUSUAL_TIME
19929,1,UNUSUAL_TIME
19930,1,UNUSUAL_TIME
19931,1,UNUSUAL_DEVICE
19932,1,UNUSUAL_LOCATION
19933,1,UNUSUAL_LOCATION
19934,1,UNUSUAL_TIME
19935,1,UNUSUAL_TIME
19936,1,UNUSUAL_DEVICE
19937,1,UNUSUAL_TIME
19938,1,UNUSUAL_LOCATION
19939,1,UNUSUAL_LOCATION
19940,1,UNUSUAL_DEVICE
19941,1,FAILED_ACCESS
19942,1,BULK_ACCESS
19943,1,UNUSUAL_TIME
19944,1,UNUSUAL_TIME
19945,1,FAILED_ACCESS
19946,1,UNUSUAL_TIME
19947,1,BULK_ACCESS
19948,1,UNUSUAL_TIME
19949,1,UNUSUAL_TIME
19950,1,FAILED_ACCESS
19951,1,UNUSUAL_TIME
19952,1,FAILED_ACCESS
19953,1,FAILED_ACCESS
19954,1,UNUSUAL_TIME
19955,1,UNUSUAL_LOCATION
19956,1,UNUSUAL_DEVICE
19957,1,BULK_ACCESS
19958,1,BULK_ACCESS
19959,1,UNUSUAL_TIME
19960,1,FAILED_ACCESS
19961,1,FAILED_ACCESS
19962,1,BULK_ACCESS
19963,1,FAILED_ACCESS
19964,1,FAILED_ACCESS
19965,1,BULK_ACCESS
19966,1,UNUSUAL_LOCATION
19967,1,UNUSUAL_TIME
19968,1,UNUSUAL_TIME
19969,1,UNUSUAL_TIME
19970,1,UNUSUAL_LOCATION
19971,1,FAILED_ACCESS
19972,1,UNUSUAL_LOCATION
19973,1,UNUSUAL_TIME
19974,1,UNUSUAL_LOCATION
19975,1,BULK_ACCESS
19976,1,UNUSUAL_TIME
19977,1,UNUSUAL_DEVICE
19978,1,UNUSUAL_LOCATION
19979,1,UNUSUAL_LOCATION
19980,1,UNUSUAL_DEVICE
19981,1,FAILED_ACCESS
19982,1,UNUSUAL_TIME
19983,1,UNUSUAL_TIME
19984,1,UNUSUAL_TIME
19985,1,UNUSUAL_DEVICE
19986,1,FAILED_ACCESS
19987,1,BULK_ACCESS
19988,1,UNUSUAL_LOCATION
19989,1,FAILED_ACCESS
19990,1,FAILED_ACCESS
19991,1,UNUSUAL_LOCATION
19992,1,UNUSUAL_TIME
19993,1,FAILED_ACCESS
19994,1,UNUSUAL_LOCATION
19995,1,UNUSUAL_LOCATION
19996,1,UNUSUAL_LOCATION
19997,1,FAILED_ACCESS
19998,1,BULK_ACCESS
19999,1,BULK_ACCESS
20000,1,BULK_ACCESS
