customer_id,name,email,phone,date_of_birth,address,city,pan_number,account_number,income
C000001,Devika Rastogi,customer000001@novafin.example,7871331509,1960-08-15,"03/105, Varkey Zila, Alwar 382997",Hyderabad,SIMU000001,AC0000000001,87916.87
C000002,Urvashi Ray,customer000002@novafin.example,1165667010,1962-07-23,"72/62, Shere Road, Aurangabad-810801",Pune,SIMU000002,AC0000000002,443410.48
C000003,Ojas Ray,customer000003@novafin.example,7360260647,1990-09-04,"430, Bhat, Howrah-978820",Chennai,SIMU000003,AC0000000003,200525.37
C000004,Quincy Biswas,customer000004@novafin.example,3619399091,1981-03-18,"534, Deep Marg, Berhampore 107991",Delhi,SIMU000004,AC0000000004,233137.67
C000005,Tanay Toor,customer000005@novafin.example,2513542784,1991-01-31,"411, Dugal Circle, Ichalkaranji 534874",Hyderabad,SIMU000005,AC0000000005,315546.94
C000006,George Sampath,customer000006@novafin.example,0052427868,2005-09-24,"H.No. 98, Sani Street, Kalyan-Dombivli-505331",Bangalore,SIMU000006,AC0000000006,342235.02
C000007,Niharika Dubey,customer000007@novafin.example,2260256342,2004-01-24,"754, Kapoor Ganj, Nellore-541458",Hyderabad,SIMU000007,AC0000000007,467584.12
C000008,Garima Bala,customer000008@novafin.example,4294019655,1953-07-04,"H.No. 06, Venkatesh Nagar, Bharatpur-159514",Mumbai,SIMU000008,AC0000000008,470991.75
C000009,Nilima Narain,customer000009@novafin.example,4823662994,1966-04-25,"99, Shroff Path, Mango 872148",Delhi,SIMU000009,AC0000000009,150621.31
C000010,Girik Keer,customer000010@novafin.example,3320037917,1994-07-09,"32, Chhabra Nagar, Muzaffarnagar-870831",Mumbai,SIMU000010,AC0000000010,377647.92
C000011,Kiaan Shetty,customer000011@novafin.example,7986872774,1978-08-12,"14, Magar Ganj, Imphal-223623",Delhi,SIMU000011,AC0000000011,154365.4
C000012,Oeshi Reddy,customer000012@novafin.example,8760366909,1969-07-29,"88, Kannan, Muzaffarnagar 670656",Chennai,SIMU000012,AC0000000012,365865.79
C000013,Unni Datta,customer000013@novafin.example,6990162720,1960-01-15,"H.No. 64, Krishnan Marg, Nandyal-805310",Chennai,SIMU000013,AC0000000013,351561.14
C000014,Yug Iyengar,customer000014@novafin.example,9232719374,1986-12-17,"H.No. 19, Muni Nagar, Sikar 193149",Hyderabad,SIMU000014,AC0000000014,265069.3
C000015,Benjamin Palan,customer000015@novafin.example,5185067165,1957-08-15,"69, Naidu Road, Chandigarh 737996",Hyderabad,SIMU000015,AC0000000015,455034.83
C000016,Ayush Talwar,customer000016@novafin.example,2735454948,1951-06-18,"83, Swaminathan Chowk, Pune-436349",Bangalore,SIMU000016,AC0000000016,68841.77
C000017,Urvashi Wali,customer000017@novafin.example,6855744431,1996-03-10,"749, Mandal Circle, Jammu-352408",Kolkata,SIMU000017,AC0000000017,418940.34
C000018,Anusha Bath,customer000018@novafin.example,8427109477,1949-02-17,"H.No. 167, Bera Zila, Jalgaon 131869",Bangalore,SIMU000018,AC0000000018,26684.2
C000019,Lajita Seshadri,customer000019@novafin.example,4964990913,1956-04-28,"12/06, Singhal Chowk, Patna-447134",Delhi,SIMU000019,AC0000000019,327628.85
C000020,Pavani Contractor,customer000020@novafin.example,2421024994,1992-07-02,"H.No. 88, Sarma Chowk, Khora  659401",Hyderabad,SIMU000020,AC0000000020,101751.44
C000021,Ansh Luthra,customer000021@novafin.example,2787429671,1968-04-26,"567, Rattan Road, Malda 545168",Ahmedabad,SIMU000021,AC0000000021,287048.2
C000022,Turvi Sachdev,customer000022@novafin.example,3859770348,2005-07-30,"H.No. 932, Atwal Road, Tiruchirappalli-171274",Kolkata,SIMU000022,AC0000000022,291430.76
C000023,Ojasvi Subramanian,customer000023@novafin.example,3782639821,1999-03-29,"H.No. 49, Suri, Amroha 558867",Mumbai,SIMU000023,AC0000000023,60740.83
C000024,Ranbir Khare,customer000024@novafin.example,3605766270,1968-03-24,"H.No. 870, Rout Street, Aurangabad 459615",Delhi,SIMU000024,AC0000000024,284155.39
C000025,Edhitha Sura,customer000025@novafin.example,9134316117,1948-10-07,"H.No. 55, Dhingra Marg, Bettiah 922219",Pune,SIMU000025,AC0000000025,301692.04
C000026,Wridesh Tank,customer000026@novafin.example,3747407482,1985-08-15,"47/436, Chhabra Chowk, Eluru 944064",Delhi,SIMU000026,AC0000000026,229148.69
C000027,Chandran Taneja,customer000027@novafin.example,3953394210,1985-01-28,"H.No. 456, Iyer Street, Panvel 884247",Bangalore,SIMU000027,AC0000000027,171422.72
C000028,Hamsini Contractor,customer000028@novafin.example,1236851604,1970-09-20,"51/370, Narang, Rajkot 461200",Bangalore,SIMU000028,AC0000000028,451989.2
C000029,Waida D’Alia,customer000029@novafin.example,3826758692,1987-07-14,"H.No. 537, Keer Chowk, Navi Mumbai-850643",Chennai,SIMU000029,AC0000000029,348981.68
C000030,Suhani Chand,customer000030@novafin.example,9005329318,2000-12-18,"904, De Street, Akola-020539",Mumbai,SIMU000030,AC0000000030,192997.35
C000031,Amol Ghosh,customer000031@novafin.example,0268117758,1979-12-03,"84/700, Ratti Chowk, Moradabad-711592",Kolkata,SIMU000031,AC0000000031,487572.59
C000032,Jonathan Maharaj,customer000032@novafin.example,6984789611,1976-05-13,"H.No. 76, Chandran Marg, Purnia-452711",Delhi,SIMU000032,AC0000000032,464737.82
C000033,Girik Sankaran,customer000033@novafin.example,5280988516,1965-03-18,"H.No. 983, Subramaniam Street, Moradabad 851493",Chennai,SIMU000033,AC0000000033,435687.71
C000034,Atharv Loke,customer000034@novafin.example,2445502296,1951-11-18,"75, Pingle Street, Anantapur-022901",Delhi,SIMU000034,AC0000000034,443672.7
C000035,Saanvi Samra,customer000035@novafin.example,9764381561,1981-06-30,"690, Jayaraman Nagar, Rajpur Sonarpur 445107",Bangalore,SIMU000035,AC0000000035,110196.32
C000036,Parth Dayal,customer000036@novafin.example,8388516060,1984-10-25,"64/160, Garg Path, Mirzapur-613696",Pune,SIMU000036,AC0000000036,396633.59
C000037,Meghana Mukherjee,customer000037@novafin.example,3521818835,1952-08-19,"292, Goel Zila, Madhyamgram-995527",Kolkata,SIMU000037,AC0000000037,406061.69
C000038,Upasna Sathe,customer000038@novafin.example,4905814770,1950-11-10,"98, Sengupta Nagar, Pondicherry 820715",Chennai,SIMU000038,AC0000000038,151732.71
C000039,Yamini Gera,customer000039@novafin.example,3778892554,1991-11-02,"H.No. 518, Mander Marg, Madanapalle 519254",Mumbai,SIMU000039,AC0000000039,206707.32
C000040,Kai Chad,customer000040@novafin.example,8652816850,1960-03-18,"322, Merchant Zila, Guna 592962",Bangalore,SIMU000040,AC0000000040,432831.79
C000041,Pratyush Gandhi,customer000041@novafin.example,0653794738,2007-02-25,"97/746, Wable Circle, Nanded-924075",Chennai,SIMU000041,AC0000000041,119797.09
C000042,Zaitra Dash,customer000042@novafin.example,1247826137,1949-04-05,"615, Bala Ganj, Navi Mumbai-220472",Ahmedabad,SIMU000042,AC0000000042,191087.75
C000043,Saumya Ahluwalia,customer000043@novafin.example,0432898614,1948-11-19,"97/117, Wason, Kottayam-246095",Chennai,SIMU000043,AC0000000043,130888.68
C000044,Omaja Grover,customer000044@novafin.example,8518888806,1971-01-15,"H.No. 15, Chawla Ganj, Guntur 585277",Chennai,SIMU000044,AC0000000044,214271.34
C000045,Krishna Bhatnagar,customer000045@novafin.example,0430305486,1948-02-17,"H.No. 05, Dash Road, Junagadh-765277",Hyderabad,SIMU000045,AC0000000045,435567.65
C000046,Zilmil Loke,customer000046@novafin.example,6169284511,1975-12-25,"75/705, Saran, Howrah-658202",Hyderabad,SIMU000046,AC0000000046,191794.41
C000047,Bakhshi Date,customer000047@novafin.example,3556909275,1984-09-09,"54, Comar Ganj, Gaya-868144",Kolkata,SIMU000047,AC0000000047,347771.11
C000048,Tanish Mangal,customer000048@novafin.example,3121727155,1965-05-24,"25/831, Dewan Ganj, Kumbakonam 589578",Pune,SIMU000048,AC0000000048,471137.64
C000049,Gabriel Bhatti,customer000049@novafin.example,6786691251,1969-01-29,"680, Vasa Zila, Avadi-253584",Mumbai,SIMU000049,AC0000000049,441593.25
C000050,Zashil Hegde,customer000050@novafin.example,2498182992,1968-08-11,"H.No. 094, Saha Ganj, Mehsana 473647",Hyderabad,SIMU000050,AC0000000050,109819.71
C000051,Darpan Dugar,customer000051@novafin.example,6773592555,1980-09-05,"714, Kota Chowk, Jalandhar 469632",Hyderabad,SIMU000051,AC0000000051,43172.17
C000052,Dhriti Gupta,customer000052@novafin.example,7877470168,1985-05-02,"H.No. 479, Mangal Chowk, Moradabad 245650",Kolkata,SIMU000052,AC0000000052,189201.38
C000053,Charan Hayer,customer000053@novafin.example,8416878499,1972-06-10,"52/39, Ratti Circle, Ranchi 257872",Pune,SIMU000053,AC0000000053,232287.09
C000054,Falak Nagar,customer000054@novafin.example,6949588879,1970-09-14,"94, Som Nagar, Adoni 097289",Mumbai,SIMU000054,AC0000000054,207967.83
C000055,Manbir Kibe,customer000055@novafin.example,9130756263,2008-04-11,"28/385, Vora Chowk, Satara-785854",Chennai,SIMU000055,AC0000000055,145993.19
C000056,Rehaan Koshy,customer000056@novafin.example,8434437575,1953-12-06,"H.No. 24, Mani Nagar, Sri Ganganagar-473384",Kolkata,SIMU000056,AC0000000056,25803.36
C000057,Laksh Chopra,customer000057@novafin.example,3083301657,1983-02-02,"77/345, Bhargava Road, Chapra-802620",Chennai,SIMU000057,AC0000000057,198005.2
C000058,Warhi Grewal,customer000058@novafin.example,0049915478,2003-07-21,"152, Kurian Chowk, Kanpur-493296",Mumbai,SIMU000058,AC0000000058,475715.38
C000059,Yutika Narang,customer000059@novafin.example,6122753046,1968-01-25,"H.No. 53, Dani Nagar, Aizawl 684145",Pune,SIMU000059,AC0000000059,320998.82
C000060,Theodore Deol,customer000060@novafin.example,2795687833,1976-01-14,"10/88, Yadav Ganj, Dehradun 871397",Mumbai,SIMU000060,AC0000000060,366883.27
C000061,Yashvi Sehgal,customer000061@novafin.example,7286790874,2001-03-13,"10/65, Bhasin Zila, Chittoor 462265",Hyderabad,SIMU000061,AC0000000061,265883.19
C000062,Saumya Purohit,customer000062@novafin.example,1825128682,1965-12-09,"63/37, Dubey Path, Maheshtala-069033",Kolkata,SIMU000062,AC0000000062,179936.88
C000063,Harrison Bandi,customer000063@novafin.example,9030673830,1961-07-28,"428, Sachdev Ganj, Panipat 892687",Hyderabad,SIMU000063,AC0000000063,288345.93
C000064,Hemangini Raj,customer000064@novafin.example,6624628733,2007-11-20,"88, Rama Street, Rohtak 517518",Chennai,SIMU000064,AC0000000064,224712.01
C000065,Charan Loyal,customer000065@novafin.example,9901398373,1960-01-19,"73/936, Nagy Ganj, Nadiad-854458",Kolkata,SIMU000065,AC0000000065,346726.02
C000066,Unnati Chaudhari,customer000066@novafin.example,5355609320,1985-01-17,"353, Korpal Marg, Jamalpur-477725",Delhi,SIMU000066,AC0000000066,317369.59
C000067,Logan Suresh,customer000067@novafin.example,8080100623,1960-07-09,"H.No. 997, Babu Chowk, Katihar-008484",Hyderabad,SIMU000067,AC0000000067,217885.71
C000068,Yadavi Sani,customer000068@novafin.example,1182339845,1971-01-09,"33/41, Chander Nagar, Nadiad-870021",Bangalore,SIMU000068,AC0000000068,169340.6
C000069,Radha Narula,customer000069@novafin.example,8033974014,1957-11-03,"926, Mistry Zila, Phusro 968562",Chennai,SIMU000069,AC0000000069,229196.87
C000070,Xiti Pal,customer000070@novafin.example,1631599965,1979-01-09,"66/29, Chada Marg, Shahjahanpur-142626",Pune,SIMU000070,AC0000000070,245869.39
C000071,Jalsa Chhabra,customer000071@novafin.example,0475412126,1980-07-04,"H.No. 158, Nair Zila, Ahmedabad-661839",Ahmedabad,SIMU000071,AC0000000071,345922.94
C000072,Lajita Gara,customer000072@novafin.example,4447212646,1970-03-18,"79/937, Deshmukh Zila, Chennai 596575",Ahmedabad,SIMU000072,AC0000000072,402024.31
C000073,Laban Mital,customer000073@novafin.example,9375265479,1964-09-16,"H.No. 939, Gole Circle, Surendranagar Dudhrej-741672",Delhi,SIMU000073,AC0000000073,337954.1
C000074,Wyatt Krishnan,customer000074@novafin.example,6617979688,1999-06-12,"H.No. 352, Basu, Bathinda 101438",Hyderabad,SIMU000074,AC0000000074,269839.7
C000075,Sanaya Prasad,customer000075@novafin.example,7982507146,1969-05-04,"38, Pall Chowk, Jalandhar 751401",Pune,SIMU000075,AC0000000075,69358.92
C000076,Hemal Chopra,customer000076@novafin.example,3828258673,1989-03-22,"H.No. 937, Sanghvi, Kolkata-341918",Chennai,SIMU000076,AC0000000076,344577.94
C000077,Jasmit Nanda,customer000077@novafin.example,7147859696,1969-08-03,"49/912, Dalal Path, Farrukhabad-252866",Chennai,SIMU000077,AC0000000077,408117.37
C000078,Leela Sampath,customer000078@novafin.example,7828274225,2004-07-14,"23, Tiwari Marg, Alappuzha 677219",Delhi,SIMU000078,AC0000000078,36602.06
C000079,Thomas Master,customer000079@novafin.example,4384279788,1963-11-13,"78/361, Mishra Ganj, Hospet 517133",Chennai,SIMU000079,AC0000000079,492369.61
C000080,Priya Gandhi,customer000080@novafin.example,3309584982,1984-08-11,"604, Deo Street, Ulhasnagar 367294",Mumbai,SIMU000080,AC0000000080,241322.68
C000081,Keya Seth,customer000081@novafin.example,1684577590,2003-06-27,"637, Naidu Road, Naihati 975001",Chennai,SIMU000081,AC0000000081,366214.31
C000082,Amol Dash,customer000082@novafin.example,7706324241,1970-12-10,"43, Chand Marg, Mumbai-712938",Kolkata,SIMU000082,AC0000000082,259829.16
C000083,Aditya Anand,customer000083@novafin.example,1627136111,1954-12-20,"21/890, Gala, Etawah-269731",Chennai,SIMU000083,AC0000000083,95096.39
C000084,Logan Dasgupta,customer000084@novafin.example,5652341389,1998-08-24,"898, Ramanathan Ganj, Meerut 761379",Bangalore,SIMU000084,AC0000000084,449013.42
C000085,Advik Patel,customer000085@novafin.example,2696582710,1963-06-24,"H.No. 684, Sagar Circle, Rewa-889241",Mumbai,SIMU000085,AC0000000085,394749.69
C000086,Farhan Vaidya,customer000086@novafin.example,2856914630,1953-07-12,"H.No. 21, Devan Nagar, Ujjain-588425",Chennai,SIMU000086,AC0000000086,108546.17
C000087,Amruta Dalal,customer000087@novafin.example,5648149177,1979-08-20,"419, Kari Zila, Varanasi-307562",Ahmedabad,SIMU000087,AC0000000087,48853.73
C000088,Balendra Saini,customer000088@novafin.example,5365419518,2000-05-15,"H.No. 744, Chadha Path, Bangalore 349493",Chennai,SIMU000088,AC0000000088,460798.26
C000089,Jyoti Tak,customer000089@novafin.example,8320603850,2003-05-31,"836, Bhasin Chowk, Parbhani 038657",Mumbai,SIMU000089,AC0000000089,241819.37
C000090,Girish Tiwari,customer000090@novafin.example,6199062344,1967-04-13,"132, Chopra, Aligarh-775618",Ahmedabad,SIMU000090,AC0000000090,342099.42
C000091,Sarthak Seth,customer000091@novafin.example,7411249035,1969-11-05,"44/206, Krish Chowk, Surendranagar Dudhrej-210032",Pune,SIMU000091,AC0000000091,476268.81
C000092,Nandini Pradhan,customer000092@novafin.example,9941013721,1977-01-03,"66/70, Sandhu Marg, Raichur 244720",Ahmedabad,SIMU000092,AC0000000092,316009.85
C000093,Chakrika Tara,customer000093@novafin.example,8701462638,1971-09-01,"75/98, Rama Path, Bokaro 593040",Kolkata,SIMU000093,AC0000000093,419520.36
C000094,Ishita Kaul,customer000094@novafin.example,1334803965,1985-12-16,"05/99, Guha Street, Hosur 270103",Ahmedabad,SIMU000094,AC0000000094,451173.85
C000095,Anmol Vyas,customer000095@novafin.example,0593252500,1998-05-01,"H.No. 569, Nayar Zila, North Dumdum 267528",Ahmedabad,SIMU000095,AC0000000095,238783.13
C000096,Udant Gill,customer000096@novafin.example,4422096902,1960-09-01,"513, Nagarajan Path, Hubli–Dharwad 704331",Chennai,SIMU000096,AC0000000096,423934.87
C000097,Aahana Chokshi,customer000097@novafin.example,0676267658,1999-04-23,"10, Bahri Road, Bhilwara-152621",Hyderabad,SIMU000097,AC0000000097,388761.5
C000098,Hamsini Subramanian,customer000098@novafin.example,6296201533,1963-09-09,"106, Swaminathan, Meerut 061497",Ahmedabad,SIMU000098,AC0000000098,322705.51
C000099,Gunbir Bal,customer000099@novafin.example,2417146774,1958-03-21,"H.No. 27, Lall Nagar, Kirari Suleman Nagar 349021",Hyderabad,SIMU000099,AC0000000099,233939.48
C000100,Hemangini Sachdev,customer000100@novafin.example,8068687937,2007-01-26,"H.No. 722, Hans Ganj, Kalyan-Dombivli 163294",Hyderabad,SIMU000100,AC0000000100,136384.45
C000101,Ekalinga Chahal,customer000101@novafin.example,8685487099,1973-11-03,"99/11, Chaudhuri, Jorhat-646799",Pune,SIMU000101,AC0000000101,176862.04
C000102,Baljiwan Gera,customer000102@novafin.example,6299606530,1947-01-05,"H.No. 47, Kari Zila, Dewas 546913",Mumbai,SIMU000102,AC0000000102,90727.68
C000103,Siddharth Ray,customer000103@novafin.example,8508214862,1957-06-17,"H.No. 307, Patel Nagar, Panipat-786103",Chennai,SIMU000103,AC0000000103,206941.76
C000104,Vrinda Sehgal,customer000104@novafin.example,7985524140,2003-09-27,"33/468, Andra Nagar, Mira-Bhayandar-903494",Delhi,SIMU000104,AC0000000104,360549.09
C000105,Pallavi Puri,customer000105@novafin.example,7437489691,1983-11-05,"17/154, Malhotra Path, Bihar Sharif 283096",Mumbai,SIMU000105,AC0000000105,222062.25
C000106,Logan Bal,customer000106@novafin.example,4466609935,2007-04-29,"824, Sinha Zila, Rampur 513534",Pune,SIMU000106,AC0000000106,282740.29
C000107,Garima Prabhu,customer000107@novafin.example,9471709991,1953-10-16,"02, Iyer Street, Alappuzha-252175",Kolkata,SIMU000107,AC0000000107,54576.21
C000108,Dhriti Bhardwaj,customer000108@novafin.example,7432927129,1974-10-31,"H.No. 083, Atwal Path, Bettiah-003354",Kolkata,SIMU000108,AC0000000108,210001.49
C000109,Harshil Rajagopal,customer000109@novafin.example,2104478985,2006-12-23,"260, Kapur Ganj, Rajpur Sonarpur-982150",Bangalore,SIMU000109,AC0000000109,431947.72
C000110,Aadhya Warrior,customer000110@novafin.example,9010016761,1993-05-26,"04/618, Devan Road, Vasai-Virar-411739",Kolkata,SIMU000110,AC0000000110,251565.37
C000111,Adya Virk,customer000111@novafin.example,5642087375,1991-05-05,"72/18, Chaudhuri Zila, Ahmednagar 447012",Pune,SIMU000111,AC0000000111,166841.01
C000112,Bina Parsa,customer000112@novafin.example,6110022557,1970-12-29,"H.No. 667, Rajan Road, Bidar 120216",Kolkata,SIMU000112,AC0000000112,430387.78
C000113,Raksha Golla,customer000113@novafin.example,5902771670,1946-06-24,"89/16, Subramaniam Ganj, Kharagpur-890028",Kolkata,SIMU000113,AC0000000113,280654.77
C000114,Warhi Gandhi,customer000114@novafin.example,7535408386,1976-11-16,"H.No. 775, Tank Zila, Kota-608801",Chennai,SIMU000114,AC0000000114,256909.0
C000115,Yashoda Jhaveri,customer000115@novafin.example,5503758997,1952-04-07,"H.No. 54, Vig Circle, Aligarh-272614",Hyderabad,SIMU000115,AC0000000115,232022.09
C000116,Raghav Dara,customer000116@novafin.example,3735160917,1954-10-19,"08/69, Trivedi Chowk, Adoni-216995",Bangalore,SIMU000116,AC0000000116,209707.17
C000117,Omya Kothari,customer000117@novafin.example,6547226984,1988-09-06,"945, Gokhale Street, Bhiwandi-879968",Kolkata,SIMU000117,AC0000000117,368986.15
C000118,Pahal Arya,customer000118@novafin.example,0620034244,1959-07-09,"19, Kapur Circle, Patiala 066658",Ahmedabad,SIMU000118,AC0000000118,461782.27
C000119,Agastya Krishnamurthy,customer000119@novafin.example,9735989334,1958-05-12,"06, Lalla Road, Nanded-057202",Bangalore,SIMU000119,AC0000000119,455791.21
C000120,Charan Mitra,customer000120@novafin.example,9851583281,1982-08-05,"H.No. 33, Narula Path, Durg-987801",Bangalore,SIMU000120,AC0000000120,64875.04
C000121,Sanaya Khosla,customer000121@novafin.example,0561648408,1975-12-16,"H.No. 35, Butala Circle, Rourkela-133613",Kolkata,SIMU000121,AC0000000121,89457.26
C000122,Ekbal Dube,customer000122@novafin.example,7501102481,1973-05-17,"66/506, Warrior Zila, Tadipatri-901581",Ahmedabad,SIMU000122,AC0000000122,111321.29
C000123,Charvi Chadha,customer000123@novafin.example,7660728326,1965-12-02,"82/10, Ramesh Nagar, Farrukhabad 536822",Hyderabad,SIMU000123,AC0000000123,205074.34
C000124,Timothy Krishnan,customer000124@novafin.example,1290878141,1995-01-05,"H.No. 23, Mane Zila, Jammu-775949",Chennai,SIMU000124,AC0000000124,240982.18
C000125,Janya Mutti,customer000125@novafin.example,2053364525,1970-01-18,"12/91, Dey Road, Firozabad 108099",Pune,SIMU000125,AC0000000125,386584.11
C000126,Simon Bansal,customer000126@novafin.example,8872563942,1951-10-19,"03/92, Dey Circle, Kozhikode-992750",Kolkata,SIMU000126,AC0000000126,157171.89
C000127,Vinaya Kata,customer000127@novafin.example,4530385677,1952-08-29,"89/26, Pau Marg, Hazaribagh 638655",Kolkata,SIMU000127,AC0000000127,144828.98
C000128,Vasatika Ahuja,customer000128@novafin.example,7231843222,1990-08-16,"H.No. 17, Srinivas Chowk, Gudivada-603029",Mumbai,SIMU000128,AC0000000128,248395.75
C000129,Krish Vala,customer000129@novafin.example,9202428699,1960-05-17,"23, Dhar Marg, Sasaram-257991",Bangalore,SIMU000129,AC0000000129,499956.22
C000130,Kritika Rajan,customer000130@novafin.example,1038862912,1948-04-17,"29, Agarwal Circle, Nagaon 508637",Pune,SIMU000130,AC0000000130,131505.53
C000131,Inaya Chaudhari,customer000131@novafin.example,2473149864,1984-12-19,"35, Pathak Marg, Bhatpara 944869",Mumbai,SIMU000131,AC0000000131,396085.7
C000132,Anya Ranganathan,customer000132@novafin.example,6887258874,1998-04-27,"13/721, Trivedi Ganj, Sonipat-260127",Bangalore,SIMU000132,AC0000000132,383260.77
C000133,Gaurang Bhatt,customer000133@novafin.example,3519066984,1989-03-17,"H.No. 384, Bandi Ganj, Srikakulam-053021",Chennai,SIMU000133,AC0000000133,119696.32
C000134,Mugdha Pandit,customer000134@novafin.example,6938011848,2001-02-17,"37/69, Lal Nagar, Vellore 818451",Bangalore,SIMU000134,AC0000000134,320134.44
C000135,Zashil Savant,customer000135@novafin.example,9735779071,1988-10-03,"H.No. 65, Wason Circle, Firozabad-416518",Chennai,SIMU000135,AC0000000135,84954.96
C000136,Vamakshi Murthy,customer000136@novafin.example,3942373334,2002-06-15,"111, Ahuja Chowk, Ongole-957947",Mumbai,SIMU000136,AC0000000136,292885.55
C000137,Yasti Mammen,customer000137@novafin.example,3920867808,1976-09-30,"H.No. 00, Raghavan Ganj, Anantapur 942843",Chennai,SIMU000137,AC0000000137,245891.14
C000138,Urishilla Oza,customer000138@novafin.example,2763655647,1984-10-28,"43/866, Dhingra Ganj, Bhalswa Jahangir Pur-267288",Hyderabad,SIMU000138,AC0000000138,389276.6
C000139,Vidhi Mital,customer000139@novafin.example,8906120347,1963-04-25,"84/50, Dara Marg, Medininagar 998245",Delhi,SIMU000139,AC0000000139,312799.03
C000140,Yashvi Sura,customer000140@novafin.example,1694722569,1951-01-08,"554, Rana Road, Raiganj-987622",Mumbai,SIMU000140,AC0000000140,394451.15
C000141,Jeremiah Keer,customer000141@novafin.example,1326111780,1997-09-11,"H.No. 92, Ramakrishnan Zila, Berhampur 472282",Delhi,SIMU000141,AC0000000141,483242.37
C000142,Bakhshi Parikh,customer000142@novafin.example,7784872829,1975-03-28,"83, Sathe Zila, Ambarnath 424008",Mumbai,SIMU000142,AC0000000142,299875.25
C000143,Hemangini Mangat,customer000143@novafin.example,8077406493,1958-06-20,"32, Radhakrishnan Marg, Firozabad-638944",Hyderabad,SIMU000143,AC0000000143,298503.45
C000144,Nitara Guha,customer000144@novafin.example,2241797497,1955-12-28,"144, Sarma Street, Muzaffarpur 207356",Kolkata,SIMU000144,AC0000000144,213410.86
C000145,Wishi Prabhu,customer000145@novafin.example,0512046187,2001-04-01,"H.No. 367, Bandi Ganj, Jaunpur-837645",Chennai,SIMU000145,AC0000000145,61098.33
C000146,Brijesh Verma,customer000146@novafin.example,4743503136,1999-09-11,"30, Soman Nagar, Serampore 327195",Chennai,SIMU000146,AC0000000146,73403.12
C000147,Darpan Parekh,customer000147@novafin.example,8127358573,1994-12-07,"H.No. 778, Suri Road, Tezpur-855749",Hyderabad,SIMU000147,AC0000000147,428889.29
C000148,Ekapad Wali,customer000148@novafin.example,7448570862,1998-06-11,"18/638, Dube Chowk, North Dumdum-511810",Mumbai,SIMU000148,AC0000000148,403207.93
C000149,Pranav Balay,customer000149@novafin.example,1731096789,1970-07-26,"H.No. 371, Bhat Chowk, Proddatur-509480",Bangalore,SIMU000149,AC0000000149,189921.79
C000150,Daksha Brahmbhatt,customer000150@novafin.example,8113863383,1996-08-14,"95/761, Gole Street, Dibrugarh-289755",Kolkata,SIMU000150,AC0000000150,339222.64
C000151,Kamya Sachar,customer000151@novafin.example,5939836845,1945-08-25,"08/24, Mital Nagar, Kakinada 048889",Mumbai,SIMU000151,AC0000000151,265331.38
C000152,Girindra Barad,customer000152@novafin.example,5224593344,1984-05-12,"57/279, Mital Zila, Gangtok-105566",Pune,SIMU000152,AC0000000152,31009.77
C000153,Utkarsh Apte,customer000153@novafin.example,0480589258,1991-06-24,"98/13, Mann Marg, Siliguri-517908",Kolkata,SIMU000153,AC0000000153,415607.19
C000154,Adweta Chada,customer000154@novafin.example,8622783769,1995-09-13,"H.No. 465, Chakraborty, Haridwar-553559",Mumbai,SIMU000154,AC0000000154,230923.62
C000155,Dalaja Gara,customer000155@novafin.example,9792703352,1962-03-05,"H.No. 514, Sinha Chowk, Bathinda-833884",Pune,SIMU000155,AC0000000155,326902.93
C000156,Lohit Badami,customer000156@novafin.example,9804204394,1950-03-03,"51/046, Rai Ganj, Satna-981238",Ahmedabad,SIMU000156,AC0000000156,360971.61
C000157,Anthony Baral,customer000157@novafin.example,8457620555,1964-05-29,"08, Kar Road, Mau 216893",Kolkata,SIMU000157,AC0000000157,108665.06
C000158,Wridesh Dua,customer000158@novafin.example,4957823298,1992-06-28,"925, Walia Zila, Udaipur-205664",Hyderabad,SIMU000158,AC0000000158,317558.37
C000159,Anusha Doshi,customer000159@novafin.example,1220994999,1961-05-08,"H.No. 728, Singh, Udaipur 772233",Ahmedabad,SIMU000159,AC0000000159,245815.04
C000160,Nilima Aurora,customer000160@novafin.example,6333127975,1973-03-10,"56/999, Vohra Circle, Saharsa 770388",Hyderabad,SIMU000160,AC0000000160,178094.68
C000161,Balveer Ram,customer000161@novafin.example,3476447264,2007-02-17,"71/812, Deshmukh, Haridwar-702793",Chennai,SIMU000161,AC0000000161,419597.23
C000162,Gautam Krishna,customer000162@novafin.example,2111751868,1983-02-01,"592, Dhillon Street, Faridabad-447421",Mumbai,SIMU000162,AC0000000162,157490.92
C000163,Samaksh Aggarwal,customer000163@novafin.example,0777809733,1973-07-19,"90/38, Johal Road, Udaipur-050209",Ahmedabad,SIMU000163,AC0000000163,140835.13
C000164,Garima Chahal,customer000164@novafin.example,1622499982,1948-01-28,"H.No. 56, Sane Zila, Jalna 214586",Ahmedabad,SIMU000164,AC0000000164,295678.58
C000165,Shaurya Bhardwaj,customer000165@novafin.example,9817946954,1969-09-19,"77/29, Mannan Ganj, Mumbai-071396",Kolkata,SIMU000165,AC0000000165,184788.39
C000166,Chakradev Nath,customer000166@novafin.example,8303441448,1953-05-20,"99, Gill Nagar, Bathinda 770272",Ahmedabad,SIMU000166,AC0000000166,429202.6
C000167,Gautami Shere,customer000167@novafin.example,0849588039,1955-10-18,"H.No. 68, Ramachandran Street, Hindupur 450461",Delhi,SIMU000167,AC0000000167,256586.22
C000168,Wazir Prabhu,customer000168@novafin.example,4384215031,2000-01-04,"578, Narang Road, Navi Mumbai-307681",Pune,SIMU000168,AC0000000168,403970.37
C000169,Deepa Basu,customer000169@novafin.example,5701840943,1965-02-19,"14, Dugar Street, Raipur 988138",Pune,SIMU000169,AC0000000169,157837.78
C000170,Eiravati Madan,customer000170@novafin.example,4932149587,1977-09-02,"01, Ramanathan Marg, Kavali 954538",Hyderabad,SIMU000170,AC0000000170,289000.74
C000171,Udyati Deep,customer000171@novafin.example,7174773329,1958-02-11,"70, Soman Zila, Etawah 724599",Chennai,SIMU000171,AC0000000171,65666.16
C000172,Yashoda Chauhan,customer000172@novafin.example,1581487696,1982-12-04,"15, Sankar Ganj, Tezpur-832197",Kolkata,SIMU000172,AC0000000172,257074.48
C000173,Ubika Nanda,customer000173@novafin.example,7246191965,1960-06-11,"278, Ramakrishnan Road, Thiruvananthapuram-549465",Chennai,SIMU000173,AC0000000173,353039.44
C000174,Abhiram Uppal,customer000174@novafin.example,2405800851,1975-01-06,"66/668, Ghose Ganj, Kolhapur-865624",Ahmedabad,SIMU000174,AC0000000174,237882.91
C000175,Krish Apte,customer000175@novafin.example,0276212679,1976-07-23,"53, Samra Street, Gangtok-384689",Bangalore,SIMU000175,AC0000000175,69200.34
C000176,Bahadurjit Barad,customer000176@novafin.example,5197128478,1951-08-28,"18/949, Oza Nagar, Nandyal-879565",Chennai,SIMU000176,AC0000000176,217090.54
C000177,Bimala Ganesh,customer000177@novafin.example,9494079290,1965-02-25,"814, Deo Road, Panipat-019292",Chennai,SIMU000177,AC0000000177,170447.86
C000178,Kala Gill,customer000178@novafin.example,3728051292,1961-10-30,"950, D’Alia Road, Rourkela-674783",Pune,SIMU000178,AC0000000178,249798.73
C000179,Madhavi Som,customer000179@novafin.example,2860476580,2003-02-01,"H.No. 44, Kumer Zila, Surendranagar Dudhrej-938525",Pune,SIMU000179,AC0000000179,227114.31
C000180,Abhiram Bir,customer000180@novafin.example,6181753443,1951-11-23,"11/19, Prashad Street, Bhubaneswar 447174",Pune,SIMU000180,AC0000000180,192110.0
C000181,Ekiya Kurian,customer000181@novafin.example,1406650442,1959-04-17,"71/286, Cherian Ganj, Rampur-011947",Ahmedabad,SIMU000181,AC0000000181,153685.3
C000182,Widisha Dixit,customer000182@novafin.example,0642569087,2003-01-27,"H.No. 671, Wason, Thoothukudi 601585",Hyderabad,SIMU000182,AC0000000182,134505.57
C000183,Tripti Mann,customer000183@novafin.example,2806346157,1955-02-28,"H.No. 937, Bhatnagar Marg, Panchkula 005050",Chennai,SIMU000183,AC0000000183,174885.27
C000184,Jagat Kakar,customer000184@novafin.example,8293102707,1993-05-11,"041, Garde Chowk, Aligarh-799313",Delhi,SIMU000184,AC0000000184,115981.96
C000185,Geetika Ratti,customer000185@novafin.example,1982530925,1955-04-01,"58/273, Baria, Salem-207100",Ahmedabad,SIMU000185,AC0000000185,156337.32
C000186,Gaurav Mander,customer000186@novafin.example,7232487632,1957-11-19,"45/608, Handa Ganj, Bettiah-958837",Hyderabad,SIMU000186,AC0000000186,490742.55
C000187,Aradhana Bera,customer000187@novafin.example,1277220054,1968-05-20,"H.No. 082, Balakrishnan Street, Kottayam-137995",Chennai,SIMU000187,AC0000000187,165717.07
C000188,Rushil Nanda,customer000188@novafin.example,1531363631,1949-05-02,"972, Prakash Marg, Berhampore-543520",Pune,SIMU000188,AC0000000188,110234.73
C000189,Avni Deshpande,customer000189@novafin.example,7762534929,2003-10-27,"87, Solanki Ganj, Alwar-633569",Bangalore,SIMU000189,AC0000000189,361308.78
C000190,Manthan Ahluwalia,customer000190@novafin.example,0078068671,1951-04-17,"254, Chana Ganj, Nangloi Jat 279907",Delhi,SIMU000190,AC0000000190,155297.88
C000191,Lakshit Ravi,customer000191@novafin.example,5701658046,1984-10-12,"50/85, Choudhry Nagar, Ambarnath-905528",Bangalore,SIMU000191,AC0000000191,287845.51
C000192,Samarth Devi,customer000192@novafin.example,3817933554,1949-05-05,"H.No. 77, Vyas Circle, Nandyal 795137",Delhi,SIMU000192,AC0000000192,327988.09
C000193,Faris Raman,customer000193@novafin.example,4112412723,1973-12-25,"H.No. 67, Manne Nagar, Rajkot-385695",Ahmedabad,SIMU000193,AC0000000193,73729.13
C000194,Vedika Wagle,customer000194@novafin.example,7492424375,1969-08-31,"928, Gopal Road, Jamnagar 310592",Bangalore,SIMU000194,AC0000000194,297680.5
C000195,Abha Pingle,customer000195@novafin.example,3805525782,2008-04-09,"27, Dugal Path, Bongaigaon 474929",Ahmedabad,SIMU000195,AC0000000195,252389.25
C000196,Hamsini Chowdhury,customer000196@novafin.example,0281406937,1949-05-19,"H.No. 30, Yohannan Zila, Chandigarh-375998",Pune,SIMU000196,AC0000000196,112572.74
C000197,Jalsa Rao,customer000197@novafin.example,6565045547,1995-03-02,"42, Sachdeva Marg, Dharmavaram-234785",Bangalore,SIMU000197,AC0000000197,144927.24
C000198,Keya Chakrabarti,customer000198@novafin.example,6462879232,1979-01-08,"47/87, Bala Ganj, Jamnagar 471462",Ahmedabad,SIMU000198,AC0000000198,79191.39
C000199,Yash Balakrishnan,customer000199@novafin.example,4719597964,1980-07-06,"902, Shenoy Path, Raurkela Industrial Township 045650",Mumbai,SIMU000199,AC0000000199,215336.04
C000200,Bishakha Wagle,customer000200@novafin.example,8321928554,1982-01-02,"H.No. 284, Sundaram Path, Mau 132833",Mumbai,SIMU000200,AC0000000200,299085.05
C000201,Omisha Sharma,customer000201@novafin.example,1207545279,1993-12-11,"13/223, Dass Road, Bikaner 611076",Bangalore,SIMU000201,AC0000000201,97070.33
C000202,Ronith Chokshi,customer000202@novafin.example,8907140140,1959-08-13,"50/124, Pall, Nanded-891190",Hyderabad,SIMU000202,AC0000000202,65460.93
C000203,Rehaan Manda,customer000203@novafin.example,8013875927,1971-06-21,"36/15, Shukla Zila, Saharsa-754801",Chennai,SIMU000203,AC0000000203,81264.49
C000204,Wakeeta D’Alia,customer000204@novafin.example,4794738646,1991-11-07,"H.No. 716, Virk Chowk, Jamshedpur 669121",Kolkata,SIMU000204,AC0000000204,313000.88
C000205,Rushil Nigam,customer000205@novafin.example,9613674994,1991-01-02,"42/71, Krishna Zila, Mehsana-201017",Chennai,SIMU000205,AC0000000205,393454.43
C000206,Praneel Raja,customer000206@novafin.example,2499118773,1979-12-27,"80/06, Rajagopal Zila, Satna 770028",Kolkata,SIMU000206,AC0000000206,238994.37
C000207,Nitesh Swamy,customer000207@novafin.example,2467197889,2003-10-11,"47, Purohit, Anantapuram-009025",Ahmedabad,SIMU000207,AC0000000207,166242.74
C000208,Avi Om,customer000208@novafin.example,1655650333,2007-08-03,"H.No. 520, Nanda Circle, Jaunpur 986407",Kolkata,SIMU000208,AC0000000208,170055.62
C000209,Edhitha Purohit,customer000209@novafin.example,5917135785,1970-05-12,"18, Mani Ganj, Nashik-963919",Bangalore,SIMU000209,AC0000000209,314574.68
C000210,Gayathri Mahajan,customer000210@novafin.example,9876351484,1959-04-02,"H.No. 98, Gole Chowk, Hazaribagh-973748",Mumbai,SIMU000210,AC0000000210,475105.35
C000211,Darpan Vig,customer000211@novafin.example,5723246651,2001-09-09,"H.No. 93, Khare Marg, Jalgaon 034778",Chennai,SIMU000211,AC0000000211,322119.64
C000212,Pahal Bansal,customer000212@novafin.example,2420448207,1966-12-31,"51, Dey Marg, Gorakhpur 898471",Hyderabad,SIMU000212,AC0000000212,338703.37
C000213,Jason Munshi,customer000213@novafin.example,9636321234,2004-05-10,"51/58, Soman Marg, Alwar 575409",Delhi,SIMU000213,AC0000000213,138935.96
C000214,Chatura Khatri,customer000214@novafin.example,8645183760,1951-10-12,"275, Bandi Marg, Jodhpur-765612",Mumbai,SIMU000214,AC0000000214,99352.99
C000215,Yashawini Bhatti,customer000215@novafin.example,6985700272,1988-05-23,"11/23, De Circle, Imphal 724295",Kolkata,SIMU000215,AC0000000215,238989.26
C000216,Rushil Chad,customer000216@novafin.example,5266930089,1959-02-16,"H.No. 696, Lad, Hubli–Dharwad 291086",Ahmedabad,SIMU000216,AC0000000216,163348.16
C000217,Warda Dani,customer000217@novafin.example,3344762639,1974-02-07,"044, Seshadri Ganj, Uluberia-107256",Chennai,SIMU000217,AC0000000217,161849.82
C000218,Leela Sampath,customer000218@novafin.example,1180053759,1962-11-24,"52, Barman Circle, Bhilwara-875721",Hyderabad,SIMU000218,AC0000000218,358919.09
C000219,Rachita Dhar,customer000219@novafin.example,1502745644,1966-12-08,"H.No. 72, Sarraf Circle, Maheshtala-032074",Ahmedabad,SIMU000219,AC0000000219,58810.39
C000220,Unni Sarin,customer000220@novafin.example,7075877712,1959-07-02,"849, Kala, Hajipur 613715",Chennai,SIMU000220,AC0000000220,463857.75
C000221,Bhavani Dara,customer000221@novafin.example,5915201777,1968-01-20,"H.No. 92, Bava Ganj, North Dumdum 189616",Chennai,SIMU000221,AC0000000221,226941.01
C000222,Pranav Khatri,customer000222@novafin.example,1032664214,2007-02-19,"15/837, Rama Chowk, Agartala-165926",Chennai,SIMU000222,AC0000000222,332626.49
C000223,Girik Baria,customer000223@novafin.example,7327881476,1955-10-01,"864, Batta, Ranchi-866179",Hyderabad,SIMU000223,AC0000000223,417649.8
C000224,Isha Kumar,customer000224@novafin.example,8017226016,1994-11-29,"45/23, Brar Street, Aligarh-800610",Mumbai,SIMU000224,AC0000000224,53328.07
C000225,Vansha Sharma,customer000225@novafin.example,9749956412,1953-04-02,"H.No. 372, Sarin Ganj, Chandigarh 727601",Hyderabad,SIMU000225,AC0000000225,307645.92
C000226,Michael Saxena,customer000226@novafin.example,7079334960,1988-07-14,"99, Mannan Circle, Morbi-789973",Hyderabad,SIMU000226,AC0000000226,233597.89
C000227,Anirudh Sami,customer000227@novafin.example,8146717957,1965-03-27,"H.No. 73, Kanda Circle, Madanapalle-246657",Ahmedabad,SIMU000227,AC0000000227,352122.05
C000228,Sarthak Mandal,customer000228@novafin.example,7223297167,1983-07-13,"H.No. 45, Ghosh Street, Rajkot 619318",Kolkata,SIMU000228,AC0000000228,472771.21
C000229,Vidhi Kuruvilla,customer000229@novafin.example,5084289107,1998-10-30,"12/13, Dugar Path, Mango 125521",Ahmedabad,SIMU000229,AC0000000229,232935.46
C000230,Reva Sagar,customer000230@novafin.example,3754821456,1996-11-22,"666, Varty Chowk, Ludhiana-208115",Bangalore,SIMU000230,AC0000000230,447475.87
C000231,Neelima Gala,customer000231@novafin.example,0602908466,2007-07-06,"H.No. 89, Raval Street, Tiruppur 563410",Pune,SIMU000231,AC0000000231,311763.98
C000232,Madhavi Date,customer000232@novafin.example,3188485200,1962-01-22,"10/54, Pandya Circle, Nashik 749075",Bangalore,SIMU000232,AC0000000232,68380.27
C000233,Vivaan Palla,customer000233@novafin.example,4926831589,1952-04-21,"11, Sandal Nagar, Fatehpur-715869",Bangalore,SIMU000233,AC0000000233,499796.9
C000234,Aishani Tara,customer000234@novafin.example,7762282772,1992-11-23,"02, Pingle Circle, Madanapalle-115940",Hyderabad,SIMU000234,AC0000000234,298717.32
C000235,Jacob Prabhu,customer000235@novafin.example,5447022960,1958-02-04,"H.No. 851, Sahni Nagar, Chapra-975679",Delhi,SIMU000235,AC0000000235,248487.89
C000236,Lakshit Thaman,customer000236@novafin.example,7725199663,1948-10-02,"12/094, Dasgupta Circle, Nellore-983780",Ahmedabad,SIMU000236,AC0000000236,460134.57
C000237,Pranit Bahl,customer000237@novafin.example,3397189569,1968-10-08,"08, Raja Path, Mysore-182422",Delhi,SIMU000237,AC0000000237,498549.1
C000238,Gaurav Dube,customer000238@novafin.example,6209520046,1973-09-23,"10, Khatri Ganj, Kumbakonam 140578",Kolkata,SIMU000238,AC0000000238,326522.74
C000239,Dominic Sule,customer000239@novafin.example,6304891382,1975-12-26,"582, Yogi Ganj, Miryalaguda 007942",Ahmedabad,SIMU000239,AC0000000239,485301.24
C000240,Darpan Subramaniam,customer000240@novafin.example,9465398402,1966-02-04,"12/846, Thaman Ganj, Tiruvottiyur 743553",Ahmedabad,SIMU000240,AC0000000240,190281.5
C000241,Falguni Babu,customer000241@novafin.example,0970026876,1982-04-17,"15/695, Goel Marg, Amravati 537030",Pune,SIMU000241,AC0000000241,177502.67
C000242,Ishita Handa,customer000242@novafin.example,9433750479,2001-07-07,"H.No. 98, Garde Chowk, Buxar-192124",Mumbai,SIMU000242,AC0000000242,432423.22
C000243,Anusha Handa,customer000243@novafin.example,8948706056,1991-12-03,"H.No. 80, Batta Ganj, Bidar-506351",Pune,SIMU000243,AC0000000243,220531.42
C000244,Upkaar Sampath,customer000244@novafin.example,3325411076,2002-10-31,"H.No. 735, Nath Nagar, Srinagar 179110",Ahmedabad,SIMU000244,AC0000000244,161903.45
C000245,Krishna Munshi,customer000245@novafin.example,2070496110,2003-06-23,"H.No. 963, Anne, Yamunanagar-699150",Kolkata,SIMU000245,AC0000000245,411443.87
C000246,Zansi Narasimhan,customer000246@novafin.example,1109193928,1978-05-25,"200, Muni Street, Anand-498227",Bangalore,SIMU000246,AC0000000246,241042.31
C000247,Hemal Manne,customer000247@novafin.example,0892038806,1989-03-24,"H.No. 37, Narula Chowk, Tadepalligudem-652170",Pune,SIMU000247,AC0000000247,144889.45
C000248,Theodore Aggarwal,customer000248@novafin.example,3793375636,1946-04-23,"H.No. 812, Sarraf Road, Bhimavaram 003342",Mumbai,SIMU000248,AC0000000248,485837.75
C000249,Adweta Ghosh,customer000249@novafin.example,8323024102,1959-12-11,"552, Saraf Circle, Kochi 233865",Kolkata,SIMU000249,AC0000000249,435832.53
C000250,Pushti Konda,customer000250@novafin.example,9938425304,2005-12-01,"17/912, Rama Circle, Panchkula-255877",Bangalore,SIMU000250,AC0000000250,337388.68
C000251,Amrita Rattan,customer000251@novafin.example,3337363466,1962-12-16,"H.No. 478, Karpe Path, Kirari Suleman Nagar 677665",Ahmedabad,SIMU000251,AC0000000251,221292.6
C000252,Edhitha Mahajan,customer000252@novafin.example,0273415148,1999-02-11,"H.No. 115, Iyer Nagar, Thiruvananthapuram 444392",Chennai,SIMU000252,AC0000000252,271258.71
C000253,Abhiram Mistry,customer000253@novafin.example,5669078263,1961-07-17,"H.No. 15, Sanghvi Ganj, Bhagalpur-780529",Ahmedabad,SIMU000253,AC0000000253,322069.15
C000254,Dalaja Andra,customer000254@novafin.example,5536668459,2008-05-22,"H.No. 99, Raman, Kurnool-186371",Bangalore,SIMU000254,AC0000000254,121690.16
C000255,Siya Modi,customer000255@novafin.example,2182097023,1959-08-25,"81/705, Apte Circle, Khammam-621286",Delhi,SIMU000255,AC0000000255,465644.56
C000256,Ekapad Ramachandran,customer000256@novafin.example,2346729949,1964-05-19,"716, Koshy, Jehanabad-779014",Ahmedabad,SIMU000256,AC0000000256,443402.14
C000257,Idika Mishra,customer000257@novafin.example,9263296762,1993-03-06,"484, Kalla Zila, Bulandshahr 511856",Ahmedabad,SIMU000257,AC0000000257,82677.39
C000258,Nitesh Krishnan,customer000258@novafin.example,8070176563,1962-09-09,"H.No. 77, Bir Chowk, Motihari 727422",Chennai,SIMU000258,AC0000000258,362146.84
C000259,Harish Goel,customer000259@novafin.example,1862104275,2006-05-20,"08/164, Ben Chowk, Nashik-335331",Hyderabad,SIMU000259,AC0000000259,286648.53
C000260,Oviya Bala,customer000260@novafin.example,5313122068,1983-11-19,"66/13, Cherian Ganj, North Dumdum-065063",Kolkata,SIMU000260,AC0000000260,69274.37
C000261,Thomas Bhatti,customer000261@novafin.example,9501364971,1962-10-13,"62/525, Bir Chowk, Surat 683890",Mumbai,SIMU000261,AC0000000261,244187.75
C000262,Ansh Dash,customer000262@novafin.example,3639102574,1959-07-19,"97/524, Baral Path, Tumkur 355338",Mumbai,SIMU000262,AC0000000262,332662.1
C000263,Yuvraj Kapadia,customer000263@novafin.example,8527017130,1951-11-18,"816, Mukhopadhyay Chowk, Davanagere-629344",Delhi,SIMU000263,AC0000000263,261728.36
C000264,Saksham Magar,customer000264@novafin.example,1566277689,1946-12-26,"H.No. 498, Gill Street, Nadiad-474689",Hyderabad,SIMU000264,AC0000000264,266714.21
C000265,Ekbal Nath,customer000265@novafin.example,7323008576,1971-10-09,"91/601, Gaba Marg, Junagadh-587506",Hyderabad,SIMU000265,AC0000000265,222357.91
C000266,Yatin Kibe,customer000266@novafin.example,0502497243,1946-06-23,"66/918, Sampath Ganj, Purnia 488694",Ahmedabad,SIMU000266,AC0000000266,490616.2
C000267,Gaurav Chopra,customer000267@novafin.example,2436402701,1974-01-01,"252, Hora Street, South Dumdum 793230",Chennai,SIMU000267,AC0000000267,241973.57
C000268,Rehaan Lad,customer000268@novafin.example,7912141614,1985-06-28,"10, Lata Nagar, Ballia-138069",Delhi,SIMU000268,AC0000000268,207203.36
C000269,Vedika Solanki,customer000269@novafin.example,9655553566,2005-01-18,"H.No. 762, Das Nagar, Kulti 797863",Delhi,SIMU000269,AC0000000269,435412.79
C000270,Ekanta Badal,customer000270@novafin.example,0573976915,1995-08-09,"32/89, Balay Circle, Mehsana-487271",Hyderabad,SIMU000270,AC0000000270,392020.69
C000271,Wridesh Kohli,customer000271@novafin.example,2116025643,1990-12-03,"H.No. 539, Bhattacharyya, Burhanpur-863341",Kolkata,SIMU000271,AC0000000271,186440.74
C000272,Gagan Choudhury,customer000272@novafin.example,5931952569,1985-10-16,"55, Venkatesh Street, Aligarh-087524",Hyderabad,SIMU000272,AC0000000272,414761.0
C000273,Xalak Shah,customer000273@novafin.example,9420954814,1979-04-28,"H.No. 523, Ben Ganj, Morbi 420865",Hyderabad,SIMU000273,AC0000000273,369874.22
C000274,Urvashi Pall,customer000274@novafin.example,6184438612,2003-06-20,"29/277, Dhillon Road, Bellary 059126",Ahmedabad,SIMU000274,AC0000000274,435998.78
C000275,Om Bhalla,customer000275@novafin.example,5720185962,1953-09-20,"49, Prashad Street, Madhyamgram-475011",Ahmedabad,SIMU000275,AC0000000275,280825.77
C000276,Jairaj Suresh,customer000276@novafin.example,0999741926,1984-07-09,"H.No. 18, Ravi Street, Singrauli-189813",Pune,SIMU000276,AC0000000276,182908.98
C000277,Pratyush Gole,customer000277@novafin.example,8751029321,1951-05-25,"H.No. 82, Acharya Marg, Dewas 848729",Kolkata,SIMU000277,AC0000000277,241288.69
C000278,Dhriti Virk,customer000278@novafin.example,9883103032,1986-08-12,"H.No. 29, Borde Marg, Bhilwara-267146",Pune,SIMU000278,AC0000000278,438060.8
C000279,Samar Bobal,customer000279@novafin.example,3598926256,1962-06-24,"H.No. 818, Bhatti Marg, Hubli–Dharwad 542340",Chennai,SIMU000279,AC0000000279,296603.88
C000280,Krishna Kapadia,customer000280@novafin.example,1128497185,1964-01-31,"562, Wali Path, Morena 408222",Chennai,SIMU000280,AC0000000280,431606.16
C000281,Amara Bera,customer000281@novafin.example,3967275784,1994-07-12,"14/651, Bose Zila, Tiruchirappalli-901487",Kolkata,SIMU000281,AC0000000281,45732.47
C000282,Panini Trivedi,customer000282@novafin.example,7788160930,1962-04-04,"832, Peri Zila, Kottayam 067625",Ahmedabad,SIMU000282,AC0000000282,359983.24
C000283,Hamsini Krish,customer000283@novafin.example,4474430963,1977-02-23,"H.No. 09, Narasimhan Chowk, Raichur-052650",Kolkata,SIMU000283,AC0000000283,208387.41
C000284,Raagini Swamy,customer000284@novafin.example,1882617024,1971-02-09,"28, Chopra Road, Bahraich 256053",Delhi,SIMU000284,AC0000000284,260281.11
C000285,Ranveer Mane,customer000285@novafin.example,2665023741,1979-05-12,"86, Choudhary Street, Jaipur-258030",Bangalore,SIMU000285,AC0000000285,84966.98
C000286,Pushti Anand,customer000286@novafin.example,7447163928,1997-10-24,"36/371, Golla Circle, Gudivada 312604",Pune,SIMU000286,AC0000000286,438107.65
C000287,Madhav Sandhu,customer000287@novafin.example,9310668433,1949-10-23,"H.No. 14, Mand Path, Gurgaon-502000",Ahmedabad,SIMU000287,AC0000000287,72363.06
C000288,Simon Mangal,customer000288@novafin.example,4916247554,1992-02-11,"H.No. 59, Prabhu Circle, Bally-961129",Ahmedabad,SIMU000288,AC0000000288,32290.11
C000289,Benjamin Halder,customer000289@novafin.example,7118954738,1958-09-06,"55/71, Bir Marg, Gurgaon-294240",Delhi,SIMU000289,AC0000000289,219739.84
C000290,Ranveer Rao,customer000290@novafin.example,8812786866,1958-02-28,"39/08, Thakur Chowk, Avadi 448123",Delhi,SIMU000290,AC0000000290,60543.42
C000291,Wazir Manne,customer000291@novafin.example,2424033810,1967-09-22,"26/945, Anne Nagar, Muzaffarnagar 240891",Hyderabad,SIMU000291,AC0000000291,185816.59
C000292,Aarini Jhaveri,customer000292@novafin.example,3543962736,1952-01-05,"22, Swaminathan Ganj, Ichalkaranji-422693",Kolkata,SIMU000292,AC0000000292,333672.41
C000293,Luke Bora,customer000293@novafin.example,3761820916,2001-11-19,"314, Arya Street, Aligarh 132797",Pune,SIMU000293,AC0000000293,429862.13
C000294,Damyanti Narula,customer000294@novafin.example,2308481001,1980-06-12,"H.No. 303, Rajan Marg, Nagercoil-361721",Kolkata,SIMU000294,AC0000000294,478216.31
C000295,Harsh Manda,customer000295@novafin.example,1951510922,1986-06-10,"494, Chawla Path, Panchkula-410225",Ahmedabad,SIMU000295,AC0000000295,439381.93
C000296,Madhavi Sekhon,customer000296@novafin.example,1196421522,1979-04-08,"69/523, Sahota Marg, Siwan-883619",Bangalore,SIMU000296,AC0000000296,318293.24
C000297,Theodore Chahal,customer000297@novafin.example,5030587210,1965-09-09,"63/33, Devi Nagar, Asansol-065019",Chennai,SIMU000297,AC0000000297,324801.48
C000298,Vansha Dugar,customer000298@novafin.example,2521310962,1996-07-18,"57, Mangat Nagar, Bhatpara 092820",Hyderabad,SIMU000298,AC0000000298,498777.31
C000299,Pallavi Sha,customer000299@novafin.example,9843624186,1987-10-06,"28, Brahmbhatt, Morena 662056",Mumbai,SIMU000299,AC0000000299,231136.45
C000300,Anamika Chopra,customer000300@novafin.example,1595034281,1946-05-20,"30/34, Basu Zila, Ranchi 514054",Mumbai,SIMU000300,AC0000000300,386175.6
C000301,Xiti Hayer,customer000301@novafin.example,6521568182,1978-02-03,"271, Kata Zila, Ajmer 889857",Mumbai,SIMU000301,AC0000000301,235747.31
C000302,Harinakshi Mannan,customer000302@novafin.example,9606339912,2000-05-25,"H.No. 81, Chandra Chowk, Satara 421495",Hyderabad,SIMU000302,AC0000000302,454126.43
C000303,Gaurav Bobal,customer000303@novafin.example,7474721970,1973-06-21,"H.No. 89, Prakash Path, Haridwar-409038",Bangalore,SIMU000303,AC0000000303,179077.97
C000304,Mohammed Cheema,customer000304@novafin.example,6296136715,2006-11-21,"H.No. 216, Iyengar Marg, Ozhukarai-559737",Bangalore,SIMU000304,AC0000000304,164349.69
C000305,Arya Sha,customer000305@novafin.example,8272359096,1977-11-07,"064, Goda Road, Ajmer-461476",Pune,SIMU000305,AC0000000305,229576.22
C000306,Aashi Gour,customer000306@novafin.example,1654235677,1969-10-09,"93/19, Dhillon, Ratlam-272751",Chennai,SIMU000306,AC0000000306,277304.0
C000307,Adya Verma,customer000307@novafin.example,7279103368,1960-05-06,"905, Babu Path, Aizawl 776655",Delhi,SIMU000307,AC0000000307,105742.23
C000308,Gautami Comar,customer000308@novafin.example,7652892866,1993-05-31,"H.No. 109, Chawla Marg, Tinsukia 789046",Mumbai,SIMU000308,AC0000000308,314508.6
C000309,Udant Sha,customer000309@novafin.example,1371576605,1963-11-06,"30, Bali Marg, Indore 589552",Kolkata,SIMU000309,AC0000000309,319362.43
C000310,Wyatt Raman,customer000310@novafin.example,9609626265,1961-05-09,"19/64, Dutt Circle, Kurnool 106092",Chennai,SIMU000310,AC0000000310,261391.94
C000311,Farhan Raja,customer000311@novafin.example,2752334383,1964-05-07,"09/117, Das, Ajmer 421175",Delhi,SIMU000311,AC0000000311,135289.51
C000312,Mahika Chaudhuri,customer000312@novafin.example,0617136657,1946-04-30,"H.No. 557, Ahluwalia, Nagaon-139080",Hyderabad,SIMU000312,AC0000000312,243295.99
C000313,Tarak Patla,customer000313@novafin.example,3052312447,1993-10-27,"76/863, Ghose Road, Parbhani 199423",Bangalore,SIMU000313,AC0000000313,451981.55
C000314,Rachita Sehgal,customer000314@novafin.example,9459196639,1976-03-20,"49/64, Wali, Sikar-125625",Ahmedabad,SIMU000314,AC0000000314,453074.48
C000315,Elijah Kale,customer000315@novafin.example,5251050537,1983-11-09,"H.No. 93, Kalla Circle, Kishanganj 919665",Delhi,SIMU000315,AC0000000315,60084.4
C000316,Rudra Hegde,customer000316@novafin.example,7704611729,1961-09-22,"H.No. 907, Deep Road, Vadodara 501716",Pune,SIMU000316,AC0000000316,494134.56
C000317,Anvi Nadig,customer000317@novafin.example,6185790647,1987-09-09,"002, Naidu Zila, Kamarhati 135800",Hyderabad,SIMU000317,AC0000000317,328495.88
C000318,Caleb Choudhry,customer000318@novafin.example,4145964229,1967-05-15,"71/883, Sridhar, Parbhani-731441",Kolkata,SIMU000318,AC0000000318,352898.92
C000319,Xavier Jha,customer000319@novafin.example,1703037637,2001-01-10,"72/812, Patla Ganj, Bidhannagar 631462",Ahmedabad,SIMU000319,AC0000000319,426519.36
C000320,Harsh Din,customer000320@novafin.example,1130724078,1953-09-09,"32, Thakkar Marg, Danapur 074510",Chennai,SIMU000320,AC0000000320,499702.44
C000321,Pahal Hari,customer000321@novafin.example,3629489786,1953-03-12,"H.No. 094, Bhatti Ganj, Bally-966613",Ahmedabad,SIMU000321,AC0000000321,75660.3
C000322,Warhi Jha,customer000322@novafin.example,3549401289,1957-03-22,"257, Arya Street, Haldia 024120",Kolkata,SIMU000322,AC0000000322,296663.28
C000323,Urvi Agarwal,customer000323@novafin.example,3710094388,1952-06-10,"75, Kurian Circle, Nizamabad 705458",Hyderabad,SIMU000323,AC0000000323,496528.72
C000324,Isaiah Madan,customer000324@novafin.example,2632570396,1958-10-29,"H.No. 87, Gill Circle, Karnal-696443",Hyderabad,SIMU000324,AC0000000324,35421.31
C000325,Zinal Oza,customer000325@novafin.example,6795410727,1988-02-01,"41, Aurora Road, Thane-491074",Kolkata,SIMU000325,AC0000000325,155378.18
C000326,Qushi Pandey,customer000326@novafin.example,0425488214,1985-06-17,"075, Raju Ganj, Silchar 449429",Bangalore,SIMU000326,AC0000000326,457543.05
C000327,Ekantika Dewan,customer000327@novafin.example,4268344149,1971-03-22,"875, Parmar Circle, Raichur-766708",Ahmedabad,SIMU000327,AC0000000327,420598.48
C000328,Oviya Chakrabarti,customer000328@novafin.example,9439852989,1954-03-17,"87, Chad Nagar, Gopalpur-591497",Hyderabad,SIMU000328,AC0000000328,393476.97
C000329,Darsh Dara,customer000329@novafin.example,3828723244,1992-06-09,"H.No. 029, Venkatesh Zila, Shahjahanpur-170876",Chennai,SIMU000329,AC0000000329,313355.87
C000330,Jairaj Mital,customer000330@novafin.example,7238497916,1955-04-12,"83/77, Mann Road, Giridih-546617",Pune,SIMU000330,AC0000000330,129027.16
C000331,Pavani Divan,customer000331@novafin.example,4719609409,1955-02-12,"H.No. 02, Tella Path, Karnal-812259",Chennai,SIMU000331,AC0000000331,319923.3
C000332,Tripti Dey,customer000332@novafin.example,4617679298,1993-02-13,"96/10, Dutt Nagar, Jalandhar 775331",Delhi,SIMU000332,AC0000000332,323417.85
C000333,Leena Salvi,customer000333@novafin.example,0941017590,1993-03-08,"983, Krishnan Ganj, Bahraich-332683",Bangalore,SIMU000333,AC0000000333,171743.12
C000334,Arjun Char,customer000334@novafin.example,0205698152,2002-04-13,"55/98, Bhavsar Street, Purnia-191284",Ahmedabad,SIMU000334,AC0000000334,40848.15
C000335,Jacob Tara,customer000335@novafin.example,0985034465,1950-09-22,"90, Choudhry Circle, Firozabad-056435",Pune,SIMU000335,AC0000000335,372870.89
C000336,Liam Jayaraman,customer000336@novafin.example,0371990516,2006-01-12,"H.No. 01, Taneja Nagar, Etawah-743000",Mumbai,SIMU000336,AC0000000336,457073.21
C000337,Ladli Badami,customer000337@novafin.example,0662668217,1969-07-29,"03, Chanda Ganj, Ambattur-890030",Pune,SIMU000337,AC0000000337,380053.41
C000338,Dakshesh Date,customer000338@novafin.example,2405593429,1990-04-26,"H.No. 83, Parikh Chowk, Raiganj 584384",Delhi,SIMU000338,AC0000000338,120377.53
C000339,Yahvi Chawla,customer000339@novafin.example,5697413283,1953-12-27,"H.No. 377, Bail Zila, Visakhapatnam 496410",Pune,SIMU000339,AC0000000339,277154.88
C000340,Leena Tandon,customer000340@novafin.example,6670336268,1982-06-28,"54/93, Om Nagar, Purnia 186487",Hyderabad,SIMU000340,AC0000000340,419474.49
C000341,Zilmil Lad,customer000341@novafin.example,6732044138,1972-06-27,"H.No. 44, Arora, Aizawl 427707",Hyderabad,SIMU000341,AC0000000341,459173.25
C000342,Unnati Bansal,customer000342@novafin.example,7836091498,1957-11-15,"H.No. 72, Ghosh Ganj, Tadipatri 310287",Ahmedabad,SIMU000342,AC0000000342,484507.44
C000343,Benjamin Kari,customer000343@novafin.example,4405809351,1953-05-04,"595, Bora Marg, Ichalkaranji 059556",Hyderabad,SIMU000343,AC0000000343,379615.69
C000344,Upma Menon,customer000344@novafin.example,2504290193,1998-12-14,"90, Raj Street, Solapur 989868",Pune,SIMU000344,AC0000000344,407010.46
C000345,Charan Sodhi,customer000345@novafin.example,5439435353,1992-10-19,"65/158, Bose Circle, Karawal Nagar-763928",Ahmedabad,SIMU000345,AC0000000345,482374.31
C000346,Nikita Devi,customer000346@novafin.example,4551166829,2005-04-11,"164, Singhal Circle, Cuttack-602128",Delhi,SIMU000346,AC0000000346,383221.96
C000347,Pahal Pandya,customer000347@novafin.example,6834155999,1995-11-28,"76, Sood Road, South Dumdum 209957",Chennai,SIMU000347,AC0000000347,433566.78
C000348,Ekani Sarna,customer000348@novafin.example,8941347509,1980-03-22,"H.No. 65, Dhar Street, Bhagalpur-849951",Kolkata,SIMU000348,AC0000000348,484453.13
C000349,Bhavani Gandhi,customer000349@novafin.example,4477324491,1952-03-02,"H.No. 908, Hayer Circle, Unnao-534967",Pune,SIMU000349,AC0000000349,67893.87
C000350,Sudiksha Merchant,customer000350@novafin.example,1767412415,1967-11-24,"H.No. 78, Murty Zila, Bhiwani-853800",Kolkata,SIMU000350,AC0000000350,31611.36
C000351,Laksh Puri,customer000351@novafin.example,3472727423,1945-11-08,"89, Gokhale Ganj, Gurgaon-969357",Mumbai,SIMU000351,AC0000000351,241023.36
C000352,Charita Kata,customer000352@novafin.example,7769587413,1976-01-25,"61/275, Palan Zila, Warangal 796304",Hyderabad,SIMU000352,AC0000000352,302666.04
C000353,Yashica Kale,customer000353@novafin.example,0854566766,1978-09-04,"04/763, Ganesan, Bhubaneswar-298006",Pune,SIMU000353,AC0000000353,76464.4
C000354,Gauri Pandit,customer000354@novafin.example,0835832863,1968-03-12,"30/00, Chaudry Circle, Shivpuri-244033",Chennai,SIMU000354,AC0000000354,248951.51
C000355,Anita Dasgupta,customer000355@novafin.example,6241118600,1952-02-21,"45/68, Mittal Nagar, Berhampore-149764",Pune,SIMU000355,AC0000000355,459746.56
C000356,Girik Kapadia,customer000356@novafin.example,8474883607,1994-04-06,"906, Sekhon Ganj, Morena 452118",Chennai,SIMU000356,AC0000000356,332634.88
C000357,Sarthak Suri,customer000357@novafin.example,1269789307,1996-01-11,"H.No. 599, Ahluwalia Marg, Bhagalpur 875357",Ahmedabad,SIMU000357,AC0000000357,456959.13
C000358,Yoshita Bumb,customer000358@novafin.example,6162028123,2005-11-23,"872, Sahota Circle, Bangalore-164485",Hyderabad,SIMU000358,AC0000000358,333388.74
C000359,Noah Dhaliwal,customer000359@novafin.example,8395894773,1981-04-27,"H.No. 62, Singhal Street, Kolkata-331875",Mumbai,SIMU000359,AC0000000359,91394.08
C000360,Darsh Sidhu,customer000360@novafin.example,1583503446,1988-02-19,"83/19, Chauhan Street, Parbhani-491289",Bangalore,SIMU000360,AC0000000360,169573.18
C000361,Ganga Malhotra,customer000361@novafin.example,3203319222,1950-12-06,"76/75, Tella Road, New Delhi 667548",Ahmedabad,SIMU000361,AC0000000361,80157.23
C000362,Farhan Kala,customer000362@novafin.example,4268774186,2004-07-29,"56/398, Raja Ganj, Mangalore 375830",Chennai,SIMU000362,AC0000000362,446448.17
C000363,Falguni Chandra,customer000363@novafin.example,4809404760,1984-07-28,"77/27, Chawla Circle, Uluberia 922216",Delhi,SIMU000363,AC0000000363,209606.77
C000364,Daksh Sawhney,customer000364@novafin.example,5184390552,1946-08-08,"01/382, Chacko Road, Raiganj-493862",Pune,SIMU000364,AC0000000364,343480.95
C000365,Deepa Mahal,customer000365@novafin.example,1579197111,1967-03-30,"H.No. 357, Koshy Zila, Jhansi 406424",Kolkata,SIMU000365,AC0000000365,303986.66
C000366,Diya Sachdev,customer000366@novafin.example,3432447417,1969-05-17,"H.No. 962, Kade Circle, Sri Ganganagar-358841",Delhi,SIMU000366,AC0000000366,445571.55
C000367,Aarna Kamdar,customer000367@novafin.example,4018272795,1990-06-08,"15/026, Natt Chowk, Salem 542782",Mumbai,SIMU000367,AC0000000367,421004.21
C000368,Reva Shan,customer000368@novafin.example,6734595764,1952-12-22,"H.No. 96, Balakrishnan, Anand-498392",Kolkata,SIMU000368,AC0000000368,471050.21
C000369,Gauri Bhagat,customer000369@novafin.example,4257627023,1951-02-08,"613, Prasad Street, Morena-517863",Hyderabad,SIMU000369,AC0000000369,40540.24
C000370,Krisha Sheth,customer000370@novafin.example,1625265469,1969-03-29,"923, Pathak Path, Orai-996132",Pune,SIMU000370,AC0000000370,128203.1
C000371,Raghav Basu,customer000371@novafin.example,4615626244,1963-05-26,"681, Butala Chowk, Salem-025298",Ahmedabad,SIMU000371,AC0000000371,476513.71
C000372,Suhani Apte,customer000372@novafin.example,6604641978,2003-01-30,"686, Doctor Zila, Naihati 389760",Pune,SIMU000372,AC0000000372,72193.45
C000373,Baghyawati Baral,customer000373@novafin.example,7750954654,1957-10-19,"07, Mishra Path, Kavali 508632",Pune,SIMU000373,AC0000000373,283621.28
C000374,Girindra Date,customer000374@novafin.example,7645793897,1971-01-02,"16/81, Mittal Path, Rewa 241613",Pune,SIMU000374,AC0000000374,53761.29
C000375,Chavvi Varkey,customer000375@novafin.example,0597364248,2007-07-18,"H.No. 06, Bahl Ganj, Bikaner-479513",Hyderabad,SIMU000375,AC0000000375,115159.07
C000376,Andrew Nair,customer000376@novafin.example,1949796958,1946-06-29,"H.No. 57, Shere Street, Bhagalpur 646091",Mumbai,SIMU000376,AC0000000376,475780.12
C000377,Hemani Chacko,customer000377@novafin.example,8544577029,1969-07-25,"H.No. 487, Prashad Ganj, Burhanpur-163319",Ahmedabad,SIMU000377,AC0000000377,68544.88
C000378,Pranav Dutt,customer000378@novafin.example,8653694551,1981-11-15,"77, Sengupta Road, Belgaum-408572",Chennai,SIMU000378,AC0000000378,329809.62
C000379,Leela Sahota,customer000379@novafin.example,6309329981,1947-03-11,"971, Bajaj Path, Suryapet 275327",Bangalore,SIMU000379,AC0000000379,49024.79
C000380,Ekantika Deo,customer000380@novafin.example,1039773973,1989-04-13,"371, Bali Nagar, Saharsa 616481",Pune,SIMU000380,AC0000000380,140695.23
C000381,Reva Srivastava,customer000381@novafin.example,4605687611,1996-12-01,"H.No. 65, Kibe Street, Bhagalpur 151773",Delhi,SIMU000381,AC0000000381,398814.6
C000382,Hema Merchant,customer000382@novafin.example,5749490228,2005-07-13,"44/294, Sarraf Chowk, Bhatpara 294643",Chennai,SIMU000382,AC0000000382,57589.82
C000383,Siddharth Mitter,customer000383@novafin.example,9045886792,2003-08-28,"72, Subramaniam Circle, Karawal Nagar 015343",Chennai,SIMU000383,AC0000000383,303531.96
C000384,Mason Mall,customer000384@novafin.example,3577908335,1968-01-23,"88/10, Virk Chowk, Sambalpur 233720",Chennai,SIMU000384,AC0000000384,181065.79
C000385,Arunima Chand,customer000385@novafin.example,1284033399,1982-03-05,"13/717, Soni Zila, Salem 974909",Delhi,SIMU000385,AC0000000385,399605.78
C000386,Isaac Savant,customer000386@novafin.example,9970469472,1980-08-17,"H.No. 83, Maharaj Path, Gandhidham 270587",Bangalore,SIMU000386,AC0000000386,156705.55
C000387,Nihal Gola,customer000387@novafin.example,6417582313,1966-06-02,"H.No. 493, Dubey, Sangli-Miraj & Kupwad 622925",Delhi,SIMU000387,AC0000000387,494075.47
C000388,Omaja Luthra,customer000388@novafin.example,4745245557,1972-06-01,"06, Dey Path, Panipat-334450",Hyderabad,SIMU000388,AC0000000388,404294.07
C000389,Prisha Raja,customer000389@novafin.example,8833987411,1994-10-29,"H.No. 673, Prashad Road, Salem-548574",Mumbai,SIMU000389,AC0000000389,339002.38
C000390,Urmi Desai,customer000390@novafin.example,5622949381,1984-08-11,"02/155, Kala Chowk, Pondicherry 375534",Bangalore,SIMU000390,AC0000000390,87606.53
C000391,Arin Dey,customer000391@novafin.example,6667080850,1979-12-13,"H.No. 95, Borra Zila, Proddatur 828197",Pune,SIMU000391,AC0000000391,400242.72
C000392,Elijah Sankar,customer000392@novafin.example,7725129578,1984-09-30,"60/03, Sane Path, Rampur 958739",Chennai,SIMU000392,AC0000000392,304705.14
C000393,Michael Gulati,customer000393@novafin.example,3421089028,2004-11-16,"33/426, Kaul Road, Raichur 271607",Bangalore,SIMU000393,AC0000000393,107766.95
C000394,Lajita Bawa,customer000394@novafin.example,7633691128,1956-09-20,"95, Sagar Path, Bhagalpur-857481",Bangalore,SIMU000394,AC0000000394,85210.31
C000395,Amol Amble,customer000395@novafin.example,6615541643,1946-09-18,"H.No. 232, Andra, Kadapa 270093",Kolkata,SIMU000395,AC0000000395,274890.63
C000396,Kamya Sachdeva,customer000396@novafin.example,6228225120,1973-02-07,"50/05, Singhal Nagar, Asansol 086982",Mumbai,SIMU000396,AC0000000396,251216.83
C000397,Harish Aurora,customer000397@novafin.example,3161177687,1966-10-30,"H.No. 25, Pau Circle, Morena-932382",Pune,SIMU000397,AC0000000397,268788.03
C000398,Umang Butala,customer000398@novafin.example,6491334245,1980-10-23,"H.No. 65, Banerjee Street, Nashik 202032",Mumbai,SIMU000398,AC0000000398,239702.57
C000399,Ekantika Apte,customer000399@novafin.example,7539673794,1996-05-01,"H.No. 24, Sura Path, Jalandhar 841560",Chennai,SIMU000399,AC0000000399,474072.43
C000400,Girindra Karan,customer000400@novafin.example,1184254768,1972-09-09,"30/358, Doshi, Katihar-838252",Bangalore,SIMU000400,AC0000000400,370440.42
C000401,Noah Kara,customer000401@novafin.example,8963406468,1967-07-18,"H.No. 148, Joshi Road, Allahabad-227236",Hyderabad,SIMU000401,AC0000000401,242570.2
C000402,Oni Raman,customer000402@novafin.example,3513426192,1991-05-20,"H.No. 184, Chauhan Circle, Ahmednagar 418972",Bangalore,SIMU000402,AC0000000402,53892.07
C000403,Harita Magar,customer000403@novafin.example,6417692743,1995-06-07,"76/601, Majumdar Road, Danapur 645101",Ahmedabad,SIMU000403,AC0000000403,427466.81
C000404,Xavier Talwar,customer000404@novafin.example,9641789969,1986-07-31,"11/35, Sama, Thane 779806",Kolkata,SIMU000404,AC0000000404,350896.31
C000405,Atharv Kalita,customer000405@novafin.example,0514607455,1975-12-27,"42, Nagy Ganj, Karnal 715598",Ahmedabad,SIMU000405,AC0000000405,363390.62
C000406,Edhitha Mohan,customer000406@novafin.example,1659726347,2006-08-05,"501, Mukherjee Ganj, Karaikudi 691311",Ahmedabad,SIMU000406,AC0000000406,59908.09
C000407,Adya Dhingra,customer000407@novafin.example,8562614991,2001-11-08,"24/07, Kanda Ganj, Kamarhati 320430",Mumbai,SIMU000407,AC0000000407,178003.11
C000408,Reva Sachdeva,customer000408@novafin.example,6289696454,2006-11-19,"51/25, Yohannan Ganj, Jalandhar-851935",Delhi,SIMU000408,AC0000000408,56199.06
C000409,Udyati Luthra,customer000409@novafin.example,7977961208,2006-08-07,"21/514, Krishnan, Khora  626374",Hyderabad,SIMU000409,AC0000000409,321550.81
C000410,Ganga Kaul,customer000410@novafin.example,2895090591,1981-09-08,"33/922, Talwar Nagar, Bathinda-169666",Pune,SIMU000410,AC0000000410,205929.59
C000411,Lakshit Oza,customer000411@novafin.example,1452647124,1969-07-15,"18, Bahri Road, Proddatur 512080",Hyderabad,SIMU000411,AC0000000411,240514.82
C000412,Eta Rajagopalan,customer000412@novafin.example,0995123972,1952-03-27,"27/28, Saxena Street, Agra-441529",Kolkata,SIMU000412,AC0000000412,72109.77
C000413,Harish Tank,customer000413@novafin.example,9295786718,1970-07-10,"36, Parmar Nagar, Nangloi Jat-815899",Mumbai,SIMU000413,AC0000000413,430076.55
C000414,Sai Mandal,customer000414@novafin.example,2734666617,1967-07-08,"H.No. 74, Wable Nagar, Maheshtala-499825",Chennai,SIMU000414,AC0000000414,229283.22
C000415,Ayaan Batta,customer000415@novafin.example,6358068828,1952-05-07,"513, Jhaveri Chowk, Ranchi-314035",Chennai,SIMU000415,AC0000000415,221561.45
C000416,Madhavi Kari,customer000416@novafin.example,6022939469,1973-06-25,"64, Sura Ganj, Ghaziabad 607231",Ahmedabad,SIMU000416,AC0000000416,214396.84
C000417,Jack Dutt,customer000417@novafin.example,1285246484,1953-01-07,"187, Datta Ganj, Nandyal 113062",Mumbai,SIMU000417,AC0000000417,173460.47
C000418,Ekansh Khurana,customer000418@novafin.example,9572790833,1946-08-09,"H.No. 25, Iyer Chowk, Katni-248132",Pune,SIMU000418,AC0000000418,340926.23
C000419,Gautami Sarna,customer000419@novafin.example,7139848228,1992-03-26,"80/92, Prabhakar Path, Asansol 306090",Pune,SIMU000419,AC0000000419,477956.45
C000420,Jagdish Kapur,customer000420@novafin.example,9810796496,1987-04-29,"77/278, Kapur Path, Baranagar 642506",Ahmedabad,SIMU000420,AC0000000420,56888.32
C000421,Maanas Basak,customer000421@novafin.example,6836253666,1972-01-26,"H.No. 56, Wagle Street, Sambalpur-393957",Mumbai,SIMU000421,AC0000000421,69284.3
C000422,Kavya Mohanty,customer000422@novafin.example,6271874960,1983-03-07,"62/70, Raju Ganj, Darbhanga-693265",Mumbai,SIMU000422,AC0000000422,378679.76
C000423,Yatan De,customer000423@novafin.example,5998011100,1966-12-15,"23/415, Mutti, Fatehpur 244182",Pune,SIMU000423,AC0000000423,410590.41
C000424,Nihal Sagar,customer000424@novafin.example,8962887431,1997-01-22,"76, Garde Chowk, Dharmavaram 799270",Bangalore,SIMU000424,AC0000000424,303570.91
C000425,Hemangini Nori,customer000425@novafin.example,5122946213,1969-10-10,"96/25, Handa Road, Saharsa-752034",Pune,SIMU000425,AC0000000425,343256.3
C000426,Saumya Sant,customer000426@novafin.example,0471580290,1971-07-17,"60, Prashad Road, Ambarnath-652548",Kolkata,SIMU000426,AC0000000426,192959.09
C000427,Vrinda Manda,customer000427@novafin.example,1715810213,1950-01-21,"H.No. 100, Bobal Path, Ballia-519102",Kolkata,SIMU000427,AC0000000427,437343.77
C000428,Finn Grewal,customer000428@novafin.example,1063301658,1993-10-31,"49, Savant Nagar, Guna-123428",Bangalore,SIMU000428,AC0000000428,484989.35
C000429,Jatin Borra,customer000429@novafin.example,2532694968,1962-09-18,"04/42, Bhatia Zila, Kumbakonam 096170",Hyderabad,SIMU000429,AC0000000429,192031.94
C000430,Eiravati Pathak,customer000430@novafin.example,9457575747,1961-02-27,"56/775, Sheth Marg, Bidhannagar-266025",Chennai,SIMU000430,AC0000000430,98496.83
C000431,Manthan Ratta,customer000431@novafin.example,0622923106,1968-08-04,"62, Mall Road, Jhansi-976627",Ahmedabad,SIMU000431,AC0000000431,131516.31
C000432,Ira Cherian,customer000432@novafin.example,5794238736,1988-08-11,"49/691, Dayal, Mau-259710",Mumbai,SIMU000432,AC0000000432,191304.15
C000433,Kala Sahni,customer000433@novafin.example,3535748595,1998-10-28,"797, Munshi Nagar, Yamunanagar-951877",Pune,SIMU000433,AC0000000433,79570.52
C000434,Ekalinga Sengupta,customer000434@novafin.example,3425073305,1983-11-15,"H.No. 75, Yadav, Maheshtala-403884",Hyderabad,SIMU000434,AC0000000434,297697.5
C000435,Krisha Sampath,customer000435@novafin.example,4432400615,1988-03-24,"75/14, Majumdar Chowk, Medininagar-429250",Kolkata,SIMU000435,AC0000000435,426448.7
C000436,Charles Narain,customer000436@novafin.example,5256806562,1989-06-08,"90/80, Taneja Street, Jabalpur 218231",Bangalore,SIMU000436,AC0000000436,314272.58
C000437,Ishanvi Nigam,customer000437@novafin.example,6517680866,2001-01-20,"143, Bhalla Ganj, Faridabad-700332",Hyderabad,SIMU000437,AC0000000437,38752.76
C000438,Xiti Nagarajan,customer000438@novafin.example,6608470681,1948-02-01,"70/51, Pillai, Sikar-280944",Hyderabad,SIMU000438,AC0000000438,358781.92
C000439,Yasti Rama,customer000439@novafin.example,3945354614,1986-09-11,"106, Jha Zila, Jehanabad-394570",Hyderabad,SIMU000439,AC0000000439,462730.32
C000440,Zayyan Kalla,customer000440@novafin.example,4032537657,2008-04-19,"94/31, Chhabra, Ludhiana-040476",Pune,SIMU000440,AC0000000440,27900.25
C000441,Gunbir Bera,customer000441@novafin.example,3365146040,1963-07-08,"H.No. 072, Chowdhury Nagar, Noida-984409",Delhi,SIMU000441,AC0000000441,294002.52
C000442,Dev Dua,customer000442@novafin.example,1660076762,1990-04-27,"47/340, Guha Road, Sultan Pur Majra 096873",Kolkata,SIMU000442,AC0000000442,58053.08
C000443,Bhavini Patla,customer000443@novafin.example,9577825588,1973-05-02,"H.No. 75, Divan Road, Hosur-561942",Bangalore,SIMU000443,AC0000000443,68584.9
C000444,Jagrati Shukla,customer000444@novafin.example,8205829582,2001-10-03,"18, Barman Circle, Ramgarh-482357",Chennai,SIMU000444,AC0000000444,203692.34
C000445,Eshana Prakash,customer000445@novafin.example,8639561372,2000-01-27,"143, Mitter Marg, Hosur 300041",Ahmedabad,SIMU000445,AC0000000445,186925.59
C000446,Quincy Bora,customer000446@novafin.example,4716560945,1966-04-23,"99/070, Nagarajan Chowk, Ludhiana-768169",Pune,SIMU000446,AC0000000446,173027.75
C000447,Vritti Bala,customer000447@novafin.example,0717481131,1962-01-23,"H.No. 48, Kalita Chowk, Bareilly-290871",Pune,SIMU000447,AC0000000447,393996.92
C000448,Ubika Maharaj,customer000448@novafin.example,8049187274,1986-07-17,"H.No. 213, Sunder Chowk, Kolkata 260423",Mumbai,SIMU000448,AC0000000448,444587.54
C000449,Wakeeta Karnik,customer000449@novafin.example,1122299077,1993-11-04,"70, Sarin Road, Jabalpur 145768",Delhi,SIMU000449,AC0000000449,99769.7
C000450,Laksh Dara,customer000450@novafin.example,2192378584,1985-04-01,"03/32, Deol Road, Hyderabad-080184",Bangalore,SIMU000450,AC0000000450,345135.14
C000451,Chavvi Devan,customer000451@novafin.example,3733777312,2004-01-26,"28/217, Bora Circle, Shahjahanpur 534606",Hyderabad,SIMU000451,AC0000000451,235478.66
C000452,Ekani Rana,customer000452@novafin.example,3567932798,1986-05-25,"H.No. 690, Bhatti Marg, Ulhasnagar 546475",Kolkata,SIMU000452,AC0000000452,255689.31
C000453,Eta Morar,customer000453@novafin.example,8769899927,1968-12-08,"44/498, Munshi Ganj, Mathura 543586",Ahmedabad,SIMU000453,AC0000000453,221737.28
C000454,Aishani Samra,customer000454@novafin.example,9243588537,1953-08-12,"952, Prasad Chowk, Katni 497852",Chennai,SIMU000454,AC0000000454,383597.99
C000455,Ekbal Krishnan,customer000455@novafin.example,6860134778,1984-04-02,"H.No. 06, Chokshi Chowk, Junagadh-512215",Mumbai,SIMU000455,AC0000000455,188957.11
C000456,Benjamin Boase,customer000456@novafin.example,1884216309,1968-08-11,"33, Loke Ganj, Patiala 089532",Mumbai,SIMU000456,AC0000000456,159542.07
C000457,Samar Badal,customer000457@novafin.example,1994711363,1956-11-28,"H.No. 10, Morar Ganj, Adoni-733116",Ahmedabad,SIMU000457,AC0000000457,275293.7
C000458,Saanvi Doctor,customer000458@novafin.example,9608437685,1980-03-05,"35/21, Purohit, Sambhal-355643",Hyderabad,SIMU000458,AC0000000458,46573.25
C000459,Vihaan Raghavan,customer000459@novafin.example,0931706955,1975-04-30,"H.No. 645, Luthra Ganj, Bhilwara-223989",Kolkata,SIMU000459,AC0000000459,492611.69
C000460,Balhaar Raj,customer000460@novafin.example,0312198041,1955-10-12,"42, Rout Ganj, Rourkela 319092",Bangalore,SIMU000460,AC0000000460,28651.37
C000461,Upma Sampath,customer000461@novafin.example,3039111428,1997-05-31,"823, Nanda Nagar, Darbhanga 880622",Hyderabad,SIMU000461,AC0000000461,474028.94
C000462,Upasna Dugal,customer000462@novafin.example,3959473721,1996-12-24,"20, Sharma Road, Tenali 878599",Delhi,SIMU000462,AC0000000462,387976.43
C000463,Zayan Viswanathan,customer000463@novafin.example,2872031954,1971-09-02,"H.No. 05, Issac Chowk, Thrissur-279246",Hyderabad,SIMU000463,AC0000000463,180858.12
C000464,Lucky Babu,customer000464@novafin.example,7476775372,1955-07-17,"H.No. 05, Raju Chowk, Solapur 588707",Bangalore,SIMU000464,AC0000000464,261258.03
C000465,Indira Narula,customer000465@novafin.example,4820128400,1970-11-25,"59, Palan Chowk, Anantapuram 089177",Kolkata,SIMU000465,AC0000000465,108455.03
C000466,Yoshita Bansal,customer000466@novafin.example,2657422319,1960-08-16,"H.No. 02, Sahota Ganj, Erode 689430",Kolkata,SIMU000466,AC0000000466,277976.62
C000467,Nihal Barad,customer000467@novafin.example,7137271175,1963-03-14,"29/84, Korpal, Lucknow 745847",Chennai,SIMU000467,AC0000000467,262624.61
C000468,Charan Mital,customer000468@novafin.example,1283337218,1996-03-01,"54/13, Srivastava Street, Satara-666267",Pune,SIMU000468,AC0000000468,59235.86
C000469,Gauri Prabhakar,customer000469@novafin.example,4377693663,2000-05-20,"959, Butala Marg, Gwalior-028671",Bangalore,SIMU000469,AC0000000469,232204.31
C000470,Charan Agate,customer000470@novafin.example,2024559102,1948-04-14,"03/26, Chokshi Chowk, Guntakal 981942",Ahmedabad,SIMU000470,AC0000000470,462552.16
C000471,Turvi Lad,customer000471@novafin.example,8179340652,1980-04-07,"66/345, Khosla Ganj, Jalgaon 010912",Pune,SIMU000471,AC0000000471,298485.6
C000472,Saumya Date,customer000472@novafin.example,1455937661,1993-11-22,"05/263, Bhatti Path, Patna-627765",Kolkata,SIMU000472,AC0000000472,362012.01
C000473,Kiaan Narain,customer000473@novafin.example,5920246175,1961-12-20,"260, Patel Nagar, Srikakulam-501783",Kolkata,SIMU000473,AC0000000473,162519.72
C000474,Manbir Natarajan,customer000474@novafin.example,8689993607,1982-04-20,"H.No. 50, Bhatnagar Marg, Erode-993593",Kolkata,SIMU000474,AC0000000474,34906.87
C000475,Alka Mital,customer000475@novafin.example,3946408303,1945-10-15,"H.No. 488, Babu Marg, Ghaziabad-793884",Pune,SIMU000475,AC0000000475,106639.76
C000476,Wahab Ramachandran,customer000476@novafin.example,2830615370,1957-02-20,"26, Gade Ganj, Jalandhar 488112",Ahmedabad,SIMU000476,AC0000000476,420212.31
C000477,Aarush Khatri,customer000477@novafin.example,4217518878,1964-07-29,"H.No. 526, Krishna Ganj, Udupi 122528",Pune,SIMU000477,AC0000000477,66861.69
C000478,Varenya Panchal,customer000478@novafin.example,5661863239,1996-04-23,"76/55, Barman Ganj, Bidhannagar-095055",Mumbai,SIMU000478,AC0000000478,140575.33
C000479,Abhimanyu Murty,customer000479@novafin.example,1219881927,1995-01-13,"05/34, Sandal Circle, Agra 042462",Kolkata,SIMU000479,AC0000000479,273882.21
C000480,Harini Sabharwal,customer000480@novafin.example,8517446004,2004-10-21,"H.No. 11, Nath Road, Amravati-939130",Kolkata,SIMU000480,AC0000000480,438499.1
C000481,Deepa Buch,customer000481@novafin.example,8416046154,1952-01-21,"07, Ravi Path, Bilaspur 983152",Pune,SIMU000481,AC0000000481,130246.73
C000482,Hemang Badal,customer000482@novafin.example,3228360849,1961-10-29,"963, Master Circle, Bhavnagar 969443",Delhi,SIMU000482,AC0000000482,61280.2
C000483,Osha Kumer,customer000483@novafin.example,0169342929,1994-01-09,"016, Kamdar Street, Gorakhpur 310615",Mumbai,SIMU000483,AC0000000483,277037.29
C000484,Sanya Dhawan,customer000484@novafin.example,1556684732,1958-06-06,"46, Krishnan Nagar, Bhiwani-200784",Chennai,SIMU000484,AC0000000484,455313.3
C000485,Odika Choudhry,customer000485@novafin.example,2442607819,1989-06-23,"476, Dyal Road, Muzaffarnagar-203763",Pune,SIMU000485,AC0000000485,191772.37
C000486,Imaran Loyal,customer000486@novafin.example,8414846019,1962-10-16,"78/020, Saini Path, Mumbai-321464",Delhi,SIMU000486,AC0000000486,137227.7
C000487,Ryan Ratti,customer000487@novafin.example,1679335055,1968-04-29,"80, Chauhan Zila, Ahmednagar-037681",Delhi,SIMU000487,AC0000000487,146584.91
C000488,Ridhi Deshmukh,customer000488@novafin.example,3351040961,2006-05-31,"H.No. 39, Chander Zila, Khora -074820",Delhi,SIMU000488,AC0000000488,311139.52
C000489,Tarak Sabharwal,customer000489@novafin.example,1189394065,1992-12-29,"19/043, Dugar Street, Ranchi-333247",Mumbai,SIMU000489,AC0000000489,109144.41
C000490,Shivani Kara,customer000490@novafin.example,0135462127,1971-02-15,"61/123, Dube Zila, Moradabad 324888",Ahmedabad,SIMU000490,AC0000000490,245377.71
C000491,Sneha Dugar,customer000491@novafin.example,7629745493,1965-09-30,"H.No. 912, Karpe Nagar, Karaikudi-692082",Ahmedabad,SIMU000491,AC0000000491,348538.4
C000492,Jonathan Khosla,customer000492@novafin.example,8981388158,1963-05-29,"067, Dey Ganj, Hubli–Dharwad 971681",Pune,SIMU000492,AC0000000492,435517.27
C000493,Triveni Gala,customer000493@novafin.example,5000000152,1992-06-14,"H.No. 785, Bal Nagar, Nagercoil-618444",Pune,SIMU000493,AC0000000493,96704.77
C000494,Frederick Divan,customer000494@novafin.example,4781224890,1948-05-20,"H.No. 090, Lal Nagar, Burhanpur-515848",Mumbai,SIMU000494,AC0000000494,247737.51
C000495,Nidhi Purohit,customer000495@novafin.example,3624835505,1971-03-06,"70/633, Sharma Marg, Pune 210401",Hyderabad,SIMU000495,AC0000000495,403256.6
C000496,Zayyan Wadhwa,customer000496@novafin.example,8804428773,1994-07-05,"43, Bhatti Street, Silchar-289464",Bangalore,SIMU000496,AC0000000496,192172.56
C000497,Ansh Kibe,customer000497@novafin.example,2586314417,1988-08-14,"H.No. 54, Grover Nagar, Berhampur-582430",Mumbai,SIMU000497,AC0000000497,172443.73
C000498,Upma Purohit,customer000498@novafin.example,6448988031,1993-02-04,"H.No. 27, Bhatia, Agra-043333",Ahmedabad,SIMU000498,AC0000000498,42863.44
C000499,Rishi Vora,customer000499@novafin.example,9516321119,1994-09-19,"33/91, Tailor Ganj, Guntur 530601",Pune,SIMU000499,AC0000000499,420055.9
C000500,Yashasvi Taneja,customer000500@novafin.example,6178688002,1985-07-09,"18, Viswanathan Street, Sambalpur 577449",Mumbai,SIMU000500,AC0000000500,331216.57
C000501,Ojasvi Aggarwal,customer000501@novafin.example,6595201491,1965-02-26,"368, Oza Chowk, Dharmavaram 632239",Mumbai,SIMU000501,AC0000000501,317128.98
C000502,Ethan Khatri,customer000502@novafin.example,4556114042,1996-06-24,"05/376, Saran Marg, Kadapa 126003",Kolkata,SIMU000502,AC0000000502,244788.04
C000503,Zinal Jani,customer000503@novafin.example,6691062715,1997-11-14,"H.No. 50, Upadhyay Marg, Junagadh-776829",Bangalore,SIMU000503,AC0000000503,238623.51
C000504,Aishani Mannan,customer000504@novafin.example,1348087354,1995-10-07,"H.No. 335, Dash, Kota-709085",Chennai,SIMU000504,AC0000000504,177725.21
C000505,Bimala Mangal,customer000505@novafin.example,0749269996,2004-10-23,"H.No. 842, Pau Circle, Jehanabad 259140",Ahmedabad,SIMU000505,AC0000000505,263149.47
C000506,Robert Gill,customer000506@novafin.example,1234266980,1983-08-08,"17, Balasubramanian Marg, Akola-483893",Bangalore,SIMU000506,AC0000000506,238998.48
C000507,Janaki Kohli,customer000507@novafin.example,8040561299,1983-01-05,"58/26, Chander Road, Chapra-561308",Pune,SIMU000507,AC0000000507,491633.15
C000508,Pooja Chaudhari,customer000508@novafin.example,3859514346,1985-08-16,"00/273, Ahuja Nagar, Ghaziabad 610168",Mumbai,SIMU000508,AC0000000508,264660.78
C000509,Falan Bumb,customer000509@novafin.example,9500168094,1950-08-13,"62, Hayre Circle, Bulandshahr 053440",Delhi,SIMU000509,AC0000000509,43592.51
C000510,Ridhi Savant,customer000510@novafin.example,6207266292,1999-12-26,"76/029, Bhavsar, Lucknow 884133",Ahmedabad,SIMU000510,AC0000000510,495718.36
C000511,Sudiksha Kata,customer000511@novafin.example,2552356178,1959-08-01,"H.No. 920, Chowdhury Marg, Bhusawal-852778",Delhi,SIMU000511,AC0000000511,197851.53
C000512,Krisha Dara,customer000512@novafin.example,3718444902,1955-03-22,"01/64, Bera Road, Bidhannagar-416781",Hyderabad,SIMU000512,AC0000000512,209022.87
C000513,Ubika Tata,customer000513@novafin.example,2102179821,1974-03-17,"79/736, Zacharia Ganj, Raipur-856053",Pune,SIMU000513,AC0000000513,347476.42
C000514,Arin Tailor,customer000514@novafin.example,6177067368,1997-08-30,"21/22, Palla Ganj, Kozhikode 650587",Bangalore,SIMU000514,AC0000000514,399882.79
C000515,Alka Ravel,customer000515@novafin.example,1821925967,1985-10-30,"99, Mani Circle, Kozhikode 050938",Pune,SIMU000515,AC0000000515,56308.13
C000516,Zashil Tripathi,customer000516@novafin.example,2495988114,1980-03-04,"71/523, Ratti Circle, Pali-382097",Mumbai,SIMU000516,AC0000000516,290032.53
C000517,Lajita Brahmbhatt,customer000517@novafin.example,7798768299,1994-07-14,"H.No. 89, Tak Ganj, Katihar-806235",Kolkata,SIMU000517,AC0000000517,159969.81
C000518,Amruta Balan,customer000518@novafin.example,6695790012,1998-08-09,"H.No. 42, Ramaswamy Circle, Guntakal 325942",Delhi,SIMU000518,AC0000000518,183346.97
C000519,Kiaan Walia,customer000519@novafin.example,6338915624,1981-11-28,"562, Garg, Giridih 358951",Delhi,SIMU000519,AC0000000519,460454.57
C000520,Yamini Cherian,customer000520@novafin.example,5507846850,1998-03-29,"034, Dar, Gorakhpur 972038",Hyderabad,SIMU000520,AC0000000520,484655.84
C000521,Warinder Luthra,customer000521@novafin.example,1536415471,1952-12-07,"H.No. 93, Soni Marg, Patiala-750094",Kolkata,SIMU000521,AC0000000521,86252.04
C000522,Ikbal Mander,customer000522@novafin.example,0527698198,1986-10-24,"H.No. 452, Varkey Ganj, Rewa-258660",Mumbai,SIMU000522,AC0000000522,172051.4
C000523,Yashawini Sagar,customer000523@novafin.example,8744227585,1995-07-06,"H.No. 94, Thakkar Street, Avadi-165020",Kolkata,SIMU000523,AC0000000523,330659.3
C000524,Brijesh Dugal,customer000524@novafin.example,5393132155,1967-09-07,"H.No. 836, Gopal Circle, Anantapuram 488966",Pune,SIMU000524,AC0000000524,411262.77
C000525,Maanas Tata,customer000525@novafin.example,6774620258,1959-11-14,"812, Bhatnagar Ganj, Kollam 049106",Mumbai,SIMU000525,AC0000000525,331861.79
C000526,Gautam Venkatesh,customer000526@novafin.example,6472387508,1980-12-06,"257, Nagi Chowk, Mirzapur 726290",Kolkata,SIMU000526,AC0000000526,266532.03
C000527,Lucky Chana,customer000527@novafin.example,6831608271,1976-09-29,"39, Grewal, Anantapur-229993",Bangalore,SIMU000527,AC0000000527,197233.89
C000528,Onveer Chaudhuri,customer000528@novafin.example,5914388232,1999-05-09,"44/61, Sheth Chowk, Muzaffarnagar-643095",Delhi,SIMU000528,AC0000000528,476805.42
C000529,Zehaan Tara,customer000529@novafin.example,2799702927,1968-03-02,"71/37, Devi Path, Bikaner-012560",Pune,SIMU000529,AC0000000529,475142.43
C000530,Oscar Barad,customer000530@novafin.example,4879788897,1991-01-19,"860, Jaggi Nagar, Alwar 361995",Ahmedabad,SIMU000530,AC0000000530,116202.49
C000531,Triveni Bhavsar,customer000531@novafin.example,2391029295,1959-03-03,"83/093, Sagar Nagar, Gwalior-971912",Delhi,SIMU000531,AC0000000531,98598.96
C000532,Chanakya Dora,customer000532@novafin.example,1321767201,1953-04-22,"H.No. 220, Balay Zila, Bhavnagar-873393",Hyderabad,SIMU000532,AC0000000532,426103.48
C000533,Chaaya Hans,customer000533@novafin.example,6538027481,1952-06-21,"H.No. 868, Nazareth Street, Gangtok 229462",Mumbai,SIMU000533,AC0000000533,266152.61
C000534,Rishi Peri,customer000534@novafin.example,6103995297,1976-07-06,"H.No. 36, Narain Path, Munger 230412",Bangalore,SIMU000534,AC0000000534,339416.39
C000535,Lohit Subramaniam,customer000535@novafin.example,6159273874,1987-10-15,"16/690, Kari Marg, Cuttack 815542",Delhi,SIMU000535,AC0000000535,308692.06
C000536,Tristan Mangal,customer000536@novafin.example,3010956797,1988-01-10,"95, Mane Path, Malegaon 471247",Delhi,SIMU000536,AC0000000536,102067.43
C000537,Aarnav Choudhry,customer000537@novafin.example,8018103068,1972-10-06,"26, Basak Circle, Hazaribagh 571290",Delhi,SIMU000537,AC0000000537,367561.92
C000538,Hema Bhat,customer000538@novafin.example,1380671307,1948-11-21,"47/43, Gill Marg, Thiruvananthapuram 096258",Bangalore,SIMU000538,AC0000000538,220157.84
C000539,Sanya Sandhu,customer000539@novafin.example,9470318053,1956-04-16,"66, Brar Street, Bhimavaram-832700",Chennai,SIMU000539,AC0000000539,485554.59
C000540,Amaira Rau,customer000540@novafin.example,6145901107,1954-02-05,"H.No. 493, Bir Circle, Chapra 531520",Hyderabad,SIMU000540,AC0000000540,382385.8
C000541,Yachana Barad,customer000541@novafin.example,9769873137,2001-01-02,"84/16, Chaudhary Marg, Thrissur-407794",Ahmedabad,SIMU000541,AC0000000541,136151.4
C000542,Viraj Ghosh,customer000542@novafin.example,6238994991,1950-03-13,"20, Sibal Ganj, Kottayam 821160",Chennai,SIMU000542,AC0000000542,171997.25
C000543,Ayaan Lad,customer000543@novafin.example,8135998989,1951-04-27,"88/948, Bobal Nagar, Bhilwara-822175",Ahmedabad,SIMU000543,AC0000000543,454387.81
C000544,Ria Tripathi,customer000544@novafin.example,7082004806,1990-12-31,"691, Rau Road, Guwahati 879429",Chennai,SIMU000544,AC0000000544,199724.46
C000545,Yamini Dora,customer000545@novafin.example,6970409531,1974-06-16,"07, Kothari Circle, Morbi 883565",Ahmedabad,SIMU000545,AC0000000545,244297.99
C000546,Triveni Rao,customer000546@novafin.example,4096496683,1947-05-19,"42/17, Dua Nagar, Kota 225936",Hyderabad,SIMU000546,AC0000000546,394608.92
C000547,Jeremiah Acharya,customer000547@novafin.example,4868839062,1955-12-08,"09, Chakraborty Zila, Srinagar-193592",Kolkata,SIMU000547,AC0000000547,483977.37
C000548,Nikita Chokshi,customer000548@novafin.example,3760523045,1972-11-24,"544, Dhillon Chowk, Amravati 650344",Chennai,SIMU000548,AC0000000548,405598.13
C000549,Omaja Ratti,customer000549@novafin.example,7718249898,2007-05-25,"82, Magar Zila, Mango 681359",Delhi,SIMU000549,AC0000000549,439675.91
C000550,Meera Puri,customer000550@novafin.example,8698939698,1971-07-29,"H.No. 59, Murthy Road, Bhubaneswar 929207",Bangalore,SIMU000550,AC0000000550,329560.04
C000551,Yatin Raj,customer000551@novafin.example,5117160398,1974-04-21,"21, Lad Circle, Serampore 670009",Pune,SIMU000551,AC0000000551,288406.85
C000552,Laban Misra,customer000552@novafin.example,2046648966,1967-11-18,"045, Patla Marg, Mango-809745",Mumbai,SIMU000552,AC0000000552,362915.46
C000553,Rehaan Toor,customer000553@novafin.example,6235466226,1953-01-05,"95/30, Sandal Nagar, Gaya-224276",Mumbai,SIMU000553,AC0000000553,160404.93
C000554,Urvi Mukhopadhyay,customer000554@novafin.example,2591601124,2007-08-12,"H.No. 080, Som Zila, Ongole 823129",Delhi,SIMU000554,AC0000000554,154575.87
C000555,Sachi Arya,customer000555@novafin.example,7264261212,1962-09-25,"H.No. 36, Raju Path, Surendranagar Dudhrej-254824",Delhi,SIMU000555,AC0000000555,419747.19
C000556,Jatin Kaul,customer000556@novafin.example,4540064454,2004-10-30,"H.No. 232, Mangal Chowk, Udupi-776334",Mumbai,SIMU000556,AC0000000556,474546.3
C000557,Vrishti Gara,customer000557@novafin.example,3886217508,1998-12-28,"H.No. 453, Raju Nagar, Anantapur-493534",Chennai,SIMU000557,AC0000000557,412934.05
C000558,Balendra Chawla,customer000558@novafin.example,6778481652,2008-01-09,"H.No. 60, Kade Circle, Amritsar 993781",Pune,SIMU000558,AC0000000558,466974.17
C000559,Ekani Khosla,customer000559@novafin.example,2878848699,1981-07-18,"H.No. 57, Deol, Vasai-Virar-724630",Kolkata,SIMU000559,AC0000000559,50297.02
C000560,Lakshmi Krishnan,customer000560@novafin.example,4238397283,1955-11-28,"H.No. 629, Gera Ganj, Gangtok 221010",Pune,SIMU000560,AC0000000560,136994.59
C000561,Victor Gill,customer000561@novafin.example,0186766100,2008-03-18,"H.No. 081, Gulati Road, Yamunanagar-403845",Mumbai,SIMU000561,AC0000000561,203083.52
C000562,Frederick Uppal,customer000562@novafin.example,7468235469,1945-11-19,"62, Pingle Nagar, Ozhukarai-715006",Bangalore,SIMU000562,AC0000000562,176375.32
C000563,Madhavi Sami,customer000563@novafin.example,1106541134,1967-09-06,"94/97, Virk Nagar, Arrah 668348",Mumbai,SIMU000563,AC0000000563,423608.74
C000564,Krishna Warrior,customer000564@novafin.example,2697083868,1953-09-08,"15/05, Sanghvi, Mirzapur-197609",Pune,SIMU000564,AC0000000564,400905.8
C000565,Jonathan Bains,customer000565@novafin.example,2657898260,2003-10-21,"175, Uppal Path, Kochi 774127",Delhi,SIMU000565,AC0000000565,43194.02
C000566,Lekha Goyal,customer000566@novafin.example,1882419962,1956-09-16,"H.No. 89, Sengupta Zila, Bilaspur-421854",Ahmedabad,SIMU000566,AC0000000566,355634.19
C000567,Vedika Bath,customer000567@novafin.example,6820922570,1949-12-13,"56/407, Kakar Street, Alwar-282895",Delhi,SIMU000567,AC0000000567,385449.55
C000568,Abdul Bhardwaj,customer000568@novafin.example,7882247312,1982-07-15,"10, Bhargava Path, Bhiwandi 092711",Ahmedabad,SIMU000568,AC0000000568,238085.7
C000569,Quincy Sane,customer000569@novafin.example,0537092300,1986-01-13,"H.No. 741, Muni Circle, Durg 298769",Bangalore,SIMU000569,AC0000000569,455282.31
C000570,Nitara Padmanabhan,customer000570@novafin.example,9447161982,2000-10-26,"10/450, Pandey Street, Korba 174357",Bangalore,SIMU000570,AC0000000570,146563.87
C000571,Wyatt Nazareth,customer000571@novafin.example,6806486067,1960-07-17,"83/84, Nadkarni Street, Eluru 628055",Delhi,SIMU000571,AC0000000571,285682.02
C000572,Sanaya Sawhney,customer000572@novafin.example,0657955156,1958-01-27,"55/10, More Chowk, Ghaziabad 311178",Kolkata,SIMU000572,AC0000000572,77813.76
C000573,Girish Bahl,customer000573@novafin.example,5476022069,2001-04-09,"20/122, Murthy Chowk, Allahabad 260151",Hyderabad,SIMU000573,AC0000000573,137879.11
C000574,Tanish Goswami,customer000574@novafin.example,9479507407,2003-02-08,"80/59, Bala Path, Amritsar-064934",Mumbai,SIMU000574,AC0000000574,47680.99
C000575,Samar Dani,customer000575@novafin.example,4520360894,1966-01-16,"59/928, Pal Path, Dindigul 205610",Kolkata,SIMU000575,AC0000000575,328502.07
C000576,Nikita Sur,customer000576@novafin.example,0696801867,1998-08-07,"42/33, Mani, Amaravati-300677",Ahmedabad,SIMU000576,AC0000000576,54833.4
C000577,Naksh Natt,customer000577@novafin.example,0325017365,1958-02-18,"84, Bhat Street, Chapra 334511",Ahmedabad,SIMU000577,AC0000000577,308451.05
C000578,Azad Baral,customer000578@novafin.example,0530886843,1951-08-26,"32, Ahuja, Thanjavur-598875",Bangalore,SIMU000578,AC0000000578,325178.6
C000579,Gagan Garg,customer000579@novafin.example,4260336202,1981-01-25,"H.No. 77, Date Nagar, Raiganj-152380",Chennai,SIMU000579,AC0000000579,366308.56
C000580,Ranbir Sankar,customer000580@novafin.example,1921581897,1952-01-24,"H.No. 863, Prabhu Circle, Jamalpur-959772",Hyderabad,SIMU000580,AC0000000580,228888.47
C000581,Lakshmi Varughese,customer000581@novafin.example,0537893186,2007-06-20,"45/40, Varkey Zila, Gulbarga-200283",Pune,SIMU000581,AC0000000581,139268.01
C000582,Joshua Karnik,customer000582@novafin.example,2041447432,1974-04-26,"02/020, Bedi Ganj, Jalgaon 227752",Kolkata,SIMU000582,AC0000000582,113974.11
C000583,Yagnesh Pradhan,customer000583@novafin.example,0281650646,1969-01-27,"75, Char Marg, Mira-Bhayandar-029161",Mumbai,SIMU000583,AC0000000583,273655.16
C000584,Chanchal Radhakrishnan,customer000584@novafin.example,2983104384,1972-04-21,"13/16, Atwal Chowk, Ambarnath-856670",Pune,SIMU000584,AC0000000584,57147.68
C000585,Vivaan Ramesh,customer000585@novafin.example,1986550494,1975-08-24,"493, Saha Ganj, Bangalore-962732",Bangalore,SIMU000585,AC0000000585,210465.52
C000586,Lekha Desai,customer000586@novafin.example,1142436258,1952-07-15,"91/96, Khatri Street, Guwahati 433853",Ahmedabad,SIMU000586,AC0000000586,45678.85
C000587,Baghyawati Sharma,customer000587@novafin.example,5058333430,1993-09-15,"05, Pingle Road, Pali 757694",Kolkata,SIMU000587,AC0000000587,490993.73
C000588,Ryan Patel,customer000588@novafin.example,6597466986,2007-04-15,"H.No. 254, Bains Path, Chapra 948152",Hyderabad,SIMU000588,AC0000000588,379975.38
C000589,Luke Naidu,customer000589@novafin.example,9664721307,1970-09-04,"614, Lanka Nagar, Shahjahanpur 614543",Pune,SIMU000589,AC0000000589,399547.01
C000590,Sneha Sachar,customer000590@novafin.example,7310081785,1951-01-15,"H.No. 845, Kadakia Street, Parbhani 687447",Pune,SIMU000590,AC0000000590,139534.81
C000591,Isaiah Tank,customer000591@novafin.example,2086523777,1972-11-16,"370, Mallick Zila, Ranchi 278105",Mumbai,SIMU000591,AC0000000591,391463.15
C000592,Zilmil Bath,customer000592@novafin.example,0272214257,1947-06-09,"13/68, Talwar Zila, Visakhapatnam 136955",Pune,SIMU000592,AC0000000592,88369.56
C000593,Zarna Raman,customer000593@novafin.example,0929735259,1955-09-25,"73/938, Ghosh, Tumkur-735323",Pune,SIMU000593,AC0000000593,284356.53
C000594,Prisha Chahal,customer000594@novafin.example,0761087082,1999-04-03,"601, Swamy Nagar, Bhatpara 158388",Delhi,SIMU000594,AC0000000594,419432.24
C000595,Gaurav Tailor,customer000595@novafin.example,4846735742,1992-08-25,"801, Master, Jamnagar-892225",Ahmedabad,SIMU000595,AC0000000595,490889.11
C000596,Dakshesh Purohit,customer000596@novafin.example,9535063731,1964-02-12,"H.No. 13, Sunder Nagar, Berhampur-185201",Ahmedabad,SIMU000596,AC0000000596,325074.53
C000597,Lekha Ghosh,customer000597@novafin.example,0846397561,1948-09-13,"H.No. 91, Bhavsar Street, Chandigarh 411955",Delhi,SIMU000597,AC0000000597,54972.76
C000598,Anita Badal,customer000598@novafin.example,9693957875,2000-04-23,"H.No. 426, Aurora Street, Mehsana 212413",Ahmedabad,SIMU000598,AC0000000598,42567.3
C000599,Qushi Raval,customer000599@novafin.example,8976098731,2006-06-02,"H.No. 922, Ramachandran Chowk, Jaunpur-988978",Chennai,SIMU000599,AC0000000599,45807.98
C000600,Indira Khalsa,customer000600@novafin.example,9431916543,1988-12-24,"120, Dara Street, Nagercoil 576449",Chennai,SIMU000600,AC0000000600,445750.43
C000601,Bhanumati Srinivasan,customer000601@novafin.example,0026876448,1965-11-24,"H.No. 16, Rajan Ganj, Purnia-450063",Pune,SIMU000601,AC0000000601,468351.22
C000602,Divya Kannan,customer000602@novafin.example,3096496927,2005-09-15,"63/53, Prabhakar Nagar, Bangalore 551282",Kolkata,SIMU000602,AC0000000602,494833.28
C000603,Odika Jhaveri,customer000603@novafin.example,4315948989,1969-05-13,"63/454, Kant Road, Bardhaman 491699",Ahmedabad,SIMU000603,AC0000000603,145324.04
C000604,Xavier Kuruvilla,customer000604@novafin.example,9743946408,1960-11-30,"62/97, Walia Ganj, Salem 210972",Chennai,SIMU000604,AC0000000604,160902.68
C000605,Oscar Contractor,customer000605@novafin.example,0754853465,1954-08-12,"004, Sant Road, Eluru-293900",Bangalore,SIMU000605,AC0000000605,436254.18
C000606,Ishani Chhabra,customer000606@novafin.example,1375658963,1988-05-16,"61/99, Biswas Ganj, Karimnagar-345663",Pune,SIMU000606,AC0000000606,154777.89
C000607,Elijah Kapoor,customer000607@novafin.example,0342362203,1965-07-23,"31, Mitra Nagar, Hospet-868008",Pune,SIMU000607,AC0000000607,232551.91
C000608,Lohit Mand,customer000608@novafin.example,9021774174,1959-10-12,"385, Gade Nagar, Karaikudi 665275",Kolkata,SIMU000608,AC0000000608,378071.16
C000609,Rushil Iyer,customer000609@novafin.example,8293020256,1959-07-19,"H.No. 334, Sidhu Marg, Jabalpur 675076",Kolkata,SIMU000609,AC0000000609,186042.4
C000610,Vanya Palan,customer000610@novafin.example,3024530123,2001-03-03,"034, Batra Street, Panvel-719017",Delhi,SIMU000610,AC0000000610,260696.53
C000611,Nihal Deo,customer000611@novafin.example,0507648717,1973-10-21,"H.No. 06, Karan Path, Jamnagar 258122",Ahmedabad,SIMU000611,AC0000000611,199489.79
C000612,Banjeet Oza,customer000612@novafin.example,6844823733,1999-09-12,"110, Wali Zila, Anand-358690",Hyderabad,SIMU000612,AC0000000612,405545.34
C000613,Suhani Bawa,customer000613@novafin.example,4039251999,1986-05-05,"12, Dhar Street, Munger 338722",Kolkata,SIMU000613,AC0000000613,62490.33
C000614,Jalsa Mann,customer000614@novafin.example,2162654963,2001-03-13,"H.No. 44, Badami Chowk, Ambala-899504",Delhi,SIMU000614,AC0000000614,284100.34
C000615,Ansh Ganesan,customer000615@novafin.example,5968519537,1993-05-29,"32, Nadig, Muzaffarpur-277752",Pune,SIMU000615,AC0000000615,73734.01
C000616,Jagrati Dube,customer000616@novafin.example,6165812920,1955-11-27,"H.No. 563, Doshi Nagar, Satna 363726",Pune,SIMU000616,AC0000000616,338936.63
C000617,Chaman Gole,customer000617@novafin.example,6615498085,1994-11-23,"80/049, Kapur Circle, Rajkot 221215",Hyderabad,SIMU000617,AC0000000617,236809.99
C000618,Yasti Chowdhury,customer000618@novafin.example,8268687640,1981-10-05,"80/64, Deol Road, Kalyan-Dombivli 298778",Kolkata,SIMU000618,AC0000000618,104156.27
C000619,Yash Murthy,customer000619@novafin.example,6646419623,1987-03-08,"213, Badal Street, Rajkot-429483",Ahmedabad,SIMU000619,AC0000000619,191984.82
C000620,Baghyawati Sunder,customer000620@novafin.example,1797269999,1952-03-16,"H.No. 800, Sankaran Ganj, Alappuzha-200053",Bangalore,SIMU000620,AC0000000620,370236.84
C000621,Gayathri Hari,customer000621@novafin.example,3105052438,1969-10-24,"29/90, Seshadri Nagar, Deoghar-276332",Pune,SIMU000621,AC0000000621,317054.45
C000622,Yachana Rajan,customer000622@novafin.example,3761851862,1962-07-02,"H.No. 013, Tiwari Street, Kollam-921883",Kolkata,SIMU000622,AC0000000622,155413.8
C000623,Rachit Shenoy,customer000623@novafin.example,8750677610,1957-01-02,"43/192, Saxena Chowk, Bhiwandi 815969",Bangalore,SIMU000623,AC0000000623,60644.55
C000624,Chandani Palla,customer000624@novafin.example,2026656862,2002-01-29,"H.No. 73, Tripathi Road, Tiruvottiyur 394607",Kolkata,SIMU000624,AC0000000624,197572.79
C000625,Laban Bajaj,customer000625@novafin.example,4729669417,1978-08-08,"97/47, Pandey Road, Machilipatnam 183984",Delhi,SIMU000625,AC0000000625,477574.96
C000626,Nirja Shere,customer000626@novafin.example,4785369881,1981-12-15,"H.No. 50, Ganesan, Hyderabad 210262",Delhi,SIMU000626,AC0000000626,428117.92
C000627,Balveer Ranganathan,customer000627@novafin.example,4890082484,1998-01-17,"89/83, Narayan Nagar, Farrukhabad-997418",Ahmedabad,SIMU000627,AC0000000627,41529.51
C000628,Ojasvi Khalsa,customer000628@novafin.example,2750003056,2006-02-08,"H.No. 564, Lal Zila, Bahraich 679087",Mumbai,SIMU000628,AC0000000628,137097.81
C000629,Jagat Wali,customer000629@novafin.example,2600136510,1966-04-04,"90/67, Oza Road, Karaikudi 524062",Pune,SIMU000629,AC0000000629,197021.53
C000630,Jackson Naik,customer000630@novafin.example,9967256222,1968-03-19,"47/047, Srinivasan Road, Avadi-559396",Bangalore,SIMU000630,AC0000000630,312420.04
C000631,Onkar Char,customer000631@novafin.example,8350712455,1993-05-17,"36/221, Sodhi Zila, Asansol 726488",Ahmedabad,SIMU000631,AC0000000631,475691.18
C000632,Hiral Nagi,customer000632@novafin.example,8522942525,1979-10-28,"H.No. 91, Bhavsar Chowk, Naihati 805491",Pune,SIMU000632,AC0000000632,235871.16
C000633,Sara Sha,customer000633@novafin.example,4735352478,1953-09-27,"97/344, Jani, Thoothukudi 788033",Mumbai,SIMU000633,AC0000000633,297612.84
C000634,Teerth Sama,customer000634@novafin.example,1338926087,2000-11-24,"787, Andra Ganj, Miryalaguda 251521",Pune,SIMU000634,AC0000000634,214066.17
C000635,Damini Rege,customer000635@novafin.example,3537801891,1958-06-06,"71, Savant Chowk, Ujjain 914336",Hyderabad,SIMU000635,AC0000000635,143565.54
C000636,Aarini Puri,customer000636@novafin.example,4509999001,1983-05-06,"908, Oak Ganj, Bareilly 896844",Mumbai,SIMU000636,AC0000000636,37308.84
C000637,Chaitaly Ramakrishnan,customer000637@novafin.example,8849979572,1967-12-31,"19/02, Bora Street, Ballia 891248",Delhi,SIMU000637,AC0000000637,262045.88
C000638,Siya Bumb,customer000638@novafin.example,0598445143,1981-03-26,"H.No. 230, Wable Ganj, Raebareli-193978",Kolkata,SIMU000638,AC0000000638,458932.69
C000639,Anvi Nayar,customer000639@novafin.example,0992177905,2004-04-04,"33/51, Thaman Path, Madhyamgram-532601",Mumbai,SIMU000639,AC0000000639,149343.92
C000640,Wridesh Buch,customer000640@novafin.example,3829742551,1984-09-11,"18/10, Narang Road, Bhavnagar 373615",Hyderabad,SIMU000640,AC0000000640,359417.96
C000641,Samesh Raghavan,customer000641@novafin.example,2713589693,1999-12-22,"58/561, Manne Path, Shahjahanpur 566397",Chennai,SIMU000641,AC0000000641,498273.43
C000642,Ishanvi Palan,customer000642@novafin.example,1643690283,1976-09-24,"96/66, Oza Nagar, Sagar 816441",Hyderabad,SIMU000642,AC0000000642,354640.8
C000643,Faraj Banerjee,customer000643@novafin.example,9753584640,1958-06-29,"30, Dhar Road, Gurgaon 628144",Ahmedabad,SIMU000643,AC0000000643,120084.71
C000644,Sudiksha D’Alia,customer000644@novafin.example,9530969067,1988-04-13,"884, Upadhyay, Gopalpur 513587",Delhi,SIMU000644,AC0000000644,430092.49
C000645,Vritti Dasgupta,customer000645@novafin.example,4306881164,1959-10-23,"877, Vala Path, Muzaffarpur 647704",Ahmedabad,SIMU000645,AC0000000645,107011.77
C000646,Viraj Anand,customer000646@novafin.example,9153860282,1963-08-21,"H.No. 12, Chada Ganj, Raurkela Industrial Township-720441",Ahmedabad,SIMU000646,AC0000000646,498699.64
C000647,Daksh Talwar,customer000647@novafin.example,1932453810,1966-09-14,"487, Soman Nagar, Pali 963225",Pune,SIMU000647,AC0000000647,342223.9
C000648,Warhi Misra,customer000648@novafin.example,2404326118,1958-09-24,"61/63, Soman Nagar, Jalgaon 720200",Mumbai,SIMU000648,AC0000000648,286248.65
C000649,Warjas Raman,customer000649@novafin.example,2195368900,1986-10-20,"H.No. 173, Nath Street, Indore 397130",Hyderabad,SIMU000649,AC0000000649,448382.55
C000650,Onveer Dyal,customer000650@novafin.example,1386908716,1953-10-19,"H.No. 46, Tandon Zila, Jehanabad 817074",Delhi,SIMU000650,AC0000000650,363109.32
C000651,Yash Ray,customer000651@novafin.example,2344225216,1957-12-16,"H.No. 209, Mody Road, Bhalswa Jahangir Pur-690326",Delhi,SIMU000651,AC0000000651,402005.78
C000652,Diya Chandra,customer000652@novafin.example,2761794802,1985-05-27,"02, Cherian Zila, Imphal 268649",Chennai,SIMU000652,AC0000000652,82647.17
C000653,Aadhya Srinivas,customer000653@novafin.example,8623760088,1963-04-01,"81, Choudhary, Pallavaram 992164",Chennai,SIMU000653,AC0000000653,401231.19
C000654,Chandresh Raval,customer000654@novafin.example,6923534848,1948-04-18,"986, Mahal Path, Gaya-021237",Chennai,SIMU000654,AC0000000654,400427.2
C000655,Akshay Parmer,customer000655@novafin.example,0330000886,1976-06-29,"00/88, Chana, Nizamabad-600916",Bangalore,SIMU000655,AC0000000655,196425.85
C000656,Wahab Dewan,customer000656@novafin.example,3798979060,1982-08-11,"46, Baria Ganj, Lucknow 336113",Pune,SIMU000656,AC0000000656,247017.77
C000657,Fitan Char,customer000657@novafin.example,5198545829,1958-07-04,"H.No. 535, Mall Ganj, Bulandshahr 756999",Delhi,SIMU000657,AC0000000657,315675.47
C000658,Bhanumati Mahajan,customer000658@novafin.example,6720108240,1992-07-03,"38/794, Dixit Nagar, Ajmer-858174",Mumbai,SIMU000658,AC0000000658,56230.35
C000659,Laban Sibal,customer000659@novafin.example,5364235700,1987-10-24,"51/81, Boase Marg, Khammam 904610",Kolkata,SIMU000659,AC0000000659,499807.65
C000660,Ucchal Ghose,customer000660@novafin.example,0466001283,1951-07-15,"23/296, Panchal Zila, Cuttack 485076",Ahmedabad,SIMU000660,AC0000000660,274705.44
C000661,Ekta Kapur,customer000661@novafin.example,4604227634,1987-12-19,"057, More Ganj, Jalgaon 358617",Kolkata,SIMU000661,AC0000000661,416086.21
C000662,Omkaar Gade,customer000662@novafin.example,1272670866,1956-01-09,"H.No. 976, Sathe Circle, Durg-712903",Mumbai,SIMU000662,AC0000000662,84530.22
C000663,Alexander Bansal,customer000663@novafin.example,1848974223,1966-07-27,"66/821, Chadha Street, Bhiwani 952549",Pune,SIMU000663,AC0000000663,330110.83
C000664,Anay Ratta,customer000664@novafin.example,4111973881,1962-08-02,"435, Mani, Amritsar 968066",Ahmedabad,SIMU000664,AC0000000664,246270.77
C000665,Andrew Palan,customer000665@novafin.example,1021254341,1953-09-12,"H.No. 98, Agrawal Marg, Mehsana-186003",Pune,SIMU000665,AC0000000665,85958.94
C000666,David Jaggi,customer000666@novafin.example,9789990114,1965-11-26,"171, Shukla, Ranchi-625908",Delhi,SIMU000666,AC0000000666,389696.28
C000667,Guneet Mane,customer000667@novafin.example,8550113753,1993-09-09,"28, Sawhney Circle, Chittoor 790371",Delhi,SIMU000667,AC0000000667,230493.69
C000668,Hitesh Sandhu,customer000668@novafin.example,8819722399,1979-01-04,"53, Sem Nagar, Karaikudi 024808",Bangalore,SIMU000668,AC0000000668,419910.63
C000669,Indira Shroff,customer000669@novafin.example,0244323622,1948-03-23,"57/46, Bahri Chowk, Mango-169139",Delhi,SIMU000669,AC0000000669,169459.16
C000670,Lucky Chakraborty,customer000670@novafin.example,0164261070,1948-10-17,"H.No. 31, Yohannan, Gangtok 484813",Delhi,SIMU000670,AC0000000670,178263.86
C000671,Advaith Mitra,customer000671@novafin.example,6910530215,1994-08-12,"46/339, Kaul Path, Jamalpur 105014",Chennai,SIMU000671,AC0000000671,189360.96
C000672,Osha Lad,customer000672@novafin.example,7896157385,1982-10-17,"51, Kaur Street, Phusro 815542",Hyderabad,SIMU000672,AC0000000672,426818.51
C000673,Chakradev Shenoy,customer000673@novafin.example,3602446546,1948-02-18,"10, Jani Chowk, Orai 156478",Hyderabad,SIMU000673,AC0000000673,118243.41
C000674,Vasana Bhat,customer000674@novafin.example,1754380274,2003-04-03,"26/029, Natarajan Street, Singrauli 272884",Hyderabad,SIMU000674,AC0000000674,84455.89
C000675,Saumya Saha,customer000675@novafin.example,4207632713,2008-04-19,"25, Dass, Dehri-879060",Hyderabad,SIMU000675,AC0000000675,316853.43
C000676,Zansi Virk,customer000676@novafin.example,9320553405,1998-03-04,"961, Sengupta Path, Bardhaman-535670",Mumbai,SIMU000676,AC0000000676,263722.24
C000677,Xiti Sheth,customer000677@novafin.example,5542619038,1978-02-01,"27/320, Gill Street, Ongole-117576",Delhi,SIMU000677,AC0000000677,306109.01
C000678,Vyanjana Chhabra,customer000678@novafin.example,2042985144,1983-04-20,"H.No. 21, Anand Marg, Bhimavaram-202698",Delhi,SIMU000678,AC0000000678,106320.3
C000679,Girish Lata,customer000679@novafin.example,6471068017,2000-07-01,"705, Bali Nagar, Ballia 326724",Pune,SIMU000679,AC0000000679,425201.75
C000680,Krisha Kapur,customer000680@novafin.example,7294763808,1996-02-03,"H.No. 02, Nair Path, Mahbubnagar-932727",Bangalore,SIMU000680,AC0000000680,416987.23
C000681,Gagan Dutta,customer000681@novafin.example,6350496026,1989-08-03,"28, Parekh Road, Giridih 499507",Bangalore,SIMU000681,AC0000000681,63580.86
C000682,Yashasvi Saran,customer000682@novafin.example,0675602080,1986-02-16,"154, Bali Ganj, Rampur 932253",Hyderabad,SIMU000682,AC0000000682,334286.74
C000683,Samuel Ghose,customer000683@novafin.example,2351025550,1968-08-12,"03/698, Mane Circle, Jammu 324362",Kolkata,SIMU000683,AC0000000683,318601.5
C000684,Kevin Amble,customer000684@novafin.example,5983124412,1998-09-20,"H.No. 99, Desai, Kochi 376317",Bangalore,SIMU000684,AC0000000684,261568.08
C000685,Dayamai Prabhu,customer000685@novafin.example,2106294193,1999-11-11,"671, Chaudhry Ganj, Serampore 626475",Hyderabad,SIMU000685,AC0000000685,329905.96
C000686,Yashoda Rastogi,customer000686@novafin.example,6120961730,1956-05-30,"403, Cherian Street, Raichur 550514",Hyderabad,SIMU000686,AC0000000686,254398.79
C000687,Liam Chaudhry,customer000687@novafin.example,4308779724,1971-02-10,"188, Kumar Ganj, Panvel 920487",Kolkata,SIMU000687,AC0000000687,166281.09
C000688,Benjamin Sankar,customer000688@novafin.example,6933329986,2005-01-06,"H.No. 78, Sant Road, Howrah 858838",Mumbai,SIMU000688,AC0000000688,352091.45
C000689,Ekani Sarkar,customer000689@novafin.example,2620846729,2008-07-06,"51/962, Dutt Circle, South Dumdum-018256",Delhi,SIMU000689,AC0000000689,233812.61
C000690,Charita Sekhon,customer000690@novafin.example,8639420122,1965-03-14,"H.No. 966, Sawhney Street, Guntur-604509",Ahmedabad,SIMU000690,AC0000000690,245610.02
C000691,Qushi Hari,customer000691@novafin.example,1740039101,1970-11-12,"247, Chadha Zila, Eluru-060827",Pune,SIMU000691,AC0000000691,313163.62
C000692,Baljiwan Nagi,customer000692@novafin.example,4616076264,1946-05-04,"723, Sampath Road, Raiganj 231336",Pune,SIMU000692,AC0000000692,434205.41
C000693,Advik Lad,customer000693@novafin.example,1642316544,1957-10-18,"68/576, Sami Nagar, Chandrapur-290461",Pune,SIMU000693,AC0000000693,373744.88
C000694,Falak Oak,customer000694@novafin.example,8870179993,1948-06-09,"37/44, Brahmbhatt Road, Gulbarga-456538",Pune,SIMU000694,AC0000000694,488302.71
C000695,Aadhya Sen,customer000695@novafin.example,2548536268,1992-06-20,"864, Arora Zila, Hindupur-385574",Delhi,SIMU000695,AC0000000695,386315.87
C000696,Gavin Raman,customer000696@novafin.example,3599009378,1949-01-12,"61/437, Virk Circle, Bally 706618",Mumbai,SIMU000696,AC0000000696,176580.05
C000697,Indali Sagar,customer000697@novafin.example,6726368154,2001-03-13,"772, Choudhary, Hazaribagh 507860",Ahmedabad,SIMU000697,AC0000000697,83197.91
C000698,Warinder Patla,customer000698@novafin.example,6050337469,1947-06-24,"73/067, Deshmukh Zila, South Dumdum-679419",Ahmedabad,SIMU000698,AC0000000698,142761.47
C000699,Yauvani Seth,customer000699@novafin.example,5385906739,1991-11-22,"05, Bains Path, Aurangabad-217048",Mumbai,SIMU000699,AC0000000699,49037.51
C000700,Faras Ratti,customer000700@novafin.example,0663201629,2000-09-23,"98/271, Dube Circle, North Dumdum-371708",Kolkata,SIMU000700,AC0000000700,435477.83
C000701,Darika Lala,customer000701@novafin.example,6942039831,1992-05-23,"H.No. 59, Sahota, Indore 921958",Kolkata,SIMU000701,AC0000000701,142928.38
C000702,Ranveer Agate,customer000702@novafin.example,4982438843,1977-05-05,"80, Puri Marg, Korba 589016",Delhi,SIMU000702,AC0000000702,411401.98
C000703,Lucky Vaidya,customer000703@novafin.example,5037017092,1976-01-03,"H.No. 880, Bhatti Circle, Kozhikode 282968",Pune,SIMU000703,AC0000000703,115171.2
C000704,Chaman Mistry,customer000704@novafin.example,0072889592,1950-10-04,"91, Rajan, Tirunelveli-662080",Delhi,SIMU000704,AC0000000704,261676.13
C000705,Anay Khatri,customer000705@novafin.example,7026344435,1989-04-27,"70/12, Merchant Nagar, Bihar Sharif 536909",Ahmedabad,SIMU000705,AC0000000705,261910.86
C000706,Nachiket Kapoor,customer000706@novafin.example,5302849760,1989-10-20,"436, Deol Path, Kalyan-Dombivli-536481",Hyderabad,SIMU000706,AC0000000706,261250.88
C000707,Jhalak Mallick,customer000707@novafin.example,3648821597,1970-10-11,"23, Kashyap Street, Agra 679986",Mumbai,SIMU000707,AC0000000707,473985.58
C000708,Ethan Dayal,customer000708@novafin.example,9497220429,1956-12-01,"H.No. 666, Setty Zila, Belgaum-569992",Ahmedabad,SIMU000708,AC0000000708,484176.15
C000709,Tanveer Nagi,customer000709@novafin.example,6887779256,1962-06-13,"H.No. 849, Chandran Ganj, Kollam 912260",Chennai,SIMU000709,AC0000000709,302088.45
C000710,Aayush Bhavsar,customer000710@novafin.example,4076291430,1960-06-14,"H.No. 389, Nagy Chowk, Tinsukia 209986",Bangalore,SIMU000710,AC0000000710,49006.69
C000711,Leela Mishra,customer000711@novafin.example,2405920823,1984-06-10,"91, Lal, Cuttack-568201",Ahmedabad,SIMU000711,AC0000000711,308821.42
C000712,Janya Korpal,customer000712@novafin.example,7966186957,1966-09-15,"41, Nadkarni Street, Srinagar-795610",Ahmedabad,SIMU000712,AC0000000712,160730.48
C000713,Watika Suri,customer000713@novafin.example,3217503619,1992-12-06,"38/73, Sharaf Ganj, Jhansi 244474",Bangalore,SIMU000713,AC0000000713,427406.87
C000714,Anika Tak,customer000714@novafin.example,0786235107,1998-07-16,"08/517, Ganesan Ganj, Vijayawada 563409",Kolkata,SIMU000714,AC0000000714,88619.1
C000715,Irya Upadhyay,customer000715@novafin.example,5581157449,1986-08-15,"H.No. 770, Mane Nagar, Dharmavaram 045418",Hyderabad,SIMU000715,AC0000000715,370566.33
C000716,Andrew Kothari,customer000716@novafin.example,2180396620,2007-12-04,"07/880, Ramanathan Street, Sangli-Miraj & Kupwad-164693",Kolkata,SIMU000716,AC0000000716,198820.24
C000717,Warjas Oommen,customer000717@novafin.example,2303974408,1978-10-20,"H.No. 920, Chanda Zila, Korba 132661",Kolkata,SIMU000717,AC0000000717,49299.9
C000718,Gautami Yogi,customer000718@novafin.example,8580526321,1947-11-03,"22/053, Singhal, Fatehpur 454470",Chennai,SIMU000718,AC0000000718,197198.79
C000719,Ronith Buch,customer000719@novafin.example,1461995394,1973-05-31,"359, Agate Marg, Ahmednagar-261840",Hyderabad,SIMU000719,AC0000000719,59927.58
C000720,Kashvi Sunder,customer000720@novafin.example,0368605063,1961-11-18,"H.No. 02, Chahal Circle, Shimoga-989103",Ahmedabad,SIMU000720,AC0000000720,388091.95
C000721,Jagat Gala,customer000721@novafin.example,3025209452,1984-04-26,"192, Barman Marg, Deoghar-027574",Hyderabad,SIMU000721,AC0000000721,417022.88
C000722,Aarini Mahajan,customer000722@novafin.example,0548944538,1946-09-29,"H.No. 58, Mander Ganj, Bathinda 622952",Mumbai,SIMU000722,AC0000000722,86115.11
C000723,Wakeeta Talwar,customer000723@novafin.example,5660361624,1976-02-06,"26, Babu Marg, Thiruvananthapuram 158501",Mumbai,SIMU000723,AC0000000723,212104.26
C000724,Rushil Agrawal,customer000724@novafin.example,7316715605,1949-11-05,"441, Korpal Ganj, Aizawl 940645",Pune,SIMU000724,AC0000000724,289970.12
C000725,Gunbir Nagarajan,customer000725@novafin.example,9057191898,2003-04-26,"56, Keer Zila, North Dumdum-487680",Pune,SIMU000725,AC0000000725,383608.46
C000726,Upadhriti Bawa,customer000726@novafin.example,3771843019,1986-09-14,"33, Dhawan Ganj, Rajpur Sonarpur 396440",Chennai,SIMU000726,AC0000000726,311169.9
C000727,Kiaan Nagy,customer000727@novafin.example,2676992427,1993-11-21,"85/202, Gopal Ganj, Ramgarh-401693",Kolkata,SIMU000727,AC0000000727,262537.0
C000728,Parth Varty,customer000728@novafin.example,4234719982,1968-03-09,"H.No. 45, Ramachandran Street, Mango 699913",Bangalore,SIMU000728,AC0000000728,43484.13
C000729,Jeet Balan,customer000729@novafin.example,6433226227,1960-06-29,"80, Ratti Marg, Morena-703850",Pune,SIMU000729,AC0000000729,406883.78
C000730,Kritika Banerjee,customer000730@novafin.example,9529842410,1954-08-21,"H.No. 675, Ganesh Circle, Malda-259062",Ahmedabad,SIMU000730,AC0000000730,95746.82
C000731,Balveer Konda,customer000731@novafin.example,3856461497,1978-09-09,"39/97, Mall, Bardhaman-099550",Delhi,SIMU000731,AC0000000731,180783.78
C000732,Sarthak Dhar,customer000732@novafin.example,6432239461,1994-07-15,"H.No. 94, Nori Circle, Chandrapur 012762",Pune,SIMU000732,AC0000000732,102188.47
C000733,Reyansh Wali,customer000733@novafin.example,7422567871,1955-04-04,"88, Bhardwaj Chowk, Bongaigaon-168061",Hyderabad,SIMU000733,AC0000000733,307019.21
C000734,Aadhya Pingle,customer000734@novafin.example,4799846058,1963-12-19,"83/097, Jaggi Street, Jamshedpur-809261",Ahmedabad,SIMU000734,AC0000000734,361651.41
C000735,Nandini Deo,customer000735@novafin.example,1655578645,1967-08-01,"51, Kumar Street, Chinsurah 000687",Hyderabad,SIMU000735,AC0000000735,250573.98
C000736,Oeshi Wali,customer000736@novafin.example,4051665451,2004-04-07,"H.No. 899, Minhas Chowk, Asansol 386860",Bangalore,SIMU000736,AC0000000736,199969.96
C000737,Eesha Singhal,customer000737@novafin.example,1703630944,1989-05-23,"050, Warrior Circle, Ludhiana-134909",Mumbai,SIMU000737,AC0000000737,490451.56
C000738,Dominic Soni,customer000738@novafin.example,9724528413,1964-01-12,"H.No. 07, Pandya Ganj, Pallavaram 809573",Hyderabad,SIMU000738,AC0000000738,403458.54
C000739,Anirudh Nayar,customer000739@novafin.example,2602944203,1986-07-01,"49/07, Muni Ganj, Thane-197774",Bangalore,SIMU000739,AC0000000739,308532.07
C000740,Triveni Patil,customer000740@novafin.example,1418648230,2002-09-26,"84/196, Konda Street, Gulbarga 058694",Hyderabad,SIMU000740,AC0000000740,484358.58
C000741,Tripti Salvi,customer000741@novafin.example,4831730662,1970-12-02,"88, Menon Street, Eluru 594698",Chennai,SIMU000741,AC0000000741,367665.05
C000742,Osha Dua,customer000742@novafin.example,2723717989,1961-02-24,"H.No. 654, Sem Circle, Suryapet-779541",Ahmedabad,SIMU000742,AC0000000742,105993.23
C000743,Osha Taneja,customer000743@novafin.example,5398188907,1950-02-24,"H.No. 79, Mittal Nagar, Sasaram 268384",Kolkata,SIMU000743,AC0000000743,95193.46
C000744,Nirja Jha,customer000744@novafin.example,2076123961,1947-07-14,"81/29, Virk Circle, Navi Mumbai 070669",Chennai,SIMU000744,AC0000000744,39995.99
C000745,Jagat Batta,customer000745@novafin.example,9237298268,1964-05-05,"70/35, Salvi Nagar, Khammam-896833",Mumbai,SIMU000745,AC0000000745,115622.56
C000746,Irya Sehgal,customer000746@novafin.example,7731231555,1991-08-25,"187, Kapadia, Parbhani 045883",Ahmedabad,SIMU000746,AC0000000746,174003.93
C000747,Faraj Mukhopadhyay,customer000747@novafin.example,4701235036,1967-09-15,"09/779, Yogi Chowk, Ajmer-445684",Delhi,SIMU000747,AC0000000747,221156.05
C000748,Nisha Solanki,customer000748@novafin.example,0366401632,1960-07-07,"H.No. 597, Sethi Path, Ghaziabad-731868",Chennai,SIMU000748,AC0000000748,219929.27
C000749,Baljiwan Deshpande,customer000749@novafin.example,5854233241,1983-01-24,"39/66, Shukla Nagar, Dewas 674621",Ahmedabad,SIMU000749,AC0000000749,439588.41
C000750,Ishanvi Mander,customer000750@novafin.example,7491617050,1980-08-03,"81/41, Mital Ganj, Nangloi Jat 094837",Bangalore,SIMU000750,AC0000000750,360243.24
C000751,Bhavna Bal,customer000751@novafin.example,9286433026,1995-01-16,"H.No. 836, Sethi Marg, Amravati-666102",Chennai,SIMU000751,AC0000000751,291421.22
C000752,Meera Khosla,customer000752@novafin.example,2022234998,1994-12-26,"36/75, Babu, Bhalswa Jahangir Pur-915244",Ahmedabad,SIMU000752,AC0000000752,274601.65
C000753,Jai Mahal,customer000753@novafin.example,0923351746,1955-03-04,"H.No. 863, Dave Chowk, Bellary-995695",Pune,SIMU000753,AC0000000753,479425.61
C000754,Nakul Goswami,customer000754@novafin.example,7641490038,1996-03-12,"H.No. 344, Rastogi Road, Ajmer 883904",Ahmedabad,SIMU000754,AC0000000754,458258.98
C000755,Wridesh Kaur,customer000755@novafin.example,4546157493,1953-06-04,"87/95, Bhatt Ganj, Bangalore 095437",Pune,SIMU000755,AC0000000755,284479.78
C000756,Radhika Sandal,customer000756@novafin.example,8308580018,1966-11-14,"H.No. 11, Karnik Road, Ongole-210781",Hyderabad,SIMU000756,AC0000000756,314786.38
C000757,Gunbir Bath,customer000757@novafin.example,8564257068,2001-07-28,"15/423, Raval Nagar, Meerut-302865",Chennai,SIMU000757,AC0000000757,479735.26
C000758,Anirudh Narain,customer000758@novafin.example,2411420667,1950-10-07,"99/201, Samra Marg, Tiruppur 222400",Hyderabad,SIMU000758,AC0000000758,290091.16
C000759,Vincent De,customer000759@novafin.example,2056201901,1981-12-27,"913, Ghosh Ganj, Bokaro 132394",Chennai,SIMU000759,AC0000000759,472205.63
C000760,Nisha Mander,customer000760@novafin.example,2342864497,1963-08-01,"420, Parikh, Junagadh-734985",Hyderabad,SIMU000760,AC0000000760,391307.78
C000761,Urmi Kata,customer000761@novafin.example,6152665591,1956-05-14,"80/966, Cheema Road, Bhalswa Jahangir Pur 336952",Chennai,SIMU000761,AC0000000761,352863.96
C000762,Riya Madan,customer000762@novafin.example,6535389629,1956-02-15,"67/924, Nigam Zila, Jodhpur 763835",Ahmedabad,SIMU000762,AC0000000762,175594.35
C000763,Simon Mangat,customer000763@novafin.example,8586390616,1984-02-13,"98/16, Pandya Zila, Orai-168371",Pune,SIMU000763,AC0000000763,291231.61
C000764,Yash Bajaj,customer000764@novafin.example,3726072014,2001-01-23,"26/49, Dalal Ganj, Bhilai-639476",Hyderabad,SIMU000764,AC0000000764,161699.95
C000765,Ekiya Mall,customer000765@novafin.example,9264563391,2004-03-13,"694, Buch Circle, Bokaro 649719",Kolkata,SIMU000765,AC0000000765,450486.22
C000766,Siya Bal,customer000766@novafin.example,8335391016,1999-01-27,"39, Magar, Jodhpur 334437",Kolkata,SIMU000766,AC0000000766,413729.29
C000767,Vasatika Jha,customer000767@novafin.example,8140984101,1960-05-15,"H.No. 81, Rattan Zila, Ichalkaranji 004202",Delhi,SIMU000767,AC0000000767,162965.01
C000768,Omisha Dani,customer000768@novafin.example,8019903421,2006-07-25,"42/03, Hora Path, Khandwa 791791",Hyderabad,SIMU000768,AC0000000768,478774.02
C000769,Lavanya Bhargava,customer000769@novafin.example,5711713219,1966-04-15,"881, Chanda Road, Mira-Bhayandar-452719",Mumbai,SIMU000769,AC0000000769,189522.67
C000770,Rajata Soni,customer000770@novafin.example,7646391381,1987-06-19,"H.No. 942, Doshi Ganj, Karnal 013153",Ahmedabad,SIMU000770,AC0000000770,336586.72
C000771,Charan Roy,customer000771@novafin.example,2616845525,2006-06-08,"547, Shukla Zila, Saharsa 669489",Ahmedabad,SIMU000771,AC0000000771,126643.73
C000772,Dalbir Balasubramanian,customer000772@novafin.example,1956756355,2003-08-07,"17/266, Pathak Street, Ambarnath-460700",Hyderabad,SIMU000772,AC0000000772,468186.37
C000773,Chaitaly Maharaj,customer000773@novafin.example,3068624087,1989-01-23,"90/41, Deshmukh Chowk, Chennai-623811",Hyderabad,SIMU000773,AC0000000773,90204.65
C000774,Neel Dey,customer000774@novafin.example,2822282408,2004-08-03,"H.No. 99, Mishra, Mumbai-108479",Chennai,SIMU000774,AC0000000774,140167.57
C000775,Vedant Pradhan,customer000775@novafin.example,1350535722,2008-06-25,"H.No. 15, Baria Chowk, Loni 028010",Chennai,SIMU000775,AC0000000775,328023.67
C000776,Harsh Mani,customer000776@novafin.example,3419528144,2000-01-25,"28/021, Kapoor Circle, Kharagpur-578037",Bangalore,SIMU000776,AC0000000776,72594.03
C000777,Madhav Chatterjee,customer000777@novafin.example,9743699055,2007-11-25,"94/08, Grover Road, Gurgaon-904528",Pune,SIMU000777,AC0000000777,365745.08
C000778,Alexander Purohit,customer000778@novafin.example,0656733745,1972-10-17,"61, Sahota Ganj, Dewas 253084",Mumbai,SIMU000778,AC0000000778,348566.19
C000779,Varenya Rastogi,customer000779@novafin.example,9644477250,1961-12-29,"348, Balay Nagar, Vijayawada-241553",Delhi,SIMU000779,AC0000000779,27461.19
C000780,Hritik Narang,customer000780@novafin.example,5749062796,1956-10-31,"H.No. 333, Nigam Street, Secunderabad 315828",Delhi,SIMU000780,AC0000000780,218281.04
C000781,Upkaar Batra,customer000781@novafin.example,0296629917,1965-09-29,"041, Shetty Marg, Jamshedpur-392669",Ahmedabad,SIMU000781,AC0000000781,251788.05
C000782,Vaishnavi Ahluwalia,customer000782@novafin.example,3250313928,1998-09-24,"206, Bava Zila, Gangtok 335937",Chennai,SIMU000782,AC0000000782,384057.75
C000783,Frado Bhatia,customer000783@novafin.example,0029561622,1993-04-09,"55/94, Sengupta Nagar, Ambattur-453231",Hyderabad,SIMU000783,AC0000000783,177554.66
C000784,Upadhriti Shroff,customer000784@novafin.example,4564743701,1958-12-17,"77/666, Bhardwaj Path, Belgaum 612092",Bangalore,SIMU000784,AC0000000784,456270.06
C000785,Ekani Sood,customer000785@novafin.example,6190223116,1947-04-10,"63/532, Issac Street, Amravati-921268",Mumbai,SIMU000785,AC0000000785,334841.9
C000786,Yauvani Pillai,customer000786@novafin.example,3711429430,1976-07-02,"89/23, Johal Zila, Rampur 598669",Chennai,SIMU000786,AC0000000786,279197.33
C000787,Jonathan Srinivas,customer000787@novafin.example,1783765915,1948-06-11,"H.No. 06, Gade Path, Singrauli 267351",Bangalore,SIMU000787,AC0000000787,458784.12
C000788,Vinaya Goswami,customer000788@novafin.example,5533756569,1981-08-18,"62/24, Mani, Jamshedpur-462506",Delhi,SIMU000788,AC0000000788,223495.37
C000789,Omya Narain,customer000789@novafin.example,8512062767,1995-12-22,"79/34, Devi Road, Mira-Bhayandar 465022",Delhi,SIMU000789,AC0000000789,468613.24
C000790,Brinda Tak,customer000790@novafin.example,8045797251,1976-11-13,"982, Master Zila, Miryalaguda 337209",Bangalore,SIMU000790,AC0000000790,498656.61
C000791,Edhitha Bhatt,customer000791@novafin.example,7670636328,1953-04-25,"008, Thakur Road, Cuttack 483336",Kolkata,SIMU000791,AC0000000791,399281.3
C000792,Lakshmi Bajaj,customer000792@novafin.example,8967136054,2005-04-18,"56/49, Comar Nagar, Ulhasnagar-951935",Delhi,SIMU000792,AC0000000792,469889.15
C000793,Aadi Brahmbhatt,customer000793@novafin.example,5461758080,1984-11-27,"H.No. 10, Bhat Road, New Delhi 566851",Hyderabad,SIMU000793,AC0000000793,441453.0
C000794,Ganga Halder,customer000794@novafin.example,4837475580,1989-02-17,"85, Manda Marg, Bhubaneswar 784019",Bangalore,SIMU000794,AC0000000794,166736.3
C000795,Mohammed Shere,customer000795@novafin.example,6988371611,1974-07-05,"H.No. 997, Sarna Marg, Adoni-326170",Mumbai,SIMU000795,AC0000000795,466016.05
C000796,Ayaan Natarajan,customer000796@novafin.example,5345819565,1970-10-15,"399, Gade Circle, Kozhikode-621775",Pune,SIMU000796,AC0000000796,160166.78
C000797,Ekalinga Narayanan,customer000797@novafin.example,6687930302,1956-05-11,"66, Kapadia, Ratlam-502528",Ahmedabad,SIMU000797,AC0000000797,447398.48
C000798,Charita Sandhu,customer000798@novafin.example,3087308972,1983-06-11,"77, Dara Zila, Kolhapur-278630",Delhi,SIMU000798,AC0000000798,429253.38
C000799,Abhiram Savant,customer000799@novafin.example,2102423447,1995-12-01,"19, Dara Marg, Moradabad-596566",Ahmedabad,SIMU000799,AC0000000799,154597.61
C000800,Niharika Minhas,customer000800@novafin.example,9968334400,1956-08-16,"65/379, Gopal Ganj, Hubli–Dharwad 439070",Mumbai,SIMU000800,AC0000000800,182074.95
C000801,Bhavani Sridhar,customer000801@novafin.example,6015791150,1972-08-25,"H.No. 080, Rattan Street, Karaikudi-475978",Ahmedabad,SIMU000801,AC0000000801,332935.54
C000802,Thomas Nagar,customer000802@novafin.example,8835719214,1984-06-07,"38, Ram Marg, Mathura 031726",Delhi,SIMU000802,AC0000000802,31689.99
C000803,Janya Dhingra,customer000803@novafin.example,4685492724,1992-07-15,"60/14, Badal Marg, Chandigarh-854327",Pune,SIMU000803,AC0000000803,400614.64
C000804,Nandini Jain,customer000804@novafin.example,3356369301,1985-09-27,"H.No. 878, Aggarwal Zila, Katihar 283541",Chennai,SIMU000804,AC0000000804,108360.08
C000805,Pranit Bedi,customer000805@novafin.example,0437661366,1980-06-19,"681, Mitter Path, Bardhaman 053110",Kolkata,SIMU000805,AC0000000805,417820.17
C000806,Simon Konda,customer000806@novafin.example,9673979842,1954-02-16,"69/376, Balakrishnan Path, Machilipatnam 671877",Pune,SIMU000806,AC0000000806,66200.44
C000807,Jeremiah Wali,customer000807@novafin.example,6368850162,1985-12-06,"66, Varma Chowk, Jehanabad-761652",Mumbai,SIMU000807,AC0000000807,112771.07
C000808,Aadi Sheth,customer000808@novafin.example,9935981255,1977-04-08,"H.No. 97, Minhas Marg, Jamalpur-858050",Delhi,SIMU000808,AC0000000808,251790.7
C000809,Bina Dash,customer000809@novafin.example,1657893912,1969-07-08,"H.No. 148, Baral Marg, Karimnagar 092449",Chennai,SIMU000809,AC0000000809,28244.31
C000810,Sanya Swamy,customer000810@novafin.example,7030293011,1949-12-23,"42, Bajaj, Ghaziabad-222336",Kolkata,SIMU000810,AC0000000810,136872.6
C000811,Jagat Babu,customer000811@novafin.example,2007302426,1993-05-23,"740, Talwar Path, Bally-695674",Hyderabad,SIMU000811,AC0000000811,478166.54
C000812,Lajita Tailor,customer000812@novafin.example,5445345146,1990-09-24,"34/83, Karnik Road, Motihari-267366",Hyderabad,SIMU000812,AC0000000812,301668.86
C000813,Zarna Munshi,customer000813@novafin.example,2077587089,1998-04-01,"44/369, Wason Path, Raurkela Industrial Township-450509",Bangalore,SIMU000813,AC0000000813,149237.75
C000814,Amruta Rattan,customer000814@novafin.example,2007342939,1961-02-06,"54/50, Balakrishnan Ganj, Bidar-585150",Pune,SIMU000814,AC0000000814,354065.08
C000815,Aayush Mital,customer000815@novafin.example,0281435312,1998-02-26,"95, Brar Ganj, Gorakhpur-359042",Bangalore,SIMU000815,AC0000000815,342198.4
C000816,Ishita Goyal,customer000816@novafin.example,4286625108,1981-08-08,"H.No. 45, Lad Zila, Thane-935117",Ahmedabad,SIMU000816,AC0000000816,170733.01
C000817,Hemangini Parmar,customer000817@novafin.example,3706272816,1975-09-25,"H.No. 215, Prasad Chowk, Rourkela 412608",Kolkata,SIMU000817,AC0000000817,350884.97
C000818,Jagat Vaidya,customer000818@novafin.example,6209906931,1947-01-04,"H.No. 670, Nayak Road, Ozhukarai-267312",Hyderabad,SIMU000818,AC0000000818,352887.93
C000819,Avni Karnik,customer000819@novafin.example,4851420259,1970-07-24,"23/13, Deo Road, Mirzapur 767299",Hyderabad,SIMU000819,AC0000000819,199583.35
C000820,Imaran Narula,customer000820@novafin.example,9044318343,1960-12-12,"29/771, Nagi Zila, Vellore 917926",Chennai,SIMU000820,AC0000000820,129086.09
C000821,Devansh Seth,customer000821@novafin.example,2816291087,1956-04-20,"91, Savant Path, Jaunpur 710529",Delhi,SIMU000821,AC0000000821,252136.4
C000822,Vinaya Agarwal,customer000822@novafin.example,4599153044,2000-09-05,"683, Talwar Circle, Kakinada-502958",Ahmedabad,SIMU000822,AC0000000822,380174.05
C000823,Sneha Ranganathan,customer000823@novafin.example,3040934675,1994-01-07,"88, Basu Zila, Latur-721051",Pune,SIMU000823,AC0000000823,222526.67
C000824,Yash Mand,customer000824@novafin.example,0184220138,1999-10-24,"H.No. 831, Virk Marg, Bulandshahr-603891",Ahmedabad,SIMU000824,AC0000000824,384741.5
C000825,Yatan Rai,customer000825@novafin.example,7894767200,1951-02-19,"H.No. 707, Saraf Zila, Agartala 089512",Chennai,SIMU000825,AC0000000825,386883.32
C000826,Tara Ahuja,customer000826@novafin.example,1191944545,1955-04-14,"H.No. 61, Grewal, Haldia-137718",Mumbai,SIMU000826,AC0000000826,274615.66
C000827,Lohit Sandal,customer000827@novafin.example,9561266783,1979-04-13,"H.No. 388, Mangat Chowk, Dehradun-346144",Pune,SIMU000827,AC0000000827,62098.79
C000828,Lakshmi Goda,customer000828@novafin.example,6330411761,1971-02-16,"31/96, Sama Circle, Vijayanagaram-704656",Mumbai,SIMU000828,AC0000000828,54335.07
C000829,Yashvi Subramanian,customer000829@novafin.example,3688300483,1972-12-17,"H.No. 92, Comar Street, Karawal Nagar-659341",Chennai,SIMU000829,AC0000000829,297033.3
C000830,Aishani Bedi,customer000830@novafin.example,2911872282,1980-12-04,"H.No. 817, Rattan, Nangloi Jat-789849",Delhi,SIMU000830,AC0000000830,103155.15
C000831,Bhavani Sen,customer000831@novafin.example,5221711486,1980-10-20,"H.No. 617, Munshi Ganj, Latur 631297",Ahmedabad,SIMU000831,AC0000000831,80214.01
C000832,Indira Sen,customer000832@novafin.example,6169496378,1984-09-10,"82, Comar Nagar, Ahmedabad-167532",Chennai,SIMU000832,AC0000000832,365536.03
C000833,Lopa Kapadia,customer000833@novafin.example,6131798549,1992-07-16,"29, Merchant Path, Hazaribagh 835639",Ahmedabad,SIMU000833,AC0000000833,68197.28
C000834,Michael Subramaniam,customer000834@novafin.example,3922551741,1983-08-02,"62, Gopal Zila, Machilipatnam 186399",Ahmedabad,SIMU000834,AC0000000834,409128.74
C000835,Ishita Kuruvilla,customer000835@novafin.example,3845315630,2006-07-11,"59/09, Mohan Marg, Adoni-240899",Ahmedabad,SIMU000835,AC0000000835,87673.56
C000836,Hritik Sharma,customer000836@novafin.example,3516681133,1974-10-25,"21, Kara Chowk, Hyderabad-422241",Kolkata,SIMU000836,AC0000000836,241979.28
C000837,Darsh Sabharwal,customer000837@novafin.example,2365401814,1965-10-25,"02/435, Morar Nagar, Bulandshahr 118615",Bangalore,SIMU000837,AC0000000837,290428.67
C000838,Anusha Anand,customer000838@novafin.example,1475398913,1966-10-21,"H.No. 19, Trivedi Nagar, Kharagpur-103565",Hyderabad,SIMU000838,AC0000000838,368558.04
C000839,Pratyush Gill,customer000839@novafin.example,2376669692,1961-07-17,"H.No. 941, Handa Zila, Ahmednagar-242406",Kolkata,SIMU000839,AC0000000839,145867.18
C000840,Peter Vala,customer000840@novafin.example,4633488933,1970-11-17,"94, Tripathi Nagar, Mirzapur 243826",Bangalore,SIMU000840,AC0000000840,379257.13
C000841,Forum Oza,customer000841@novafin.example,7435095288,1964-02-23,"969, Mander Marg, Bhagalpur-917650",Mumbai,SIMU000841,AC0000000841,46512.66
C000842,Tanvi Dash,customer000842@novafin.example,0099542887,1995-12-19,"66/79, Kuruvilla Circle, Pune-170690",Pune,SIMU000842,AC0000000842,357682.82
C000843,Advika Sarraf,customer000843@novafin.example,1038471567,1995-03-03,"51/886, Char Nagar, Pallavaram 492343",Bangalore,SIMU000843,AC0000000843,468926.83
C000844,Radhika Varughese,customer000844@novafin.example,0450566937,1954-11-15,"61/78, Ganesh, Amroha 402503",Mumbai,SIMU000844,AC0000000844,493415.19
C000845,Vritti Sangha,customer000845@novafin.example,6481638493,1991-04-24,"H.No. 85, Bahl Ganj, Lucknow-278969",Ahmedabad,SIMU000845,AC0000000845,40074.06
C000846,Frado Joshi,customer000846@novafin.example,4852775867,1967-12-05,"H.No. 363, Modi Road, Rajpur Sonarpur-689633",Kolkata,SIMU000846,AC0000000846,110491.13
C000847,Ekbal Dora,customer000847@novafin.example,3576170731,2004-08-05,"62, Deshpande Marg, Sambalpur 785089",Delhi,SIMU000847,AC0000000847,388768.15
C000848,Warhi Lanka,customer000848@novafin.example,5944348529,1996-08-31,"H.No. 376, Saini Chowk, Ichalkaranji-420767",Kolkata,SIMU000848,AC0000000848,202868.94
C000849,Faris Morar,customer000849@novafin.example,5341157330,1999-04-24,"40/65, Parikh Marg, New Delhi 453856",Kolkata,SIMU000849,AC0000000849,238055.14
C000850,Yatan Oommen,customer000850@novafin.example,3266000470,1949-09-18,"56/11, Thaker, Satara-181583",Kolkata,SIMU000850,AC0000000850,203431.63
C000851,Aradhana Ratti,customer000851@novafin.example,1447761868,1994-09-02,"68, Babu Street, Guntur-659950",Delhi,SIMU000851,AC0000000851,335428.7
C000852,Anya Gala,customer000852@novafin.example,3029276405,1988-01-16,"140, Bhavsar Path, Hubli–Dharwad-604747",Pune,SIMU000852,AC0000000852,81350.75
C000853,Tanay Chana,customer000853@novafin.example,7852474420,1963-07-01,"H.No. 238, Kara Chowk, Gwalior 647741",Kolkata,SIMU000853,AC0000000853,276200.21
C000854,Gautam Jani,customer000854@novafin.example,1830258534,2001-01-28,"988, Ganesh Path, Unnao 599098",Chennai,SIMU000854,AC0000000854,421540.27
C000855,Faqid Garde,customer000855@novafin.example,5581675923,1985-08-15,"91/80, Hayre Nagar, Rampur-342924",Bangalore,SIMU000855,AC0000000855,489783.07
C000856,Harshil Pingle,customer000856@novafin.example,3091218527,1951-07-27,"H.No. 331, Parekh Path, Thiruvananthapuram 153030",Ahmedabad,SIMU000856,AC0000000856,344912.43
C000857,Chaman Anne,customer000857@novafin.example,7811096598,1976-09-16,"454, Gour Zila, Ajmer-994520",Kolkata,SIMU000857,AC0000000857,277668.46
C000858,Damyanti Butala,customer000858@novafin.example,0616691008,1954-10-03,"26/82, Chacko Street, Raurkela Industrial Township 269962",Chennai,SIMU000858,AC0000000858,142568.22
C000859,Rishi Madan,customer000859@novafin.example,9100593257,1988-04-28,"32/200, Loke Chowk, Tadepalligudem-243871",Pune,SIMU000859,AC0000000859,98682.65
C000860,Inaya Chakrabarti,customer000860@novafin.example,5205802860,1983-03-25,"406, Mital Path, Firozabad 695090",Chennai,SIMU000860,AC0000000860,470269.92
C000861,Fiyaz Thakkar,customer000861@novafin.example,6643016556,1983-09-01,"65/699, Borah Ganj, Pali-622901",Mumbai,SIMU000861,AC0000000861,40303.22
C000862,Rishi Raja,customer000862@novafin.example,4794719903,1968-01-17,"95/38, Mann Street, Srinagar 479053",Kolkata,SIMU000862,AC0000000862,317088.52
C000863,Ridhi Dave,customer000863@novafin.example,9516730953,1946-03-03,"86/562, Ganesan, Deoghar 282801",Bangalore,SIMU000863,AC0000000863,139316.49
C000864,Mitesh Korpal,customer000864@novafin.example,3068856846,1979-10-28,"H.No. 58, Srinivasan Ganj, Parbhani 975213",Mumbai,SIMU000864,AC0000000864,72925.94
C000865,Sai Bumb,customer000865@novafin.example,5559289748,1992-04-22,"62/67, Dara Path, Tadepalligudem 645349",Bangalore,SIMU000865,AC0000000865,237059.51
C000866,Ishani Nadkarni,customer000866@novafin.example,5641967896,1984-02-19,"82/016, Barad Ganj, Khammam-224228",Bangalore,SIMU000866,AC0000000866,141248.72
C000867,Tanveer Mody,customer000867@novafin.example,7668098460,1964-04-28,"480, Nath Zila, Bahraich 586671",Bangalore,SIMU000867,AC0000000867,216076.04
C000868,Eta Lal,customer000868@novafin.example,6053926096,1988-09-17,"053, Mistry Marg, Aligarh-856728",Chennai,SIMU000868,AC0000000868,281385.91
C000869,Brijesh Garde,customer000869@novafin.example,5538307755,2007-11-06,"643, Prabhakar, Morena-460789",Bangalore,SIMU000869,AC0000000869,91564.4
C000870,Vasana Oza,customer000870@novafin.example,9919817755,1991-09-30,"H.No. 492, Jha Path, Haldia 982838",Hyderabad,SIMU000870,AC0000000870,136226.72
C000871,Vamakshi Magar,customer000871@novafin.example,7656590705,1963-07-22,"687, Chaudry Chowk, Bulandshahr-209490",Pune,SIMU000871,AC0000000871,299300.54
C000872,Nidhi Khosla,customer000872@novafin.example,1535977100,1989-06-04,"34, Lall, Madurai 872255",Pune,SIMU000872,AC0000000872,137529.42
C000873,Xiti Nayar,customer000873@novafin.example,4135474168,1960-03-13,"285, Palla Path, Ballia 794758",Delhi,SIMU000873,AC0000000873,493205.39
C000874,Nilima Rau,customer000874@novafin.example,2841362334,1946-11-17,"H.No. 69, Char Chowk, Kumbakonam-341855",Chennai,SIMU000874,AC0000000874,221441.1
C000875,Benjamin Vasa,customer000875@novafin.example,7456017039,1950-12-07,"00/17, Rajagopal Nagar, Chapra-907869",Hyderabad,SIMU000875,AC0000000875,53954.88
C000876,Dhriti Murthy,customer000876@novafin.example,6215938967,1959-02-08,"558, Reddy, Unnao-722883",Delhi,SIMU000876,AC0000000876,322346.74
C000877,Frederick Kala,customer000877@novafin.example,5139014309,1979-02-25,"63, Srinivasan Path, Mango 480300",Kolkata,SIMU000877,AC0000000877,289029.07
C000878,Vedant Patla,customer000878@novafin.example,5826082526,1963-08-19,"86/69, Chakrabarti Zila, Warangal 214252",Bangalore,SIMU000878,AC0000000878,486837.86
C000879,Fitan Chokshi,customer000879@novafin.example,8925946574,1993-04-11,"H.No. 54, Bose Road, Saharsa-851367",Kolkata,SIMU000879,AC0000000879,398257.18
C000880,Yasti Badami,customer000880@novafin.example,2038819376,1982-03-08,"H.No. 462, Bala Street, Bhilwara 335401",Pune,SIMU000880,AC0000000880,355746.49
C000881,Qasim Savant,customer000881@novafin.example,8360308764,1995-06-21,"76/183, Purohit Chowk, Mahbubnagar 076716",Kolkata,SIMU000881,AC0000000881,95878.36
C000882,Girindra Tara,customer000882@novafin.example,0488868041,1960-10-08,"26/456, Sanghvi Road, Bihar Sharif 991605",Kolkata,SIMU000882,AC0000000882,112342.51
C000883,Anmol Ram,customer000883@novafin.example,9097034251,1954-01-12,"91/36, Dhar Circle, Madhyamgram 742153",Ahmedabad,SIMU000883,AC0000000883,139459.89
C000884,Yuvraj Rao,customer000884@novafin.example,5260221690,1970-08-07,"933, Kashyap Path, Nellore 065735",Chennai,SIMU000884,AC0000000884,167849.8
C000885,Varsha Mukhopadhyay,customer000885@novafin.example,4693510214,2007-08-16,"H.No. 955, Subramaniam Circle, Muzaffarnagar-971771",Delhi,SIMU000885,AC0000000885,407743.68
C000886,Avi Handa,customer000886@novafin.example,5687094124,1951-12-25,"38/95, Khare Ganj, Kharagpur-187677",Bangalore,SIMU000886,AC0000000886,292133.33
C000887,Darsh Andra,customer000887@novafin.example,4345973173,1957-09-07,"75/745, Acharya Zila, Hosur 809473",Kolkata,SIMU000887,AC0000000887,289711.21
C000888,George Padmanabhan,customer000888@novafin.example,0542707995,1973-10-12,"H.No. 079, Ramanathan Chowk, Hospet 456572",Delhi,SIMU000888,AC0000000888,209499.05
C000889,Max Ganesan,customer000889@novafin.example,9348540390,1992-04-08,"60/669, Gopal, Jabalpur-826870",Hyderabad,SIMU000889,AC0000000889,121584.95
C000890,Ridhi Shan,customer000890@novafin.example,9570399626,1985-09-26,"H.No. 107, Parmar Ganj, Bikaner-220682",Mumbai,SIMU000890,AC0000000890,463057.4
C000891,Saksham Gade,customer000891@novafin.example,3302399344,2001-01-20,"43/06, Padmanabhan, Jhansi 786529",Pune,SIMU000891,AC0000000891,68920.4
C000892,Gautam Deshpande,customer000892@novafin.example,3700644885,1998-09-15,"H.No. 198, Kunda Nagar, Mirzapur 428053",Chennai,SIMU000892,AC0000000892,49479.9
C000893,Nirja Mittal,customer000893@novafin.example,5507868878,1948-06-30,"131, Banerjee Chowk, Anantapur-639928",Kolkata,SIMU000893,AC0000000893,344994.16
C000894,Veda Dutta,customer000894@novafin.example,3142495629,1972-05-01,"H.No. 603, Goswami Ganj, Chittoor 051028",Bangalore,SIMU000894,AC0000000894,439969.72
C000895,Devika Nigam,customer000895@novafin.example,2022017545,1964-05-18,"10/466, Shukla Street, Surat-526974",Chennai,SIMU000895,AC0000000895,407209.04
C000896,Onkar Behl,customer000896@novafin.example,6078548330,1979-03-19,"83/680, Bawa Marg, Rampur-792326",Chennai,SIMU000896,AC0000000896,252712.25
C000897,Faqid Loyal,customer000897@novafin.example,8197015019,2003-04-11,"H.No. 925, De Zila, Jamshedpur-852332",Pune,SIMU000897,AC0000000897,169014.31
C000898,Aarush Luthra,customer000898@novafin.example,7958291585,1974-11-08,"H.No. 492, Shukla Nagar, Jaunpur-142487",Bangalore,SIMU000898,AC0000000898,125608.69
C000899,Nisha Dutt,customer000899@novafin.example,2591883124,1961-09-02,"24, Halder Road, Davanagere-497872",Chennai,SIMU000899,AC0000000899,481986.84
C000900,Janaki Soni,customer000900@novafin.example,5643802990,1989-09-07,"479, Bedi Marg, Dhanbad 091657",Mumbai,SIMU000900,AC0000000900,379767.63
C000901,Vanya Sagar,customer000901@novafin.example,4266225492,1998-11-04,"14/01, Divan Path, New Delhi-172264",Ahmedabad,SIMU000901,AC0000000901,459359.62
C000902,Aarna Swamy,customer000902@novafin.example,6900184293,1981-07-13,"H.No. 22, Yohannan, North Dumdum 677153",Chennai,SIMU000902,AC0000000902,213400.23
C000903,Om Ganesan,customer000903@novafin.example,2473650032,1984-09-27,"47, Bir Marg, Barasat 787355",Chennai,SIMU000903,AC0000000903,287237.66
C000904,Charles Mander,customer000904@novafin.example,3169792067,1960-12-03,"969, Malhotra Nagar, Rajpur Sonarpur-528783",Hyderabad,SIMU000904,AC0000000904,205814.33
C000905,Tanmayi Hora,customer000905@novafin.example,8133073453,1961-04-15,"H.No. 224, Kulkarni Chowk, Jehanabad-372033",Pune,SIMU000905,AC0000000905,171500.59
C000906,Chaitanya Naik,customer000906@novafin.example,6023251071,1981-12-30,"40/42, Mistry Street, Singrauli-119925",Pune,SIMU000906,AC0000000906,268587.86
C000907,Gagan Deep,customer000907@novafin.example,3807819135,1995-04-06,"H.No. 971, Tank Path, Secunderabad 166328",Ahmedabad,SIMU000907,AC0000000907,246351.93
C000908,Arunima Rout,customer000908@novafin.example,0616218563,2005-02-10,"15, Mann Nagar, Pimpri-Chinchwad 986856",Ahmedabad,SIMU000908,AC0000000908,386773.76
C000909,Triveni Brahmbhatt,customer000909@novafin.example,3360809010,1995-07-02,"39/278, Tella Circle, Siwan 046163",Pune,SIMU000909,AC0000000909,459306.99
C000910,Nikita Trivedi,customer000910@novafin.example,8518569050,1972-11-15,"28, Arora Nagar, Bhatpara-208147",Pune,SIMU000910,AC0000000910,173637.96
C000911,Reyansh Shanker,customer000911@novafin.example,5640783083,1975-10-24,"45/498, Sabharwal Ganj, Vijayawada 674906",Bangalore,SIMU000911,AC0000000911,292199.25
C000912,Yutika Sahni,customer000912@novafin.example,5185711645,1991-02-24,"431, Bava Circle, Bhagalpur 002585",Chennai,SIMU000912,AC0000000912,377094.88
C000913,Garima Kala,customer000913@novafin.example,7773031678,1998-11-26,"H.No. 548, Dube Chowk, Kota-402545",Bangalore,SIMU000913,AC0000000913,148867.7
C000914,Arjun Bhardwaj,customer000914@novafin.example,4908099839,1961-10-04,"H.No. 61, Kala Marg, Panihati-383000",Kolkata,SIMU000914,AC0000000914,165216.34
C000915,Bishakha Kapoor,customer000915@novafin.example,2949307417,1967-01-04,"28, Taneja, Secunderabad 896225",Chennai,SIMU000915,AC0000000915,181686.01
C000916,Sneha Narang,customer000916@novafin.example,0022302340,1976-05-14,"H.No. 15, Bassi Circle, Kota 805166",Kolkata,SIMU000916,AC0000000916,295650.02
C000917,Caleb Contractor,customer000917@novafin.example,3927884479,1971-08-10,"H.No. 527, Naidu Marg, Avadi-202248",Chennai,SIMU000917,AC0000000917,262168.2
C000918,Zayan Yadav,customer000918@novafin.example,3137371450,2007-10-17,"69, Lall Zila, Mahbubnagar 960610",Pune,SIMU000918,AC0000000918,147230.21
C000919,Suhani Chanda,customer000919@novafin.example,1992569247,1991-03-03,"H.No. 034, Mand Zila, Davanagere-811814",Ahmedabad,SIMU000919,AC0000000919,484091.43
C000920,Hema Chada,customer000920@novafin.example,2517904470,1945-09-23,"71, Thakur Road, Hajipur 103145",Ahmedabad,SIMU000920,AC0000000920,243893.77
C000921,Anita Murty,customer000921@novafin.example,2275794074,2004-01-06,"H.No. 99, Vohra, Delhi-391369",Pune,SIMU000921,AC0000000921,105401.21
C000922,Gaurav Grewal,customer000922@novafin.example,4106032675,1948-09-24,"31, Bumb Nagar, Deoghar 546125",Ahmedabad,SIMU000922,AC0000000922,112422.69
C000923,Meghana Barad,customer000923@novafin.example,4004748679,1998-05-15,"17/03, Chhabra Marg, Meerut 701773",Bangalore,SIMU000923,AC0000000923,273873.6
C000924,Dhriti Mukherjee,customer000924@novafin.example,3078111719,1964-07-22,"H.No. 444, Parikh Zila, Guntakal 743338",Mumbai,SIMU000924,AC0000000924,473964.35
C000925,Niharika Oommen,customer000925@novafin.example,2391703353,1987-08-21,"65/361, Sridhar, Noida-739462",Bangalore,SIMU000925,AC0000000925,388060.95
C000926,Yashawini Tandon,customer000926@novafin.example,3858653927,1990-10-22,"13/493, Subramaniam Zila, Gandhidham 605581",Kolkata,SIMU000926,AC0000000926,90308.48
C000927,Veer Nagarajan,customer000927@novafin.example,9211625069,2005-04-23,"46, Warrior Ganj, Kanpur 455703",Chennai,SIMU000927,AC0000000927,57284.77
C000928,Zashil Deo,customer000928@novafin.example,1866925529,1987-11-27,"H.No. 001, Bhakta Zila, Khammam-161973",Delhi,SIMU000928,AC0000000928,29342.19
C000929,Zayyan Varkey,customer000929@novafin.example,2130088238,1988-02-18,"23, Borah Ganj, Bilaspur 817736",Ahmedabad,SIMU000929,AC0000000929,202270.33
C000930,Edhitha Saini,customer000930@novafin.example,9221882206,1995-02-15,"H.No. 761, Balakrishnan Ganj, Jhansi-416936",Ahmedabad,SIMU000930,AC0000000930,338160.06
C000931,Edhitha Bhatti,customer000931@novafin.example,7640323919,1955-02-27,"12, Khosla Marg, Ballia-999522",Bangalore,SIMU000931,AC0000000931,28140.87
C000932,Qasim Sachdeva,customer000932@novafin.example,4484368681,1998-12-06,"H.No. 640, Venkatesh, Pondicherry-715559",Kolkata,SIMU000932,AC0000000932,30629.21
C000933,Lipika Ganesan,customer000933@novafin.example,8790259120,1977-06-25,"26, Bajaj Marg, Ulhasnagar-584180",Hyderabad,SIMU000933,AC0000000933,279475.6
C000934,Ekaja Padmanabhan,customer000934@novafin.example,7379395795,1989-06-05,"74/111, Kalita Chowk, Sirsa-386256",Hyderabad,SIMU000934,AC0000000934,33142.73
C000935,Raagini Chawla,customer000935@novafin.example,2584233008,1962-08-07,"24/82, Shukla Circle, Tirunelveli 078831",Kolkata,SIMU000935,AC0000000935,407929.66
C000936,Ridhi Karpe,customer000936@novafin.example,5485220720,2003-02-19,"874, Sarkar Zila, Unnao 365129",Delhi,SIMU000936,AC0000000936,75832.8
C000937,Ira Narula,customer000937@novafin.example,0051081948,1974-11-06,"00/360, Desai Chowk, New Delhi-028303",Mumbai,SIMU000937,AC0000000937,274083.07
C000938,Lucky Maharaj,customer000938@novafin.example,7539169280,1993-11-30,"H.No. 669, Sinha Marg, Bangalore-304544",Chennai,SIMU000938,AC0000000938,116167.73
C000939,Anirudh Ramachandran,customer000939@novafin.example,6649700844,1952-06-06,"64, Sachar Street, Hazaribagh 924115",Hyderabad,SIMU000939,AC0000000939,412226.84
C000940,Eesha Badami,customer000940@novafin.example,9961315255,1954-09-12,"83/77, Keer Road, Gopalpur 476253",Hyderabad,SIMU000940,AC0000000940,402594.76
C000941,Chakradhar Chhabra,customer000941@novafin.example,1525586277,1957-09-10,"174, Bahl Circle, Jaipur-588097",Mumbai,SIMU000941,AC0000000941,202199.5
C000942,Rachana Bir,customer000942@novafin.example,2293554592,1983-12-26,"H.No. 77, Chakrabarti, Maheshtala-983045",Kolkata,SIMU000942,AC0000000942,243023.93
C000943,Nisha Dhar,customer000943@novafin.example,4511608958,1999-12-10,"22/133, Vig Marg, Ghaziabad 834761",Chennai,SIMU000943,AC0000000943,495360.69
C000944,Yashica Varty,customer000944@novafin.example,0746113997,1977-05-20,"60/338, Zachariah Chowk, Ulhasnagar 898681",Chennai,SIMU000944,AC0000000944,167487.95
C000945,Wahab Sibal,customer000945@novafin.example,3090073794,2003-06-16,"H.No. 74, Malhotra Road, Varanasi 692626",Mumbai,SIMU000945,AC0000000945,335524.47
C000946,Bhavani Kata,customer000946@novafin.example,7591604359,1980-09-24,"99, Patla Marg, Hospet 756816",Bangalore,SIMU000946,AC0000000946,69412.74
C000947,Dayamai Kamdar,customer000947@novafin.example,0730717761,1989-04-26,"83/69, Dixit Street, Davanagere 403369",Kolkata,SIMU000947,AC0000000947,204155.55
C000948,Kalpit Nath,customer000948@novafin.example,2312653273,1965-01-05,"H.No. 90, Dey Ganj, Sambalpur-771469",Ahmedabad,SIMU000948,AC0000000948,51654.6
C000949,Bahadurjit Kibe,customer000949@novafin.example,5557020061,1958-11-16,"H.No. 59, Singhal Road, Bhubaneswar-189391",Bangalore,SIMU000949,AC0000000949,358851.45
C000950,Vanya Atwal,customer000950@novafin.example,5076122283,1965-10-13,"53/04, Pingle Path, Mau 026356",Mumbai,SIMU000950,AC0000000950,262432.74
C000951,Xalak Tara,customer000951@novafin.example,8943327639,1991-10-20,"H.No. 823, Purohit Marg, Khandwa-222097",Kolkata,SIMU000951,AC0000000951,331330.94
C000952,Geetika Bajaj,customer000952@novafin.example,1790670151,1959-09-27,"H.No. 90, Sarin Chowk, Ujjain-621833",Pune,SIMU000952,AC0000000952,293781.9
C000953,Elijah Dugar,customer000953@novafin.example,9210530712,2004-07-23,"837, Mammen Chowk, Malda 549857",Mumbai,SIMU000953,AC0000000953,450025.83
C000954,Ojas Dhillon,customer000954@novafin.example,6322801269,1963-03-29,"H.No. 89, Devan Path, Pallavaram-096064",Bangalore,SIMU000954,AC0000000954,134139.09
C000955,Nachiket Kurian,customer000955@novafin.example,2573787477,1946-08-06,"94/657, Shanker Chowk, Raebareli-298897",Ahmedabad,SIMU000955,AC0000000955,153770.15
C000956,Damini Dubey,customer000956@novafin.example,8092826164,1945-09-22,"18, Bandi Marg, Munger 880316",Mumbai,SIMU000956,AC0000000956,350103.65
C000957,Dalaja Sodhi,customer000957@novafin.example,1279831242,1971-01-09,"01, Chada, Miryalaguda 870170",Hyderabad,SIMU000957,AC0000000957,452173.03
C000958,Vedika Chauhan,customer000958@novafin.example,2077107404,1982-12-04,"67/24, Chacko Marg, Khammam 109007",Bangalore,SIMU000958,AC0000000958,110193.39
C000959,Hitesh Taneja,customer000959@novafin.example,0205025497,1957-08-03,"H.No. 297, Solanki Path, Jaunpur 396597",Pune,SIMU000959,AC0000000959,32437.6
C000960,Aachal Ganesh,customer000960@novafin.example,2694204164,1975-08-20,"51/337, Karpe, Bhusawal 997681",Chennai,SIMU000960,AC0000000960,303842.15
C000961,Aayush Wagle,customer000961@novafin.example,5717490584,1980-04-13,"H.No. 99, Varma Nagar, Rajpur Sonarpur 862405",Kolkata,SIMU000961,AC0000000961,466215.6
C000962,Aadhya Lanka,customer000962@novafin.example,0999863245,1975-09-03,"H.No. 108, Bobal Path, Bulandshahr 898593",Hyderabad,SIMU000962,AC0000000962,102163.87
C000963,Faraj Kibe,customer000963@novafin.example,9618307348,1955-09-11,"597, Anand Street, Bathinda-829878",Chennai,SIMU000963,AC0000000963,294180.56
C000964,Lohit Bhatt,customer000964@novafin.example,7498474604,1976-08-23,"84/721, Sani Road, Berhampore 758045",Kolkata,SIMU000964,AC0000000964,346591.61
C000965,Pratyush Sampath,customer000965@novafin.example,6988979887,1964-08-10,"41, Mall Ganj, Bhiwandi 936059",Pune,SIMU000965,AC0000000965,207326.95
C000966,Qabil Setty,customer000966@novafin.example,1934638901,1965-02-14,"36/56, Boase Zila, Alappuzha 223070",Delhi,SIMU000966,AC0000000966,400486.59
C000967,Gautami Krishnan,customer000967@novafin.example,5316022743,2002-08-05,"71/862, Misra Road, Nagercoil-311213",Mumbai,SIMU000967,AC0000000967,262876.6
C000968,Vyanjana Grewal,customer000968@novafin.example,8066154598,1971-04-10,"54, Virk Zila, Dehradun-521288",Pune,SIMU000968,AC0000000968,50505.81
C000969,Rachita Barman,customer000969@novafin.example,9469984288,1976-03-11,"031, Ganesh Ganj, Mysore 320366",Kolkata,SIMU000969,AC0000000969,135268.4
C000970,Chaaya Date,customer000970@novafin.example,7862685272,1947-08-13,"H.No. 877, Kara Circle, Bahraich-062833",Mumbai,SIMU000970,AC0000000970,186781.55
C000971,Idika Pillay,customer000971@novafin.example,3562327700,1968-10-01,"027, Date Ganj, Jamalpur 704240",Kolkata,SIMU000971,AC0000000971,485237.25
C000972,Garima Oommen,customer000972@novafin.example,4689397704,1978-01-27,"64/67, Wable Ganj, Tiruvottiyur 904484",Pune,SIMU000972,AC0000000972,39072.19
C000973,Xalak Kari,customer000973@novafin.example,2291248955,1947-08-11,"394, Mallick Path, Bidar 076089",Hyderabad,SIMU000973,AC0000000973,397185.37
C000974,Samuel Bhargava,customer000974@novafin.example,2033980138,1955-06-03,"H.No. 68, Bera, Motihari-080153",Ahmedabad,SIMU000974,AC0000000974,258036.64
C000975,Tanvi Mammen,customer000975@novafin.example,5670277287,1970-07-13,"94, Talwar Path, Tezpur-995505",Pune,SIMU000975,AC0000000975,287692.92
C000976,Wriddhish Ram,customer000976@novafin.example,9171485418,1956-07-22,"52/078, Gade Circle, Singrauli 119214",Kolkata,SIMU000976,AC0000000976,230127.77
C000977,Vyanjana Merchant,customer000977@novafin.example,5203027694,1980-07-15,"H.No. 353, Chand Street, Anantapuram-029363",Kolkata,SIMU000977,AC0000000977,65704.71
C000978,Anthony Krishna,customer000978@novafin.example,2180525795,1993-10-10,"94, Deshpande Zila, Jamnagar 460189",Hyderabad,SIMU000978,AC0000000978,404076.21
C000979,Ishaan Jani,customer000979@novafin.example,3485713399,1974-09-24,"734, D’Alia Street, Saharanpur-291381",Mumbai,SIMU000979,AC0000000979,63968.05
C000980,Balveer Chanda,customer000980@novafin.example,9480298908,1984-12-30,"H.No. 52, Dada Ganj, Ramgarh-821335",Delhi,SIMU000980,AC0000000980,205500.0
C000981,Samuel Chandra,customer000981@novafin.example,2366704171,2007-01-05,"74/05, Choudhury Nagar, Tiruppur 034495",Delhi,SIMU000981,AC0000000981,376336.26
C000982,Ayaan Tailor,customer000982@novafin.example,4876507752,1961-01-08,"31/603, Thakur Chowk, Tiruchirappalli 570399",Pune,SIMU000982,AC0000000982,196332.61
C000983,Samesh Bhasin,customer000983@novafin.example,6700599469,1962-05-07,"700, Chokshi Chowk, Nagaon-097140",Mumbai,SIMU000983,AC0000000983,27467.73
C000984,Rudra Krish,customer000984@novafin.example,3430658744,1958-10-01,"59, Tailor Nagar, Ajmer-825854",Hyderabad,SIMU000984,AC0000000984,236249.54
C000985,Diya Chowdhury,customer000985@novafin.example,9196034823,1983-10-19,"693, Khosla Street, Patna-364758",Hyderabad,SIMU000985,AC0000000985,73559.92
C000986,Odika Sama,customer000986@novafin.example,8674163712,1952-10-28,"H.No. 29, Srivastava Chowk, Agra-458408",Mumbai,SIMU000986,AC0000000986,114011.1
C000987,Indrajit Luthra,customer000987@novafin.example,1572814361,1971-07-31,"H.No. 60, Prashad Ganj, Hubli–Dharwad 605554",Ahmedabad,SIMU000987,AC0000000987,289567.89
C000988,Indali Kuruvilla,customer000988@novafin.example,6836843771,1965-05-17,"H.No. 59, Roy Path, Bhopal 301196",Kolkata,SIMU000988,AC0000000988,74064.14
C000989,Max Taneja,customer000989@novafin.example,3869742173,1982-01-18,"57/09, Kuruvilla Ganj, Mahbubnagar 650811",Mumbai,SIMU000989,AC0000000989,193109.29
C000990,Nisha Lad,customer000990@novafin.example,3484843770,2000-10-15,"95/142, Pant, Anantapuram-695421",Mumbai,SIMU000990,AC0000000990,308539.16
C000991,Irya Saran,customer000991@novafin.example,7528001617,1977-01-02,"23/51, Kala Marg, Ujjain 489710",Pune,SIMU000991,AC0000000991,435266.13
C000992,Gautam Saxena,customer000992@novafin.example,7812945761,2005-02-09,"H.No. 423, Panchal Path, Hosur 372875",Bangalore,SIMU000992,AC0000000992,163627.49
C000993,Vyanjana Dash,customer000993@novafin.example,0265647711,1954-06-23,"H.No. 894, Agate Zila, Gangtok 161146",Kolkata,SIMU000993,AC0000000993,395105.33
C000994,Aachal Raj,customer000994@novafin.example,1983097542,1995-06-05,"774, Tandon Circle, Kolkata 788125",Chennai,SIMU000994,AC0000000994,296681.2
C000995,Orinder Natt,customer000995@novafin.example,2180822679,1973-06-23,"02/865, Kale Ganj, Jaunpur-646821",Delhi,SIMU000995,AC0000000995,350525.1
C000996,Akshay Gulati,customer000996@novafin.example,0907037808,1996-10-09,"H.No. 709, Keer Circle, Dibrugarh-926748",Delhi,SIMU000996,AC0000000996,90949.03
C000997,Nimrat Goda,customer000997@novafin.example,5074456572,1970-03-02,"82/81, Madan Chowk, Morena 003452",Hyderabad,SIMU000997,AC0000000997,152493.23
C000998,Darsh Grewal,customer000998@novafin.example,2693032645,1960-10-15,"07/40, Karan Marg, Chandigarh-852247",Delhi,SIMU000998,AC0000000998,55051.9
C000999,Varenya Pillai,customer000999@novafin.example,2583799005,1986-07-01,"763, Kuruvilla Ganj, Jalgaon-628372",Kolkata,SIMU000999,AC0000000999,156081.89
C001000,Widisha Goda,customer001000@novafin.example,5931033700,1955-05-04,"H.No. 370, Hora Road, Muzaffarpur-188384",Hyderabad,SIMU001000,AC0000001000,255009.87
C001001,Mohini Butala,customer001001@novafin.example,5780473719,1978-02-17,"06/45, Mohanty Path, Asansol-578379",Mumbai,SIMU001001,AC0000001001,196534.33
C001002,Radhika Mann,customer001002@novafin.example,5327396885,1995-01-11,"90/397, Sidhu, Rajpur Sonarpur-503219",Chennai,SIMU001002,AC0000001002,367427.24
C001003,Osha Pai,customer001003@novafin.example,1025066686,1960-10-27,"71, Wali Road, Shahjahanpur 895910",Ahmedabad,SIMU001003,AC0000001003,307058.04
C001004,Gaurika Goyal,customer001004@novafin.example,2762215596,1959-08-25,"94/95, Mani, Kollam-546565",Chennai,SIMU001004,AC0000001004,242484.28
C001005,Falan Singhal,customer001005@novafin.example,8730021027,1960-09-15,"67/322, Mane Ganj, Agartala-916601",Delhi,SIMU001005,AC0000001005,169712.55
C001006,Bahadurjit Anne,customer001006@novafin.example,8866073264,2005-12-19,"59/54, Sule Zila, Howrah-937164",Kolkata,SIMU001006,AC0000001006,182803.18
C001007,Hritik Atwal,customer001007@novafin.example,5734669447,1975-08-12,"890, Ramachandran Path, Hapur 837847",Kolkata,SIMU001007,AC0000001007,406936.32
C001008,Gautam Wadhwa,customer001008@novafin.example,7434509685,1948-05-25,"50/230, Ramakrishnan Circle, Singrauli-434354",Pune,SIMU001008,AC0000001008,234105.89
C001009,Forum Goel,customer001009@novafin.example,2156038710,1959-11-25,"94, Sane Marg, Dewas 376474",Kolkata,SIMU001009,AC0000001009,412350.85
C001010,Qushi Das,customer001010@novafin.example,6122150396,1999-04-22,"90/041, Verma Path, Thrissur-528660",Delhi,SIMU001010,AC0000001010,167706.76
C001011,Udant Varma,customer001011@novafin.example,5002957380,1958-03-08,"18, Prasad Zila, Kharagpur 949991",Chennai,SIMU001011,AC0000001011,252529.63
C001012,Nandini Prakash,customer001012@novafin.example,5519193968,1975-02-09,"08, Mukhopadhyay Nagar, Kavali-285071",Delhi,SIMU001012,AC0000001012,483172.95
C001013,Fiyaz Dube,customer001013@novafin.example,3213495220,1990-12-09,"17, Patil Chowk, Kharagpur 748066",Pune,SIMU001013,AC0000001013,163437.87
C001014,Ekansh Golla,customer001014@novafin.example,2030695165,1953-02-18,"H.No. 181, Deep Zila, Srikakulam 302559",Ahmedabad,SIMU001014,AC0000001014,484687.47
C001015,Krishna Bhargava,customer001015@novafin.example,2314596889,1993-07-15,"68/04, Balasubramanian Path, Ujjain-120360",Chennai,SIMU001015,AC0000001015,179795.96
C001016,Nidhi Mahal,customer001016@novafin.example,8044608197,2000-05-18,"95, Mand Road, Ludhiana-095806",Hyderabad,SIMU001016,AC0000001016,412834.89
C001017,Tanmayi Lala,customer001017@novafin.example,6698398590,1987-01-14,"H.No. 29, Mannan Nagar, Malda 625384",Kolkata,SIMU001017,AC0000001017,198382.38
C001018,Nidra Ramakrishnan,customer001018@novafin.example,9530164728,1965-08-10,"02/62, Sehgal, Guwahati-662866",Chennai,SIMU001018,AC0000001018,306307.84
C001019,Ranveer Morar,customer001019@novafin.example,4689670165,1996-05-27,"H.No. 215, Deo Chowk, Chandigarh-524235",Delhi,SIMU001019,AC0000001019,348813.5
C001020,Harita Ramakrishnan,customer001020@novafin.example,0858949617,2003-06-05,"053, Issac Path, Maheshtala 845605",Bangalore,SIMU001020,AC0000001020,477677.19
C001021,Bhavya Dixit,customer001021@novafin.example,2210912944,2007-06-24,"H.No. 878, Lanka Ganj, Kirari Suleman Nagar 982402",Ahmedabad,SIMU001021,AC0000001021,472913.08
C001022,Ishwar Sane,customer001022@novafin.example,3137998181,1971-09-10,"657, Saran Circle, Thoothukudi-877452",Chennai,SIMU001022,AC0000001022,233266.1
C001023,Tanay Mital,customer001023@novafin.example,3725442253,2006-10-25,"05/03, Nayar Road, Berhampur-872047",Hyderabad,SIMU001023,AC0000001023,419858.86
C001024,Urvashi Saran,customer001024@novafin.example,6082887458,1949-06-03,"136, Parsa Circle, Kota-262107",Mumbai,SIMU001024,AC0000001024,414008.64
C001025,Fitan Kurian,customer001025@novafin.example,3010614452,1966-06-14,"H.No. 43, Biswas Ganj, Jalandhar 533349",Kolkata,SIMU001025,AC0000001025,344664.38
C001026,Nitesh Sankaran,customer001026@novafin.example,0100343449,1995-12-02,"18/881, Vala Chowk, Meerut 159927",Delhi,SIMU001026,AC0000001026,325834.62
C001027,Teerth Shan,customer001027@novafin.example,3827490331,1961-03-24,"07/04, Jhaveri Chowk, Bijapur 687477",Chennai,SIMU001027,AC0000001027,145023.8
C001028,Aadhya Ahuja,customer001028@novafin.example,0366656007,2003-10-22,"821, Kala, Siwan-784726",Delhi,SIMU001028,AC0000001028,364737.29
C001029,Tanveer Jha,customer001029@novafin.example,0459692066,1982-08-05,"H.No. 234, Jha Road, Saharsa 981184",Kolkata,SIMU001029,AC0000001029,60133.44
C001030,Indali Chaudhari,customer001030@novafin.example,4210637817,1993-12-22,"H.No. 81, Roy Zila, Adoni-585942",Ahmedabad,SIMU001030,AC0000001030,301565.91
C001031,Yatin Tata,customer001031@novafin.example,1363659727,1980-12-31,"59, Patel Ganj, Madurai-417491",Kolkata,SIMU001031,AC0000001031,283231.47
C001032,Thomas Bajwa,customer001032@novafin.example,2672339907,2004-07-23,"H.No. 113, Cherian, Aizawl 442364",Pune,SIMU001032,AC0000001032,358276.29
C001033,Naksh Borde,customer001033@novafin.example,9901086164,1966-11-10,"38, Raj Nagar, Pudukkottai 736720",Mumbai,SIMU001033,AC0000001033,76950.48
C001034,Jagat Bath,customer001034@novafin.example,3726432058,1975-07-02,"H.No. 97, Patla Zila, Raiganj-277011",Chennai,SIMU001034,AC0000001034,337360.78
C001035,Darika Char,customer001035@novafin.example,7326096856,2004-09-01,"H.No. 859, Iyer Chowk, Orai-794336",Pune,SIMU001035,AC0000001035,104010.78
C001036,Anita Taneja,customer001036@novafin.example,2632767659,1980-11-25,"94, Lanka, Vijayawada-534745",Bangalore,SIMU001036,AC0000001036,292529.64
C001037,Kai Kulkarni,customer001037@novafin.example,5377290848,2005-06-02,"H.No. 03, Palla Chowk, Begusarai-780538",Kolkata,SIMU001037,AC0000001037,484235.29
C001038,Rushil Walla,customer001038@novafin.example,6932913696,1993-01-15,"37, Bhakta Ganj, Chandigarh 063240",Pune,SIMU001038,AC0000001038,483715.47
C001039,Harshil Bath,customer001039@novafin.example,6583879633,1964-10-07,"66/033, Sunder Street, Aurangabad-415920",Kolkata,SIMU001039,AC0000001039,75323.66
C001040,Ekaraj Bera,customer001040@novafin.example,0276078195,1980-11-13,"97, Vasa Ganj, Noida 614435",Mumbai,SIMU001040,AC0000001040,147900.73
C001041,Kamya Madan,customer001041@novafin.example,8935052602,2004-03-17,"70, Chada Chowk, Kozhikode-361391",Chennai,SIMU001041,AC0000001041,236744.81
C001042,Raghav Swamy,customer001042@novafin.example,4599841337,1946-04-01,"91, Ravel Nagar, Kochi 640707",Kolkata,SIMU001042,AC0000001042,244955.02
C001043,Charvi Sastry,customer001043@novafin.example,8303485736,2004-09-13,"27/28, Anne Nagar, Kochi 883643",Delhi,SIMU001043,AC0000001043,188859.51
C001044,Priya Tailor,customer001044@novafin.example,9844408895,1959-03-29,"56, Oommen Nagar, Bhusawal-152302",Bangalore,SIMU001044,AC0000001044,254316.27
C001045,Lakshmi Hayre,customer001045@novafin.example,0923565403,1989-05-15,"H.No. 02, Joshi Chowk, Indore 295318",Hyderabad,SIMU001045,AC0000001045,222588.33
C001046,Aayush Bains,customer001046@novafin.example,2318206820,1998-11-01,"H.No. 548, Sen Road, Hazaribagh 779739",Mumbai,SIMU001046,AC0000001046,80132.94
C001047,Anika Narayan,customer001047@novafin.example,3815182723,1964-04-25,"H.No. 852, Patla Path, Gurgaon-559030",Delhi,SIMU001047,AC0000001047,190456.11
C001048,Pallavi Narasimhan,customer001048@novafin.example,4876150488,2005-11-05,"92/44, Mannan Marg, Patiala 076955",Pune,SIMU001048,AC0000001048,241283.0
C001049,Shivansh Pillay,customer001049@novafin.example,8810822775,1988-05-05,"H.No. 59, Pingle Street, Kochi-387249",Chennai,SIMU001049,AC0000001049,272529.54
C001050,Vasudha Singhal,customer001050@novafin.example,0704559484,2006-08-20,"62, Om Ganj, Unnao 255935",Pune,SIMU001050,AC0000001050,251177.2
C001051,Om Seshadri,customer001051@novafin.example,7490641227,1970-03-01,"H.No. 51, Majumdar Ganj, Mehsana-054558",Ahmedabad,SIMU001051,AC0000001051,367947.12
C001052,Bimala Pandit,customer001052@novafin.example,9556216833,1973-11-10,"H.No. 491, Thakkar Nagar, Faridabad 317155",Ahmedabad,SIMU001052,AC0000001052,176482.0
C001053,Ekani Dutt,customer001053@novafin.example,9793368609,1948-02-02,"H.No. 055, Hegde Circle, Tiruchirappalli 532026",Hyderabad,SIMU001053,AC0000001053,46224.45
C001054,Chanakya Bali,customer001054@novafin.example,3396379020,1988-12-07,"18/893, Mishra Circle, Hospet-676634",Mumbai,SIMU001054,AC0000001054,35727.93
C001055,Abhiram Kaul,customer001055@novafin.example,8124266474,1964-05-03,"83, Talwar Street, Vellore 795818",Pune,SIMU001055,AC0000001055,332785.71
C001056,Sachi Mittal,customer001056@novafin.example,9924687144,1999-08-12,"H.No. 556, Mukhopadhyay Marg, Thiruvananthapuram 026908",Delhi,SIMU001056,AC0000001056,466713.16
C001057,Amrita Rama,customer001057@novafin.example,6811822923,1983-10-04,"037, Karpe Ganj, Proddatur-061386",Chennai,SIMU001057,AC0000001057,270097.1
C001058,Charvi Verma,customer001058@novafin.example,7830455965,2001-10-28,"00/55, Deep Zila, Nangloi Jat-449436",Delhi,SIMU001058,AC0000001058,182220.09
C001059,Noah Sibal,customer001059@novafin.example,5614653442,1955-11-28,"47, Pillay Zila, Dhanbad 519198",Kolkata,SIMU001059,AC0000001059,480269.75
C001060,Anthony Oak,customer001060@novafin.example,5133585081,2002-04-27,"63, Suri Street, Alwar-338106",Chennai,SIMU001060,AC0000001060,403934.0
C001061,Yashasvi Brahmbhatt,customer001061@novafin.example,0052291845,2002-03-31,"90/52, Bahl Chowk, Etawah-114358",Delhi,SIMU001061,AC0000001061,113533.79
C001062,Chaitanya Muni,customer001062@novafin.example,7751306109,1972-12-15,"H.No. 37, Mandal Zila, Mathura-043192",Kolkata,SIMU001062,AC0000001062,212901.63
C001063,Baghyawati Kothari,customer001063@novafin.example,2666560233,1969-11-06,"24, Nanda Chowk, Sonipat 672036",Chennai,SIMU001063,AC0000001063,238548.13
C001064,Dakshesh Dhawan,customer001064@novafin.example,5100568706,1977-02-06,"181, Setty Marg, Bokaro 539330",Kolkata,SIMU001064,AC0000001064,209697.0
C001065,Anjali Wagle,customer001065@novafin.example,9516570794,1993-09-12,"426, Sachar Road, Bathinda-902041",Chennai,SIMU001065,AC0000001065,122747.63
C001066,Ekantika Mody,customer001066@novafin.example,5109334653,1997-08-16,"H.No. 75, Hari Road, Meerut-984164",Mumbai,SIMU001066,AC0000001066,299240.25
C001067,Shravya Sen,customer001067@novafin.example,2170470125,2006-10-12,"97/178, Rai Path, Malda-975059",Delhi,SIMU001067,AC0000001067,198751.69
C001068,Wakeeta Khalsa,customer001068@novafin.example,0105591698,1978-11-08,"H.No. 70, Kurian Circle, Varanasi-545259",Chennai,SIMU001068,AC0000001068,242336.45
C001069,Jyoti Sibal,customer001069@novafin.example,7650946207,1955-08-27,"H.No. 926, Dave Nagar, Amritsar-868010",Hyderabad,SIMU001069,AC0000001069,343583.18
C001070,Rajata Aggarwal,customer001070@novafin.example,9490817003,1991-01-04,"H.No. 87, Swaminathan Chowk, Dhanbad-497268",Ahmedabad,SIMU001070,AC0000001070,275664.63
C001071,Harish Cheema,customer001071@novafin.example,6964607735,1992-12-15,"051, Pillay Ganj, Mathura 489250",Pune,SIMU001071,AC0000001071,308561.14
C001072,Warhi Parikh,customer001072@novafin.example,6748673581,1978-12-26,"74/77, Khare, Srikakulam-843835",Kolkata,SIMU001072,AC0000001072,303827.24
C001073,Upasna Dash,customer001073@novafin.example,5201930646,1971-08-07,"19/69, Gulati, Uluberia-031387",Pune,SIMU001073,AC0000001073,192192.84
C001074,Balveer Nagi,customer001074@novafin.example,8287533552,1954-11-16,"H.No. 78, Comar Zila, Proddatur 699345",Ahmedabad,SIMU001074,AC0000001074,318247.27
C001075,Siya Kashyap,customer001075@novafin.example,2293177865,1989-12-09,"H.No. 05, Subramaniam Path, Karawal Nagar 743124",Hyderabad,SIMU001075,AC0000001075,461374.23
C001076,Chasmum Nagar,customer001076@novafin.example,5381157509,1949-01-18,"36/957, Sahni Path, Pudukkottai 339168",Mumbai,SIMU001076,AC0000001076,344252.29
C001077,Triveni Agrawal,customer001077@novafin.example,5069439441,1966-01-15,"97/493, Mallick Path, Raipur-181889",Pune,SIMU001077,AC0000001077,80984.29
C001078,Ishaan Kala,customer001078@novafin.example,9357538481,1994-05-28,"475, Bera Marg, Bulandshahr-262455",Hyderabad,SIMU001078,AC0000001078,80550.73
C001079,Omaja Gaba,customer001079@novafin.example,2135469223,1978-12-29,"434, Rajagopal Marg, Mau 700603",Pune,SIMU001079,AC0000001079,354382.36
C001080,Charan Sathe,customer001080@novafin.example,1635214120,1988-09-19,"H.No. 61, Varkey Marg, Medininagar 641854",Kolkata,SIMU001080,AC0000001080,223663.58
C001081,Rehaan Kamdar,customer001081@novafin.example,6650285915,1953-07-27,"57/829, Narayan Nagar, Avadi-219114",Delhi,SIMU001081,AC0000001081,298032.87
C001082,Anamika Thakur,customer001082@novafin.example,4140138569,1953-11-14,"52, Dara Nagar, Ludhiana 740209",Kolkata,SIMU001082,AC0000001082,113233.01
C001083,Damyanti Sarin,customer001083@novafin.example,6594818272,1990-09-09,"59/164, Dasgupta Road, Jhansi-180113",Delhi,SIMU001083,AC0000001083,288583.47
C001084,Zansi Murty,customer001084@novafin.example,3156823428,1955-09-05,"671, Dugar Ganj, Kolhapur 342386",Ahmedabad,SIMU001084,AC0000001084,162196.52
C001085,Balveer Sem,customer001085@novafin.example,6042939876,1949-02-28,"107, Gokhale Path, Faridabad-330510",Delhi,SIMU001085,AC0000001085,174425.51
C001086,Maanav Mander,customer001086@novafin.example,2542654168,1957-09-28,"39/852, Chauhan Ganj, Sasaram-632786",Ahmedabad,SIMU001086,AC0000001086,319219.74
C001087,Vanya Baral,customer001087@novafin.example,2357318995,2001-06-24,"99/213, Krish Path, Bhind 507077",Pune,SIMU001087,AC0000001087,477124.93
C001088,Abeer Mishra,customer001088@novafin.example,9996357686,1961-10-23,"51/94, Mammen Circle, Alwar 259551",Ahmedabad,SIMU001088,AC0000001088,89853.99
C001089,Ranbir Banerjee,customer001089@novafin.example,9154196351,1973-08-02,"H.No. 13, Karnik Marg, Raurkela Industrial Township-504173",Kolkata,SIMU001089,AC0000001089,482818.82
C001090,Lucky Dhaliwal,customer001090@novafin.example,4267870323,1980-09-30,"H.No. 899, Pandit Ganj, Mango 211275",Ahmedabad,SIMU001090,AC0000001090,219338.82
C001091,Yash Tank,customer001091@novafin.example,1149331088,1949-04-20,"40/03, Chandran Circle, Latur-485100",Ahmedabad,SIMU001091,AC0000001091,222424.46
C001092,Ekansh Tella,customer001092@novafin.example,4140817028,1974-07-13,"32/149, Sridhar, Bhagalpur-043474",Ahmedabad,SIMU001092,AC0000001092,257132.27
C001093,Samarth Mohanty,customer001093@novafin.example,2106510046,1988-06-10,"135, Nath Path, Aurangabad 207223",Mumbai,SIMU001093,AC0000001093,293563.95
C001094,Pallavi Shetty,customer001094@novafin.example,1761898987,1974-06-16,"H.No. 13, Srinivasan Circle, Solapur-398189",Chennai,SIMU001094,AC0000001094,163742.71
C001095,Tanmayi Dyal,customer001095@novafin.example,4873045194,1973-07-12,"34/188, Tara Nagar, Bijapur 315758",Hyderabad,SIMU001095,AC0000001095,131800.62
C001096,Reyansh Cherian,customer001096@novafin.example,3620544933,1951-02-27,"H.No. 638, Salvi Path, Bangalore 071537",Hyderabad,SIMU001096,AC0000001096,104899.26
C001097,Quincy Bhakta,customer001097@novafin.example,5553544078,1977-06-25,"H.No. 007, Andra Street, Lucknow-711246",Ahmedabad,SIMU001097,AC0000001097,293683.97
C001098,Sachi Peri,customer001098@novafin.example,8041048667,1963-02-18,"24, Tank Road, Rampur 711018",Ahmedabad,SIMU001098,AC0000001098,286119.94
C001099,Unnati Atwal,customer001099@novafin.example,3257044307,2002-10-21,"99/74, Bhasin, Howrah-381779",Mumbai,SIMU001099,AC0000001099,297039.18
C001100,Advika Raval,customer001100@novafin.example,4704811301,1962-04-25,"H.No. 456, Chatterjee Path, Rourkela-591700",Hyderabad,SIMU001100,AC0000001100,393178.69
C001101,Anika Khurana,customer001101@novafin.example,4325674053,1951-11-09,"H.No. 154, Bhavsar Zila, Guntakal-206071",Pune,SIMU001101,AC0000001101,282470.61
C001102,Neelima Jani,customer001102@novafin.example,0522144267,1983-10-13,"H.No. 61, Rout Zila, Satara 426184",Bangalore,SIMU001102,AC0000001102,386001.96
C001103,Divya Kadakia,customer001103@novafin.example,5826829508,1985-02-21,"323, Prabhakar Path, Karnal 352880",Ahmedabad,SIMU001103,AC0000001103,284517.81
C001104,Ayaan Tandon,customer001104@novafin.example,0781973544,1964-09-21,"74, Mahal Road, Bilaspur-046400",Kolkata,SIMU001104,AC0000001104,73647.81
C001105,Abhiram Raju,customer001105@novafin.example,6486275537,1999-01-25,"60/912, Bains Zila, Nagpur 254539",Chennai,SIMU001105,AC0000001105,166411.74
C001106,Caleb Chanda,customer001106@novafin.example,0993247079,1970-03-04,"H.No. 31, Bhandari Marg, Mira-Bhayandar 039439",Bangalore,SIMU001106,AC0000001106,238622.86
C001107,Amara Dubey,customer001107@novafin.example,8952361794,1968-07-05,"95/781, Sen Street, Moradabad 427183",Pune,SIMU001107,AC0000001107,434544.82
C001108,Maanav Mammen,customer001108@novafin.example,2393627617,1997-10-17,"H.No. 65, Chaudhary Path, Ujjain 381105",Mumbai,SIMU001108,AC0000001108,233558.2
C001109,Laban Deep,customer001109@novafin.example,0745952827,1999-09-16,"935, Kalla Road, Sirsa 278396",Mumbai,SIMU001109,AC0000001109,393425.03
C001110,Fariq Padmanabhan,customer001110@novafin.example,0026077214,1971-11-11,"715, Soni Path, Gorakhpur-520898",Chennai,SIMU001110,AC0000001110,124692.13
C001111,Dominic Setty,customer001111@novafin.example,0950793377,1987-04-21,"H.No. 14, Oak Circle, Kozhikode-590826",Pune,SIMU001111,AC0000001111,433998.13
C001112,Aadi Bhargava,customer001112@novafin.example,2208712189,1962-05-01,"H.No. 233, Narang Zila, Etawah 757903",Kolkata,SIMU001112,AC0000001112,103841.27
C001113,Ronith Atwal,customer001113@novafin.example,6094175024,1948-11-03,"58, Nair Chowk, Hosur-095914",Delhi,SIMU001113,AC0000001113,397803.42
C001114,Caleb Minhas,customer001114@novafin.example,2366946272,1952-09-27,"20/438, Naik Road, Rampur 217643",Chennai,SIMU001114,AC0000001114,407584.23
C001115,Saksham Mangat,customer001115@novafin.example,6674078869,1967-01-19,"11/06, Shankar Marg, Haldia-187939",Pune,SIMU001115,AC0000001115,277833.38
C001116,Edhitha Kalita,customer001116@novafin.example,7012493164,1955-08-28,"80, Sarraf Road, Jalna 793651",Delhi,SIMU001116,AC0000001116,178735.47
C001117,Kashvi Ramesh,customer001117@novafin.example,6920327357,1972-02-19,"H.No. 230, Om Nagar, Guna-915324",Hyderabad,SIMU001117,AC0000001117,162433.29
C001118,Harini Rama,customer001118@novafin.example,0098057836,1947-09-26,"H.No. 365, Dass Ganj, Raebareli-997707",Hyderabad,SIMU001118,AC0000001118,477388.74
C001119,Pooja Basu,customer001119@novafin.example,7461433700,1995-04-14,"H.No. 36, Sarma Circle, Eluru-876215",Mumbai,SIMU001119,AC0000001119,89404.73
C001120,Vrishti Mitra,customer001120@novafin.example,5458661824,1950-03-14,"85, Bhatt Ganj, Moradabad 263492",Kolkata,SIMU001120,AC0000001120,461415.14
C001121,Naveen Deshpande,customer001121@novafin.example,3998215900,2004-03-28,"H.No. 48, Panchal Road, Malda-154176",Hyderabad,SIMU001121,AC0000001121,436847.61
C001122,Abhimanyu Minhas,customer001122@novafin.example,6893911645,2008-04-14,"H.No. 76, Rattan Marg, Ongole-085208",Delhi,SIMU001122,AC0000001122,358177.6
C001123,Logan Sarin,customer001123@novafin.example,5521750499,1981-08-25,"754, Dhar Road, Kolkata-185069",Delhi,SIMU001123,AC0000001123,143596.69
C001124,Unni Kata,customer001124@novafin.example,4006724663,1956-09-04,"031, Gupta Circle, New Delhi 111840",Pune,SIMU001124,AC0000001124,418528.86
C001125,Irya Krishnamurthy,customer001125@novafin.example,5875524529,1950-09-23,"97, Pal Road, Nagaon 517983",Kolkata,SIMU001125,AC0000001125,257492.89
C001126,Gaurav Khurana,customer001126@novafin.example,5669633895,1950-04-14,"H.No. 60, Choudhry Zila, Bikaner-694762",Hyderabad,SIMU001126,AC0000001126,323211.09
C001127,Maya Yadav,customer001127@novafin.example,2685179736,2005-12-16,"H.No. 271, Bhardwaj, Warangal 387212",Kolkata,SIMU001127,AC0000001127,239696.07
C001128,Jasmit Borra,customer001128@novafin.example,4562446220,1974-07-24,"39/350, Dugal Circle, Maheshtala-625381",Mumbai,SIMU001128,AC0000001128,216354.12
C001129,Akshay Keer,customer001129@novafin.example,7559841420,1965-11-19,"H.No. 745, Kala Nagar, Udaipur-999702",Hyderabad,SIMU001129,AC0000001129,354984.22
C001130,Anamika Agrawal,customer001130@novafin.example,3109077182,1954-06-06,"37/655, Sastry Road, Amritsar-275735",Pune,SIMU001130,AC0000001130,240980.43
C001131,Dayita Chhabra,customer001131@novafin.example,7126661539,1986-12-16,"02, Pal Zila, Navi Mumbai 433906",Ahmedabad,SIMU001131,AC0000001131,180462.41
C001132,Urmi Zacharia,customer001132@novafin.example,8247733912,1960-09-05,"91/275, Kibe, Satna-142116",Bangalore,SIMU001132,AC0000001132,437731.19
C001133,Peter Bandi,customer001133@novafin.example,5910044364,1965-05-18,"969, Krishnan Zila, Sangli-Miraj & Kupwad 072276",Mumbai,SIMU001133,AC0000001133,372192.67
C001134,Eiravati Dugar,customer001134@novafin.example,8087857109,1996-09-18,"H.No. 009, Bhasin Nagar, Rajpur Sonarpur 586775",Ahmedabad,SIMU001134,AC0000001134,326549.26
C001135,Neha Pingle,customer001135@novafin.example,1728470344,1958-02-22,"H.No. 68, Bhattacharyya Road, Sagar 351757",Pune,SIMU001135,AC0000001135,428800.46
C001136,Dipta Bir,customer001136@novafin.example,1769659596,1948-06-24,"52, Rana Street, Hazaribagh-210922",Kolkata,SIMU001136,AC0000001136,128469.22
C001137,Eshana Chanda,customer001137@novafin.example,5579537237,1964-03-19,"643, Goyal Nagar, Ranchi 372298",Kolkata,SIMU001137,AC0000001137,416802.63
C001138,Jairaj Babu,customer001138@novafin.example,5243922950,1972-06-15,"H.No. 769, Hora Path, Bongaigaon-834767",Ahmedabad,SIMU001138,AC0000001138,152555.0
C001139,Chandresh Sarma,customer001139@novafin.example,4466669483,1988-10-06,"68/25, Wagle Nagar, Thanjavur 562972",Hyderabad,SIMU001139,AC0000001139,185433.7
C001140,Lajita Dhingra,customer001140@novafin.example,2572734689,1995-02-25,"334, Sani Road, Sikar 051496",Delhi,SIMU001140,AC0000001140,293917.5
C001141,Chanakya Radhakrishnan,customer001141@novafin.example,2886887924,2006-03-02,"95/186, Naik, Chandigarh 440883",Ahmedabad,SIMU001141,AC0000001141,399444.24
C001142,Harrison Kota,customer001142@novafin.example,1693476912,1986-08-20,"H.No. 220, Rajan Zila, Jalandhar-200239",Bangalore,SIMU001142,AC0000001142,46822.89
C001143,Januja Doshi,customer001143@novafin.example,1336314098,1978-08-23,"189, Sule Marg, Visakhapatnam 295903",Ahmedabad,SIMU001143,AC0000001143,32733.64
C001144,Tanmayi Sunder,customer001144@novafin.example,6900019176,1965-08-24,"H.No. 38, Comar Chowk, Srinagar 474691",Delhi,SIMU001144,AC0000001144,234610.83
C001145,Udyati Bhardwaj,customer001145@novafin.example,0272820400,1946-04-18,"91/232, Rai Zila, Nagpur-932418",Bangalore,SIMU001145,AC0000001145,496123.16
C001146,Liam Palla,customer001146@novafin.example,7625202131,1984-01-07,"832, Tak Marg, Salem 678116",Kolkata,SIMU001146,AC0000001146,121101.15
C001147,Nisha Deshmukh,customer001147@novafin.example,2515386426,1957-04-01,"94/17, Joshi Path, Ichalkaranji-531984",Delhi,SIMU001147,AC0000001147,444020.19
C001148,Darsh Oommen,customer001148@novafin.example,7550848528,1976-01-10,"84, Seth Marg, Dhanbad 830764",Hyderabad,SIMU001148,AC0000001148,100514.29
C001149,Banjeet Nori,customer001149@novafin.example,5501727279,1982-12-17,"H.No. 832, Patel Nagar, Mysore-134063",Hyderabad,SIMU001149,AC0000001149,69336.49
C001150,Azaan Bora,customer001150@novafin.example,5024065117,1994-07-26,"H.No. 648, Sarraf Path, Sasaram 312407",Pune,SIMU001150,AC0000001150,143934.91
C001151,Darika Mishra,customer001151@novafin.example,3881901145,1977-04-05,"H.No. 952, Rastogi Road, Jalandhar-092176",Pune,SIMU001151,AC0000001151,340641.69
C001152,Garima Borde,customer001152@novafin.example,7022380453,2005-02-09,"25, Dixit Ganj, Tadipatri-928489",Delhi,SIMU001152,AC0000001152,49598.96
C001153,Warinder Patel,customer001153@novafin.example,2729933570,2006-06-29,"63/984, Mangat Marg, Shimoga-739835",Hyderabad,SIMU001153,AC0000001153,369844.47
C001154,Idika Deep,customer001154@novafin.example,9188676227,2002-02-23,"H.No. 620, Roy Zila, Jammu-401421",Chennai,SIMU001154,AC0000001154,228884.7
C001155,Mitali Hayre,customer001155@novafin.example,5263628862,1976-11-23,"H.No. 45, Dalal Path, Kurnool 421117",Mumbai,SIMU001155,AC0000001155,359256.57
C001156,Alka Lanka,customer001156@novafin.example,9574218842,1980-01-18,"H.No. 291, Reddy Zila, Pallavaram 464299",Bangalore,SIMU001156,AC0000001156,126375.06
C001157,Oscar Kulkarni,customer001157@novafin.example,3539987591,1949-10-19,"H.No. 451, Kannan Circle, Nangloi Jat-305782",Mumbai,SIMU001157,AC0000001157,88032.4
C001158,Ekta Hegde,customer001158@novafin.example,0812464378,1959-08-17,"H.No. 60, Salvi Marg, Raipur 696374",Chennai,SIMU001158,AC0000001158,271736.02
C001159,Manan Bhatt,customer001159@novafin.example,9065061471,1952-08-08,"H.No. 02, Bumb Ganj, Varanasi 402728",Ahmedabad,SIMU001159,AC0000001159,29411.3
C001160,Yasti Karan,customer001160@novafin.example,1208614984,2003-07-06,"99, Tiwari Chowk, Ujjain-014144",Pune,SIMU001160,AC0000001160,413126.79
C001161,Aarini Ramanathan,customer001161@novafin.example,7372386159,1993-08-02,"57, Kala Marg, Narasaraopet 930557",Kolkata,SIMU001161,AC0000001161,354664.73
C001162,Upasna Warrior,customer001162@novafin.example,6760741059,1995-04-19,"H.No. 439, Khalsa Nagar, Raebareli 285869",Ahmedabad,SIMU001162,AC0000001162,58643.45
C001163,Pavani Aurora,customer001163@novafin.example,3547607512,1979-09-09,"22, Mukhopadhyay Marg, Vasai-Virar 245940",Kolkata,SIMU001163,AC0000001163,67432.26
C001164,Vivaan Nagy,customer001164@novafin.example,5352437795,2008-04-27,"37, Pandit Road, Bathinda 225846",Mumbai,SIMU001164,AC0000001164,74020.73
C001165,Charan Butala,customer001165@novafin.example,5227929496,1999-02-28,"H.No. 99, Bera, Allahabad-854070",Pune,SIMU001165,AC0000001165,443469.77
C001166,Adweta Chakraborty,customer001166@novafin.example,9124269575,1950-05-06,"35, Mane Street, Madurai-262040",Delhi,SIMU001166,AC0000001166,206792.5
C001167,Lohit Bains,customer001167@novafin.example,3346118978,1955-06-07,"H.No. 93, Tripathi Ganj, Baranagar-917160",Delhi,SIMU001167,AC0000001167,329748.67
C001168,Samaksh Kashyap,customer001168@novafin.example,8544184366,1988-07-16,"788, Dutt Nagar, Patna-676777",Delhi,SIMU001168,AC0000001168,57495.51
C001169,Wriddhish Saha,customer001169@novafin.example,7645545903,1987-05-18,"511, Dey Nagar, Kurnool 533089",Bangalore,SIMU001169,AC0000001169,314901.64
C001170,Rehaan Krish,customer001170@novafin.example,1351485507,1962-09-04,"606, Manda Chowk, Imphal 448762",Delhi,SIMU001170,AC0000001170,234047.22
C001171,Osha Mangal,customer001171@novafin.example,4279730294,1967-11-26,"H.No. 20, Karnik Street, Guna-771258",Chennai,SIMU001171,AC0000001171,323338.02
C001172,Aishani Wali,customer001172@novafin.example,9949516599,1966-12-22,"H.No. 64, Dhawan Path, Bhimavaram-041524",Delhi,SIMU001172,AC0000001172,461949.71
C001173,Keya Tandon,customer001173@novafin.example,5470189779,2006-06-04,"09, Sampath Ganj, Asansol 028004",Ahmedabad,SIMU001173,AC0000001173,433482.2
C001174,Triya Sule,customer001174@novafin.example,7346031613,1985-08-11,"45, Naik Chowk, Morbi-428328",Mumbai,SIMU001174,AC0000001174,450881.65
C001175,Vrishti Thakkar,customer001175@novafin.example,1506688155,1970-06-18,"H.No. 668, Mitra, Buxar-636460",Delhi,SIMU001175,AC0000001175,382411.68
C001176,Kamala Murthy,customer001176@novafin.example,6113395632,1950-09-19,"96, Dave Zila, Ulhasnagar-974869",Kolkata,SIMU001176,AC0000001176,191979.43
C001177,Daksha Vora,customer001177@novafin.example,9896319630,1988-04-20,"36/922, Brar Path, Chandrapur 301274",Kolkata,SIMU001177,AC0000001177,174389.24
C001178,Advaith Choudhry,customer001178@novafin.example,6319198637,1991-01-19,"06, Ghose Street, Ahmedabad 356735",Delhi,SIMU001178,AC0000001178,142698.53
C001179,Suhani Prakash,customer001179@novafin.example,9429841040,1977-07-15,"248, Saxena Street, Eluru-523561",Mumbai,SIMU001179,AC0000001179,142879.34
C001180,Yutika Dora,customer001180@novafin.example,3806958621,2008-02-20,"H.No. 281, Sundaram Chowk, Bhagalpur 666369",Hyderabad,SIMU001180,AC0000001180,395010.58
C001181,Varsha Gill,customer001181@novafin.example,3265984503,1948-12-27,"H.No. 375, Pai Ganj, Moradabad-245275",Bangalore,SIMU001181,AC0000001181,427748.75
C001182,Siya Chaudhari,customer001182@novafin.example,0305687807,1968-01-29,"48/91, Parekh Circle, Khora -882015",Hyderabad,SIMU001182,AC0000001182,122586.72
C001183,Aradhana Sibal,customer001183@novafin.example,7649136165,1955-01-02,"61/954, Bajwa, Phusro-849434",Chennai,SIMU001183,AC0000001183,380225.73
C001184,Tara Srinivasan,customer001184@novafin.example,6138865500,1986-01-30,"78/323, Patla, Yamunanagar 194127",Hyderabad,SIMU001184,AC0000001184,331930.64
C001185,Ojasvi Rajagopal,customer001185@novafin.example,8536087807,1947-08-13,"81/12, Sane Nagar, Morena-372037",Chennai,SIMU001185,AC0000001185,260071.67
C001186,Chakrika Krishna,customer001186@novafin.example,6567071905,2000-06-14,"67/70, Lad Path, Hospet 931649",Mumbai,SIMU001186,AC0000001186,139513.83
C001187,Harita Madan,customer001187@novafin.example,8873058868,1968-02-17,"926, Datta Marg, Darbhanga-800958",Mumbai,SIMU001187,AC0000001187,275936.09
C001188,Damini Atwal,customer001188@novafin.example,4615970001,1976-04-23,"H.No. 67, More Ganj, Ichalkaranji-693908",Bangalore,SIMU001188,AC0000001188,493769.2
C001189,Henry Kade,customer001189@novafin.example,9859671832,1969-06-19,"84/251, Chadha Zila, Thiruvananthapuram 940942",Pune,SIMU001189,AC0000001189,87691.87
C001190,Dev Golla,customer001190@novafin.example,9799903238,1977-07-02,"H.No. 628, Nagarajan, Panihati-039978",Kolkata,SIMU001190,AC0000001190,198570.92
C001191,Triya Mangat,customer001191@novafin.example,3081836329,1993-08-27,"63, Ganesan Circle, Chittoor 548185",Delhi,SIMU001191,AC0000001191,387294.82
C001192,Tristan Kapoor,customer001192@novafin.example,1786057767,1954-12-07,"028, Nagarajan Chowk, Gopalpur-589230",Mumbai,SIMU001192,AC0000001192,32927.47
C001193,Omisha Arya,customer001193@novafin.example,7787192497,1968-11-18,"649, Sood Marg, Bharatpur-453752",Mumbai,SIMU001193,AC0000001193,31551.88
C001194,Sachi Mital,customer001194@novafin.example,8825269901,1997-06-26,"H.No. 67, Kata Ganj, Aurangabad 764670",Chennai,SIMU001194,AC0000001194,43917.76
C001195,Darpan Sachdev,customer001195@novafin.example,9838319346,1997-04-25,"60/34, Puri Path, New Delhi-892349",Bangalore,SIMU001195,AC0000001195,475623.0
C001196,Lakshit Mallick,customer001196@novafin.example,7051557826,1946-02-24,"H.No. 27, Purohit Zila, Loni-286974",Kolkata,SIMU001196,AC0000001196,265640.04
C001197,Omisha Gole,customer001197@novafin.example,7038547872,1984-06-24,"22/94, Gill Zila, Kolhapur-625394",Kolkata,SIMU001197,AC0000001197,226198.24
C001198,Yachana Patel,customer001198@novafin.example,5541892588,1997-10-01,"563, Jain Nagar, Dibrugarh 673549",Kolkata,SIMU001198,AC0000001198,64153.21
C001199,Darika Sekhon,customer001199@novafin.example,5716896213,1981-04-30,"68/56, Kade Road, Bahraich-088230",Delhi,SIMU001199,AC0000001199,156797.17
C001200,Janaki Sarna,customer001200@novafin.example,8946736316,2003-08-11,"H.No. 172, Doshi Marg, Noida 649084",Hyderabad,SIMU001200,AC0000001200,62535.24
C001201,Baghyawati Buch,customer001201@novafin.example,6343031016,1975-01-01,"45/54, Mannan Zila, Deoghar-796229",Chennai,SIMU001201,AC0000001201,487798.86
C001202,Faqid Chawla,customer001202@novafin.example,8486106600,1965-10-16,"17/495, Vaidya Ganj, Nadiad-441066",Delhi,SIMU001202,AC0000001202,279785.33
C001203,Bhavna Nagarajan,customer001203@novafin.example,3216502423,1969-03-21,"H.No. 711, Shetty Nagar, Tadepalligudem 023050",Kolkata,SIMU001203,AC0000001203,303557.65
C001204,Radha Saxena,customer001204@novafin.example,4853331714,1969-12-02,"982, Gokhale Road, Kolkata 881520",Mumbai,SIMU001204,AC0000001204,172330.51
C001205,Liam Choudhry,customer001205@novafin.example,6801269625,1978-02-10,"H.No. 91, Merchant Ganj, Meerut-250274",Kolkata,SIMU001205,AC0000001205,371730.23
C001206,Max Khatri,customer001206@novafin.example,8440376543,1963-09-27,"80/330, Roy Circle, Jalandhar-863290",Chennai,SIMU001206,AC0000001206,52505.32
C001207,Anmol Natarajan,customer001207@novafin.example,4871590518,1978-11-10,"H.No. 907, Mani Road, Nandyal-911717",Mumbai,SIMU001207,AC0000001207,464198.18
C001208,Advaith Balan,customer001208@novafin.example,4568848657,1998-10-07,"60, Deshmukh Chowk, Singrauli 047412",Mumbai,SIMU001208,AC0000001208,240351.63
C001209,Hitesh Agarwal,customer001209@novafin.example,6893825289,1960-05-01,"H.No. 602, Narasimhan Marg, Gandhidham-266848",Bangalore,SIMU001209,AC0000001209,171912.78
C001210,Teerth Chaudhary,customer001210@novafin.example,3678175248,1962-04-01,"H.No. 29, Karpe Circle, Hyderabad-953952",Delhi,SIMU001210,AC0000001210,81735.43
C001211,Benjamin Vig,customer001211@novafin.example,3298734011,1978-11-26,"H.No. 47, Sengupta Ganj, Vadodara 990967",Delhi,SIMU001211,AC0000001211,358212.32
C001212,Dayita Patla,customer001212@novafin.example,5977396103,1977-08-18,"91/08, Memon Nagar, Mehsana-694307",Delhi,SIMU001212,AC0000001212,260796.14
C001213,Hemang Thakkar,customer001213@novafin.example,7169916587,1962-06-18,"H.No. 048, Sarraf Path, Hospet 265728",Pune,SIMU001213,AC0000001213,273427.55
C001214,Maanas Dalal,customer001214@novafin.example,7898852499,1947-05-25,"58/553, Karan Chowk, Alwar 763185",Hyderabad,SIMU001214,AC0000001214,104307.4
C001215,Netra Tak,customer001215@novafin.example,7169448144,1996-06-04,"56, Dixit Nagar, Bhilai 640797",Delhi,SIMU001215,AC0000001215,381143.78
C001216,Nirja Viswanathan,customer001216@novafin.example,2885427344,2001-08-18,"H.No. 973, Reddy Marg, Bally-587837",Hyderabad,SIMU001216,AC0000001216,373144.52
C001217,Darpan Naidu,customer001217@novafin.example,9259067718,1945-10-10,"H.No. 30, Bhat Road, Etawah 004131",Mumbai,SIMU001217,AC0000001217,391429.39
C001218,Mekhala Talwar,customer001218@novafin.example,5270712797,1960-02-17,"42, Dugar Chowk, Durg 881767",Bangalore,SIMU001218,AC0000001218,184130.24
C001219,Krishna Ganesh,customer001219@novafin.example,0254316391,1974-04-15,"560, Rajagopalan Road, Anand 036906",Kolkata,SIMU001219,AC0000001219,154190.78
C001220,Ekaja Panchal,customer001220@novafin.example,2613409731,2001-02-18,"66, Mangat Path, Anantapur-242169",Mumbai,SIMU001220,AC0000001220,149901.08
C001221,Timothy Natt,customer001221@novafin.example,2861780581,1968-04-17,"136, Rajan Chowk, Raurkela Industrial Township-526151",Mumbai,SIMU001221,AC0000001221,260670.1
C001222,Ridhi Apte,customer001222@novafin.example,5705295086,1965-04-28,"599, Saraf Circle, Ratlam 926356",Pune,SIMU001222,AC0000001222,51333.58
C001223,Bakhshi Rajagopal,customer001223@novafin.example,5515179751,2005-05-08,"127, Loke Ganj, Thanjavur 197621",Delhi,SIMU001223,AC0000001223,199651.69
C001224,Amruta Saha,customer001224@novafin.example,6461526532,2007-01-30,"81/014, Chokshi Circle, Ballia-198840",Hyderabad,SIMU001224,AC0000001224,392331.25
C001225,Yatin Sem,customer001225@novafin.example,8126817930,1967-08-29,"80/814, Hans Nagar, Ichalkaranji 508105",Mumbai,SIMU001225,AC0000001225,133492.1
C001226,Timothy Om,customer001226@novafin.example,9902131166,1947-02-19,"467, Kuruvilla Marg, Dibrugarh-259836",Bangalore,SIMU001226,AC0000001226,45918.01
C001227,Charan Shankar,customer001227@novafin.example,9884959126,1945-09-02,"H.No. 465, Pandya Marg, Jamshedpur-657813",Bangalore,SIMU001227,AC0000001227,141161.94
C001228,Bhavika Pai,customer001228@novafin.example,4389641645,1955-06-13,"230, Divan Chowk, Suryapet 641261",Ahmedabad,SIMU001228,AC0000001228,197888.84
C001229,Januja Patil,customer001229@novafin.example,4586180583,2005-10-29,"H.No. 44, Som Street, Buxar 920696",Delhi,SIMU001229,AC0000001229,110006.44
C001230,Lakshmi Hayre,customer001230@novafin.example,5962762236,2000-07-01,"H.No. 34, Walia Zila, Pudukkottai-578022",Bangalore,SIMU001230,AC0000001230,287610.77
C001231,Gaurang Sha,customer001231@novafin.example,1062945026,1976-08-02,"34/143, Bora, Bellary-318667",Kolkata,SIMU001231,AC0000001231,131644.77
C001232,Panini Sami,customer001232@novafin.example,4772011040,1962-09-02,"26/01, Sekhon Circle, Fatehpur-334225",Chennai,SIMU001232,AC0000001232,222721.88
C001233,Upkaar Dayal,customer001233@novafin.example,4257772774,1948-11-23,"88/521, Manda Zila, Bhiwani-363839",Pune,SIMU001233,AC0000001233,153847.53
C001234,Vrinda Tiwari,customer001234@novafin.example,2047598358,1996-11-12,"93, Goel, New Delhi-025461",Mumbai,SIMU001234,AC0000001234,296479.58
C001235,Urvi Mann,customer001235@novafin.example,7781898636,1967-10-17,"21/18, Sarma Path, Berhampur 019473",Mumbai,SIMU001235,AC0000001235,263469.45
C001236,Vinaya Sami,customer001236@novafin.example,6389654997,1993-10-25,"008, Bajaj Zila, Jalandhar-286690",Bangalore,SIMU001236,AC0000001236,110188.57
C001237,Qabil Nagarajan,customer001237@novafin.example,5759514909,1988-09-04,"H.No. 458, Goswami Chowk, Sangli-Miraj & Kupwad 749665",Bangalore,SIMU001237,AC0000001237,478187.72
C001238,Chameli Varty,customer001238@novafin.example,0517197251,1959-08-20,"675, Sule Chowk, Raiganj-426587",Mumbai,SIMU001238,AC0000001238,441570.84
C001239,Chanakya Jhaveri,customer001239@novafin.example,0497914077,1947-09-01,"99/074, Ramaswamy Marg, Mahbubnagar-472171",Hyderabad,SIMU001239,AC0000001239,392425.55
C001240,Bimala Karpe,customer001240@novafin.example,6683032536,2005-10-06,"76/73, Anne Path, Karaikudi 072839",Hyderabad,SIMU001240,AC0000001240,180467.94
C001241,Triya Raju,customer001241@novafin.example,6126149936,1972-07-04,"H.No. 64, Kapoor Road, Ballia-195663",Ahmedabad,SIMU001241,AC0000001241,28785.36
C001242,David Ramesh,customer001242@novafin.example,6210516407,2004-11-30,"H.No. 353, Koshy Chowk, Bharatpur 729598",Chennai,SIMU001242,AC0000001242,163507.67
C001243,Ridhi Sharma,customer001243@novafin.example,0554899071,1971-10-12,"H.No. 82, Andra Chowk, Warangal 313268",Hyderabad,SIMU001243,AC0000001243,376298.59
C001244,Urishilla Lala,customer001244@novafin.example,0213688415,1992-10-22,"42/51, Pandit, Guwahati-655892",Chennai,SIMU001244,AC0000001244,245365.18
C001245,Thomas Pillay,customer001245@novafin.example,2858706302,1987-01-13,"H.No. 28, Vyas Chowk, Vasai-Virar-359647",Ahmedabad,SIMU001245,AC0000001245,498948.88
C001246,Nirja Vora,customer001246@novafin.example,7464550728,2008-06-19,"08/808, Mutti Chowk, Tirupati 058105",Chennai,SIMU001246,AC0000001246,372920.08
C001247,Ikbal Agarwal,customer001247@novafin.example,7974476193,1974-09-05,"46, Kibe Path, Muzaffarpur-774963",Chennai,SIMU001247,AC0000001247,96519.03
C001248,Varsha Divan,customer001248@novafin.example,6281915023,1983-01-09,"H.No. 50, Gala Path, Ghaziabad-050472",Kolkata,SIMU001248,AC0000001248,36357.37
C001249,Avi Sridhar,customer001249@novafin.example,2914597736,1981-11-18,"81/74, Kata Chowk, Junagadh 397885",Pune,SIMU001249,AC0000001249,327072.37
C001250,Chandani Toor,customer001250@novafin.example,5713198444,2008-02-29,"52/57, Sood Road, Karawal Nagar-372123",Bangalore,SIMU001250,AC0000001250,476720.37
C001251,Yutika Shah,customer001251@novafin.example,5619189875,2004-11-14,"29/000, Arora Path, Baranagar-173658",Bangalore,SIMU001251,AC0000001251,385491.35
C001252,Bhavani Bali,customer001252@novafin.example,9193442462,1958-06-17,"H.No. 653, Prabhu Ganj, Arrah-598096",Kolkata,SIMU001252,AC0000001252,428277.84
C001253,Yahvi Grewal,customer001253@novafin.example,9608787578,1958-08-04,"097, Kanda Chowk, Junagadh-609797",Hyderabad,SIMU001253,AC0000001253,74375.78
C001254,Gautami Apte,customer001254@novafin.example,4450729629,1975-09-05,"26/527, Dutt Circle, Ramagundam-305941",Chennai,SIMU001254,AC0000001254,224412.52
C001255,Pavani Tata,customer001255@novafin.example,1775398724,1994-05-29,"84/07, Murty Path, Jamalpur-536597",Bangalore,SIMU001255,AC0000001255,486965.64
C001256,Rajeshri Vig,customer001256@novafin.example,9507051306,1957-12-31,"15/68, Sengupta Ganj, South Dumdum 853798",Delhi,SIMU001256,AC0000001256,363034.93
C001257,Isaac Mani,customer001257@novafin.example,4137173063,1970-12-13,"84, Jayaraman Circle, Hazaribagh-672386",Mumbai,SIMU001257,AC0000001257,45852.63
C001258,Gayathri Sachdev,customer001258@novafin.example,6775595735,1967-04-23,"25/040, Narasimhan Street, Indore-587235",Chennai,SIMU001258,AC0000001258,451211.55
C001259,Yahvi Manne,customer001259@novafin.example,7208024104,1999-05-05,"31/66, Virk Nagar, Haldia-155661",Kolkata,SIMU001259,AC0000001259,357902.28
C001260,Bhavani Badal,customer001260@novafin.example,7500045840,1954-06-29,"99, Rajagopalan Nagar, Medininagar-935658",Pune,SIMU001260,AC0000001260,242767.56
C001261,Umang Ramesh,customer001261@novafin.example,8364722455,1948-03-31,"H.No. 14, Lad Street, Pudukkottai-639000",Mumbai,SIMU001261,AC0000001261,300866.05
C001262,Ishanvi Kakar,customer001262@novafin.example,4886725140,1995-11-28,"98/73, Tank Zila, Gudivada-668813",Delhi,SIMU001262,AC0000001262,327677.45
C001263,Victor Menon,customer001263@novafin.example,9128150164,1971-11-03,"31, Palla Street, Bidar-276987",Kolkata,SIMU001263,AC0000001263,60544.48
C001264,Orinder Edwin,customer001264@novafin.example,7947450809,1953-10-13,"31/571, Bansal Marg, Malegaon-144716",Bangalore,SIMU001264,AC0000001264,231616.87
C001265,Balhaar Lanka,customer001265@novafin.example,1526445829,1995-03-16,"H.No. 913, Basu Chowk, Hindupur 620938",Delhi,SIMU001265,AC0000001265,137466.57
C001266,Sachi Koshy,customer001266@novafin.example,5242760741,2003-02-17,"613, Halder Path, Bhatpara 556183",Hyderabad,SIMU001266,AC0000001266,429184.01
C001267,Qushi Dua,customer001267@novafin.example,3841551095,1998-03-22,"H.No. 05, Thakur Marg, Sasaram-820727",Kolkata,SIMU001267,AC0000001267,357844.66
C001268,Matthew Raman,customer001268@novafin.example,3402937813,1956-05-30,"262, Sekhon Chowk, Bahraich-695881",Pune,SIMU001268,AC0000001268,176077.42
C001269,Lekha Yogi,customer001269@novafin.example,7492944993,1978-11-29,"668, Agrawal Road, Berhampur 678320",Hyderabad,SIMU001269,AC0000001269,135965.33
C001270,Faqid Ranganathan,customer001270@novafin.example,3177905340,1960-09-19,"H.No. 518, Cheema Nagar, Sambhal-802362",Chennai,SIMU001270,AC0000001270,89653.13
C001271,Jagdish Kapadia,customer001271@novafin.example,3115439781,1963-05-03,"10/66, Tella Nagar, South Dumdum 650460",Mumbai,SIMU001271,AC0000001271,98820.01
C001272,Nirja Ghosh,customer001272@novafin.example,4789225182,1968-08-04,"108, Bali Road, North Dumdum 997062",Delhi,SIMU001272,AC0000001272,238544.21
C001273,Baljiwan Sridhar,customer001273@novafin.example,2686650836,1983-07-21,"H.No. 07, Sinha Ganj, Meerut-143903",Pune,SIMU001273,AC0000001273,218093.46
C001274,Mohammed Bal,customer001274@novafin.example,5626070247,2006-05-23,"H.No. 327, Walia Ganj, Bathinda-293229",Pune,SIMU001274,AC0000001274,483201.49
C001275,Owen Narang,customer001275@novafin.example,0149384754,1982-03-07,"H.No. 94, Ben Chowk, Fatehpur-463669",Chennai,SIMU001275,AC0000001275,239660.61
C001276,Vanya Palla,customer001276@novafin.example,5045838750,1947-10-09,"H.No. 721, Karan Zila, Dharmavaram 433315",Ahmedabad,SIMU001276,AC0000001276,150878.77
C001277,Osha Lalla,customer001277@novafin.example,1014601933,2003-06-05,"609, Brahmbhatt Ganj, Bally-663316",Mumbai,SIMU001277,AC0000001277,67949.92
C001278,Brinda Ben,customer001278@novafin.example,3101717199,2008-04-29,"H.No. 19, Pathak, Begusarai 900567",Hyderabad,SIMU001278,AC0000001278,417533.68
C001279,Ishita Dugar,customer001279@novafin.example,3595176352,1990-01-06,"28/671, Ranganathan Nagar, Khammam 024923",Bangalore,SIMU001279,AC0000001279,127134.88
C001280,Sanaya Sarraf,customer001280@novafin.example,4149057175,1994-03-07,"52/615, Shetty Circle, Rewa-171511",Pune,SIMU001280,AC0000001280,95453.8
C001281,Aarna Gaba,customer001281@novafin.example,1248454673,1950-09-12,"H.No. 906, Nagi Marg, Ratlam-857034",Chennai,SIMU001281,AC0000001281,484990.0
C001282,Jason Chana,customer001282@novafin.example,6170613011,1981-11-09,"81/720, Nadkarni Ganj, Dharmavaram-564001",Kolkata,SIMU001282,AC0000001282,268893.35
C001283,Edhitha Mannan,customer001283@novafin.example,6078241164,1966-04-03,"H.No. 75, Randhawa Road, Asansol 822306",Hyderabad,SIMU001283,AC0000001283,148579.23
C001284,Jonathan Borah,customer001284@novafin.example,6846038951,1961-11-02,"52, Tandon Zila, Khandwa 533164",Delhi,SIMU001284,AC0000001284,39763.99
C001285,Aditya Sani,customer001285@novafin.example,5411371346,1979-06-01,"69/57, Bera Marg, Proddatur 041544",Kolkata,SIMU001285,AC0000001285,430935.62
C001286,Damini Tara,customer001286@novafin.example,3435973697,1979-10-18,"H.No. 31, Nagarajan Chowk, Rohtak 937011",Chennai,SIMU001286,AC0000001286,69994.51
C001287,Mitali Sem,customer001287@novafin.example,0952905509,1956-01-22,"26, Tiwari Marg, Sikar 992416",Mumbai,SIMU001287,AC0000001287,406850.96
C001288,Gautam Pal,customer001288@novafin.example,0627890880,1951-09-11,"17/959, Dixit Street, Bhagalpur 125677",Delhi,SIMU001288,AC0000001288,82690.3
C001289,Hiral Agate,customer001289@novafin.example,8561627141,1979-06-12,"357, Suri Ganj, Bokaro-420942",Bangalore,SIMU001289,AC0000001289,419426.86
C001290,Reva Khare,customer001290@novafin.example,4158719942,1984-03-11,"095, Swamy Path, Narasaraopet-642737",Chennai,SIMU001290,AC0000001290,87089.74
C001291,Sudiksha Dixit,customer001291@novafin.example,8161292135,1961-12-04,"H.No. 075, Pradhan Ganj, Mangalore-694841",Kolkata,SIMU001291,AC0000001291,201813.88
C001292,Siddharth Dewan,customer001292@novafin.example,2320873857,1959-09-26,"08, Sarraf Path, Nangloi Jat 131682",Mumbai,SIMU001292,AC0000001292,301603.81
C001293,Keya Bhagat,customer001293@novafin.example,9937151931,1964-01-03,"747, Dasgupta Ganj, Rajahmundry-704946",Hyderabad,SIMU001293,AC0000001293,460778.58
C001294,Damini Peri,customer001294@novafin.example,4077005355,2003-10-03,"11/80, Gola Circle, Hazaribagh-028477",Mumbai,SIMU001294,AC0000001294,35355.09
C001295,Harini Varma,customer001295@novafin.example,5371564153,1998-02-27,"67, Ratti Nagar, Muzaffarpur 191611",Mumbai,SIMU001295,AC0000001295,118931.41
C001296,Geetika Kannan,customer001296@novafin.example,9373134037,1977-05-20,"93, Sachdeva Nagar, Siwan 004582",Ahmedabad,SIMU001296,AC0000001296,409416.87
C001297,Vansha Dhawan,customer001297@novafin.example,6247424684,1970-02-23,"52, Bajwa, Muzaffarnagar 791207",Mumbai,SIMU001297,AC0000001297,454912.04
C001298,Bakhshi Pai,customer001298@novafin.example,8903550819,2004-02-20,"H.No. 65, Yohannan Chowk, Amroha 420540",Pune,SIMU001298,AC0000001298,83200.64
C001299,Frado Pingle,customer001299@novafin.example,6740920167,1991-11-18,"H.No. 134, Mitter Zila, Karnal-670914",Ahmedabad,SIMU001299,AC0000001299,49052.91
C001300,Rachita Parmer,customer001300@novafin.example,8400004004,1962-10-12,"34/87, Garde Path, Vellore-489924",Kolkata,SIMU001300,AC0000001300,415300.57
C001301,Pavani Desai,customer001301@novafin.example,7601380795,1953-04-07,"52, Bhasin Path, Arrah-904315",Kolkata,SIMU001301,AC0000001301,260660.04
C001302,Reva Bobal,customer001302@novafin.example,4164776310,1953-11-30,"02, Mohanty Path, Salem-844469",Kolkata,SIMU001302,AC0000001302,349526.14
C001303,Barkha Pau,customer001303@novafin.example,4418328113,1996-05-23,"92/975, Chanda, Dewas 009465",Delhi,SIMU001303,AC0000001303,193123.05
C001304,Nidhi Keer,customer001304@novafin.example,4887807376,2003-09-24,"80, Kothari Path, Siliguri-191871",Delhi,SIMU001304,AC0000001304,155616.34
C001305,Jonathan Yohannan,customer001305@novafin.example,4767666091,1958-07-19,"42, Kade Path, Sultan Pur Majra 970856",Ahmedabad,SIMU001305,AC0000001305,444626.3
C001306,Eiravati Dada,customer001306@novafin.example,5639670447,1964-02-15,"70, Patla Street, Guwahati 544940",Bangalore,SIMU001306,AC0000001306,316700.62
C001307,Tara Naik,customer001307@novafin.example,5637448455,2002-05-09,"542, Nath Nagar, Buxar-307277",Chennai,SIMU001307,AC0000001307,332457.24
C001308,Luke Soman,customer001308@novafin.example,9588708942,1961-08-11,"80/27, Mohan Marg, Panvel-943500",Ahmedabad,SIMU001308,AC0000001308,220696.3
C001309,Mitali Chauhan,customer001309@novafin.example,5377784247,1984-01-13,"36, Nath, Chittoor 592501",Ahmedabad,SIMU001309,AC0000001309,53965.06
C001310,Ethan Palla,customer001310@novafin.example,9780798230,1981-04-15,"490, Joshi Street, Dewas 269249",Hyderabad,SIMU001310,AC0000001310,206932.26
C001311,Guneet Aggarwal,customer001311@novafin.example,6959911294,1962-06-19,"28/79, Lall Zila, Raurkela Industrial Township 112033",Kolkata,SIMU001311,AC0000001311,119742.46
C001312,Jhalak Rajan,customer001312@novafin.example,6942394383,2005-12-20,"37, Khurana Chowk, Jamalpur-030277",Chennai,SIMU001312,AC0000001312,324608.33
C001313,Fariq Setty,customer001313@novafin.example,1625055326,1955-07-21,"83/726, Shenoy Circle, Giridih 889491",Bangalore,SIMU001313,AC0000001313,494966.72
C001314,Rajata Savant,customer001314@novafin.example,8774786910,1971-06-16,"65/24, Nadig Zila, Muzaffarnagar-802040",Pune,SIMU001314,AC0000001314,252850.11
C001315,Faras Anand,customer001315@novafin.example,1912943370,1975-06-06,"63/55, Brar Nagar, Uluberia 110158",Ahmedabad,SIMU001315,AC0000001315,188416.21
C001316,Kala Randhawa,customer001316@novafin.example,3137001749,1970-02-05,"30, Chawla Street, Kakinada-339701",Pune,SIMU001316,AC0000001316,209481.11
C001317,Guneet Mann,customer001317@novafin.example,6218922400,1981-04-23,"H.No. 96, Bera Marg, Satara-435804",Delhi,SIMU001317,AC0000001317,37379.91
C001318,Fiyaz Bhatt,customer001318@novafin.example,0450153119,1949-08-04,"93, Talwar Road, Medininagar-605485",Chennai,SIMU001318,AC0000001318,38919.14
C001319,Mason Nadig,customer001319@novafin.example,5042246406,1973-11-17,"H.No. 41, Dutta Circle, Panchkula 148816",Hyderabad,SIMU001319,AC0000001319,52830.83
C001320,Jyoti Bail,customer001320@novafin.example,9755708267,2006-01-14,"H.No. 41, Mallick Road, Bhilwara 670880",Ahmedabad,SIMU001320,AC0000001320,276480.34
C001321,Caleb Bhattacharyya,customer001321@novafin.example,1378626849,1955-05-14,"98, Menon Zila, Kolkata 681700",Chennai,SIMU001321,AC0000001321,487640.43
C001322,Faras Lanka,customer001322@novafin.example,6597239766,1962-10-03,"H.No. 500, Sankaran Chowk, Jodhpur 518007",Mumbai,SIMU001322,AC0000001322,142732.1
C001323,Zashil Gola,customer001323@novafin.example,5576186770,1954-07-26,"834, Dalal, Tiruppur 921527",Chennai,SIMU001323,AC0000001323,151600.33
C001324,Januja Sundaram,customer001324@novafin.example,3674089120,2000-08-25,"76/988, Chana Nagar, Dehradun 620836",Bangalore,SIMU001324,AC0000001324,387923.62
C001325,Akshay Zacharia,customer001325@novafin.example,2570162063,2006-12-26,"59/15, Raman Zila, Burhanpur 662965",Chennai,SIMU001325,AC0000001325,298453.75
C001326,Reyansh Raju,customer001326@novafin.example,2536873209,2005-01-18,"H.No. 806, Loyal, Pudukkottai 873871",Kolkata,SIMU001326,AC0000001326,193532.2
C001327,Bhavna Dalal,customer001327@novafin.example,0066584843,1997-02-11,"03, Sachdeva Path, Deoghar 064937",Delhi,SIMU001327,AC0000001327,108647.67
C001328,Abdul Mane,customer001328@novafin.example,7905830470,1984-11-24,"64, Comar Path, Kolkata 501985",Pune,SIMU001328,AC0000001328,407949.86
C001329,Falguni Misra,customer001329@novafin.example,3880842740,1956-11-02,"25, Kapur Path, Ahmedabad 285155",Pune,SIMU001329,AC0000001329,459140.5
C001330,Jackson Gulati,customer001330@novafin.example,2471178875,1959-10-23,"H.No. 805, Mann Zila, Warangal 074045",Bangalore,SIMU001330,AC0000001330,359140.12
C001331,Garima Sangha,customer001331@novafin.example,3276926899,1980-05-28,"H.No. 925, Jani Street, Gandhinagar-563607",Pune,SIMU001331,AC0000001331,475090.4
C001332,Manthan Mitra,customer001332@novafin.example,3739491258,2006-06-12,"43/64, Sane Ganj, Jammu-459456",Delhi,SIMU001332,AC0000001332,292476.72
C001333,Jhalak Balay,customer001333@novafin.example,1463187989,1961-12-16,"042, Khosla Ganj, Kadapa 196025",Chennai,SIMU001333,AC0000001333,422431.0
C001334,Mitesh Tandon,customer001334@novafin.example,4004386668,2000-11-16,"02, Murty Chowk, Guna-636805",Ahmedabad,SIMU001334,AC0000001334,282509.19
C001335,Vedika Hari,customer001335@novafin.example,8823309701,1957-03-09,"07, Chaudhary Path, Durgapur 098636",Delhi,SIMU001335,AC0000001335,257957.3
C001336,Owen Tiwari,customer001336@novafin.example,6896006688,1985-08-25,"25/284, Naidu Marg, Bhusawal 792241",Mumbai,SIMU001336,AC0000001336,51679.79
C001337,Saanvi Anand,customer001337@novafin.example,1080834809,1963-02-26,"H.No. 83, Kumer Ganj, Ratlam-726021",Chennai,SIMU001337,AC0000001337,34465.8
C001338,Ekaraj Thaman,customer001338@novafin.example,6664059974,1979-07-29,"82, Khosla Path, Aligarh 688704",Ahmedabad,SIMU001338,AC0000001338,25324.66
C001339,Gauri Nagarajan,customer001339@novafin.example,8137314217,1964-01-07,"43/317, Dutt Circle, Kamarhati-597662",Chennai,SIMU001339,AC0000001339,408061.57
C001340,Dayamai Atwal,customer001340@novafin.example,8464015774,1953-08-03,"52, Oza Path, Jalgaon-586672",Pune,SIMU001340,AC0000001340,365545.38
C001341,Christopher Sheth,customer001341@novafin.example,2679406015,1980-10-20,"38/688, Khalsa Ganj, Panihati-225468",Pune,SIMU001341,AC0000001341,53289.08
C001342,Rachit Sachar,customer001342@novafin.example,1035657480,1979-01-09,"26/27, Pau Ganj, Silchar 012664",Delhi,SIMU001342,AC0000001342,303639.36
C001343,Balhaar Saraf,customer001343@novafin.example,4909100916,2005-01-16,"H.No. 43, Bhagat Nagar, Bhalswa Jahangir Pur 627420",Delhi,SIMU001343,AC0000001343,392824.09
C001344,Pratyush De,customer001344@novafin.example,8987307321,2001-07-03,"H.No. 708, Bhatti Marg, Shimla-340250",Pune,SIMU001344,AC0000001344,481265.41
C001345,Niharika Madan,customer001345@novafin.example,2764349465,1949-10-11,"H.No. 77, Buch Road, Bulandshahr 285953",Pune,SIMU001345,AC0000001345,359655.55
C001346,Hemal Parmer,customer001346@novafin.example,5920415528,2000-06-21,"H.No. 30, Desai Ganj, Berhampore 443329",Kolkata,SIMU001346,AC0000001346,303357.92
C001347,Hemani Shan,customer001347@novafin.example,7404772464,1999-03-14,"H.No. 906, Borde Chowk, Patna-844298",Pune,SIMU001347,AC0000001347,168338.45
C001348,Yug Bhatti,customer001348@novafin.example,4212826585,2008-03-24,"91/05, Singh Path, Mirzapur-345651",Delhi,SIMU001348,AC0000001348,488533.82
C001349,Udant Mangat,customer001349@novafin.example,4407080631,1987-03-04,"H.No. 78, Nanda Road, Chittoor 128211",Kolkata,SIMU001349,AC0000001349,401125.2
C001350,Qabil Ramaswamy,customer001350@novafin.example,2181544788,1988-11-22,"05, Sawhney Nagar, Uluberia-626327",Ahmedabad,SIMU001350,AC0000001350,333360.63
C001351,Praneel Kumer,customer001351@novafin.example,2657207980,1978-05-21,"87/75, Halder Street, Jammu-918454",Delhi,SIMU001351,AC0000001351,360911.89
C001352,Hritik Kapur,customer001352@novafin.example,7928262901,1967-02-13,"47, Tak Circle, Karimnagar 333179",Pune,SIMU001352,AC0000001352,131037.68
C001353,Ekavir Kala,customer001353@novafin.example,7561961765,2000-04-03,"H.No. 278, Morar Marg, Nagaon 005125",Delhi,SIMU001353,AC0000001353,204732.45
C001354,Yochana Bera,customer001354@novafin.example,3190537693,1988-10-04,"H.No. 62, Rana Street, Ratlam-115243",Hyderabad,SIMU001354,AC0000001354,85490.47
C001355,Krish Bal,customer001355@novafin.example,5793144494,1971-03-13,"96/243, Mall Circle, Ramgarh 771573",Bangalore,SIMU001355,AC0000001355,475674.35
C001356,Garima Ahluwalia,customer001356@novafin.example,0518251103,1976-06-16,"59, Mahal Zila, Dindigul-619667",Kolkata,SIMU001356,AC0000001356,429109.56
C001357,Aditya Chanda,customer001357@novafin.example,0434010265,1992-11-21,"H.No. 66, Shankar Path, Kolhapur 741050",Bangalore,SIMU001357,AC0000001357,111488.83
C001358,Zinal Nair,customer001358@novafin.example,2330946214,2002-08-27,"H.No. 37, Arora Ganj, Kurnool 289078",Pune,SIMU001358,AC0000001358,462493.15
C001359,Omisha Dixit,customer001359@novafin.example,0961507106,1986-09-25,"70, Bhargava Path, Kochi 797796",Chennai,SIMU001359,AC0000001359,328832.22
C001360,Hemang Mane,customer001360@novafin.example,7099608749,1955-10-25,"78/84, Sethi Chowk, Bardhaman-759686",Mumbai,SIMU001360,AC0000001360,469926.7
C001361,Peter Sekhon,customer001361@novafin.example,8230097154,1969-10-15,"367, Chahal Street, Khammam 781408",Delhi,SIMU001361,AC0000001361,182305.0
C001362,Qabil Memon,customer001362@novafin.example,4913716509,1990-08-05,"63/78, Kapoor Zila, Phagwara 518136",Mumbai,SIMU001362,AC0000001362,138048.06
C001363,Atharv Majumdar,customer001363@novafin.example,9046449405,1952-04-27,"789, Bora Zila, Raebareli-098606",Pune,SIMU001363,AC0000001363,104746.52
C001364,Bishakha Morar,customer001364@novafin.example,6661177294,2006-02-07,"05/85, Dube Circle, Hyderabad-977957",Mumbai,SIMU001364,AC0000001364,415289.36
C001365,Bhavani Ahuja,customer001365@novafin.example,3031518617,1987-01-26,"494, Saini Chowk, Salem-958325",Pune,SIMU001365,AC0000001365,237149.22
C001366,Baljiwan Butala,customer001366@novafin.example,2633492277,1967-11-30,"82, Patel Ganj, Bilaspur 448213",Hyderabad,SIMU001366,AC0000001366,124600.04
C001367,Jacob Dara,customer001367@novafin.example,5769415139,2000-06-25,"750, Kale Circle, Latur-752523",Mumbai,SIMU001367,AC0000001367,191478.55
C001368,Arya Keer,customer001368@novafin.example,2139579656,1979-01-14,"H.No. 00, Lad Marg, Anantapur-482940",Mumbai,SIMU001368,AC0000001368,367196.45
C001369,Nathaniel Venkataraman,customer001369@novafin.example,2558729370,2004-10-07,"08, Pillai Nagar, Siwan-262316",Bangalore,SIMU001369,AC0000001369,208320.12
C001370,Kashvi Bahri,customer001370@novafin.example,1532703414,1997-02-27,"713, Yogi Chowk, Bangalore-538289",Kolkata,SIMU001370,AC0000001370,485323.37
C001371,Patrick Doctor,customer001371@novafin.example,9657537644,1988-04-02,"220, Jha Circle, Vellore 429961",Kolkata,SIMU001371,AC0000001371,259213.95
C001372,Zarna Bhandari,customer001372@novafin.example,1860699399,1948-02-25,"29/21, Dhingra Marg, Kanpur-278571",Kolkata,SIMU001372,AC0000001372,191834.81
C001373,Yatan Sama,customer001373@novafin.example,0569562509,1950-08-17,"H.No. 28, Agarwal Circle, Ludhiana-107149",Kolkata,SIMU001373,AC0000001373,73178.57
C001374,Samarth Ratta,customer001374@novafin.example,3680858844,1954-10-11,"677, Kala Marg, Srinagar 804384",Ahmedabad,SIMU001374,AC0000001374,399646.75
C001375,Chakradhar Singh,customer001375@novafin.example,5684218180,1964-08-22,"13/11, Raju Street, Tadipatri-460302",Chennai,SIMU001375,AC0000001375,102261.84
C001376,Hredhaan Deol,customer001376@novafin.example,7817042327,1983-02-28,"59/20, Kamdar Marg, Bhilwara 652726",Mumbai,SIMU001376,AC0000001376,404617.42
C001377,Harshil Andra,customer001377@novafin.example,3100179251,1956-04-04,"H.No. 370, Balan Street, Kavali-014696",Bangalore,SIMU001377,AC0000001377,165081.59
C001378,Warinder Rau,customer001378@novafin.example,7727204509,1995-09-16,"335, Choudhury Nagar, Gaya-251049",Pune,SIMU001378,AC0000001378,149035.66
C001379,Krishna Dar,customer001379@novafin.example,3051513320,1959-06-14,"H.No. 07, Chander Road, Sonipat 653390",Mumbai,SIMU001379,AC0000001379,60245.19
C001380,Leena Kar,customer001380@novafin.example,7433919580,1965-12-11,"675, Chanda Nagar, Chinsurah 146500",Delhi,SIMU001380,AC0000001380,446767.35
C001381,Aadhya Prabhakar,customer001381@novafin.example,8464201819,1957-02-24,"51, Vig, Machilipatnam 917507",Delhi,SIMU001381,AC0000001381,372692.92
C001382,Jagdish Edwin,customer001382@novafin.example,7750461622,1995-07-17,"88, Gala Chowk, Ajmer-487103",Mumbai,SIMU001382,AC0000001382,185526.53
C001383,Harinakshi Karan,customer001383@novafin.example,7641442719,1960-06-18,"H.No. 95, Aurora Path, Dhanbad 906954",Ahmedabad,SIMU001383,AC0000001383,359639.71
C001384,Rohan Murty,customer001384@novafin.example,4272943610,1981-01-26,"H.No. 08, Lalla Zila, Bihar Sharif-023607",Kolkata,SIMU001384,AC0000001384,472660.07
C001385,Isaiah Swamy,customer001385@novafin.example,6022525531,1976-04-07,"809, Mistry Path, Pallavaram-401637",Delhi,SIMU001385,AC0000001385,313475.87
C001386,Indali Loyal,customer001386@novafin.example,8173933969,1956-10-09,"12, Raja Nagar, Kharagpur-676478",Kolkata,SIMU001386,AC0000001386,99624.29
C001387,Lavanya Gara,customer001387@novafin.example,0845014399,1977-07-08,"61/02, Padmanabhan Circle, Aligarh 382552",Mumbai,SIMU001387,AC0000001387,182269.93
C001388,Yatin Grewal,customer001388@novafin.example,5918198052,1998-02-16,"067, Aurora Ganj, Meerut 884016",Chennai,SIMU001388,AC0000001388,219407.94
C001389,Ucchal Ratti,customer001389@novafin.example,1910507197,1978-08-23,"H.No. 40, Dada Marg, Shahjahanpur 673843",Hyderabad,SIMU001389,AC0000001389,338784.0
C001390,Eesha Pradhan,customer001390@novafin.example,7695979296,1956-10-19,"437, Halder Nagar, Aurangabad-566514",Hyderabad,SIMU001390,AC0000001390,137835.44
C001391,Vivaan Morar,customer001391@novafin.example,0768329876,1947-11-28,"17/02, Grewal Road, Haldia 743738",Bangalore,SIMU001391,AC0000001391,211628.55
C001392,Ekalinga Kamdar,customer001392@novafin.example,8434135716,1954-02-05,"47/620, Jayaraman Chowk, Surendranagar Dudhrej 354145",Ahmedabad,SIMU001392,AC0000001392,97955.22
C001393,Omisha Mody,customer001393@novafin.example,3116885926,1988-12-27,"89/43, Hayer Circle, Amravati 857816",Pune,SIMU001393,AC0000001393,26812.4
C001394,Rachita Anne,customer001394@novafin.example,4189024462,1975-01-19,"460, Shankar Circle, Raebareli 149318",Mumbai,SIMU001394,AC0000001394,164910.99
C001395,Ranveer Seth,customer001395@novafin.example,2938045030,1984-04-07,"47, Kumer Marg, Morena 868133",Ahmedabad,SIMU001395,AC0000001395,119845.53
C001396,Karan Edwin,customer001396@novafin.example,8181553925,1947-12-18,"671, Behl Marg, Sambalpur-178760",Bangalore,SIMU001396,AC0000001396,123302.67
C001397,Yasti Tailor,customer001397@novafin.example,9072648810,1985-08-17,"81, Wali Street, Raiganj 985930",Hyderabad,SIMU001397,AC0000001397,489102.41
C001398,Qarin Sem,customer001398@novafin.example,4695395369,1998-06-18,"24, Sachdeva Circle, Guwahati-623067",Ahmedabad,SIMU001398,AC0000001398,425790.31
C001399,Dhruv Mammen,customer001399@novafin.example,7014128044,1948-03-01,"487, Thakur Road, Sambhal-378861",Hyderabad,SIMU001399,AC0000001399,397816.37
C001400,Timothy De,customer001400@novafin.example,7606395136,1948-12-26,"41, Krishnamurthy Marg, Vijayanagaram-337561",Ahmedabad,SIMU001400,AC0000001400,257320.99
C001401,Irya Kant,customer001401@novafin.example,7777859294,1973-10-22,"44, Ganesan Circle, Udupi 042445",Hyderabad,SIMU001401,AC0000001401,68290.02
C001402,Qabil Panchal,customer001402@novafin.example,7021782959,2007-10-11,"03/763, Manne Street, Rajahmundry-437412",Kolkata,SIMU001402,AC0000001402,112818.58
C001403,Aditya Vala,customer001403@novafin.example,5510861997,1959-09-21,"294, Ganesan Nagar, Ambarnath-250165",Kolkata,SIMU001403,AC0000001403,200465.79
C001404,Janya Patla,customer001404@novafin.example,7486328107,1949-09-03,"38, D’Alia Road, Aurangabad 006616",Ahmedabad,SIMU001404,AC0000001404,46193.04
C001405,Hemal Hari,customer001405@novafin.example,7660244569,1980-05-11,"369, Narasimhan Chowk, Thoothukudi 460683",Ahmedabad,SIMU001405,AC0000001405,245902.53
C001406,Pranit Sahni,customer001406@novafin.example,5338824996,1995-01-14,"75/88, Mani Nagar, Ramagundam 363487",Chennai,SIMU001406,AC0000001406,422612.41
C001407,Gauri Cheema,customer001407@novafin.example,6193790229,1989-08-20,"121, Maharaj Ganj, Bathinda 999007",Bangalore,SIMU001407,AC0000001407,96787.07
C001408,Hema Rattan,customer001408@novafin.example,8723063657,1993-02-13,"H.No. 041, Rastogi Ganj, Sirsa 679593",Mumbai,SIMU001408,AC0000001408,65710.97
C001409,Kevin Madan,customer001409@novafin.example,7371967557,1947-09-08,"H.No. 02, Mall Circle, Kurnool 697694",Pune,SIMU001409,AC0000001409,408885.57
C001410,Warinder Rama,customer001410@novafin.example,7488689969,1980-11-25,"14/18, Naik Ganj, Baranagar-444742",Kolkata,SIMU001410,AC0000001410,486085.13
C001411,Chatresh Sethi,customer001411@novafin.example,5445278610,1976-12-11,"H.No. 07, Chana Path, Phagwara-460378",Chennai,SIMU001411,AC0000001411,287960.91
C001412,Azaan Kari,customer001412@novafin.example,6899108587,2006-03-31,"H.No. 139, Kale, North Dumdum-797463",Kolkata,SIMU001412,AC0000001412,413742.48
C001413,Varenya Subramaniam,customer001413@novafin.example,8626678616,1972-05-02,"032, Dayal Marg, Srikakulam-409466",Kolkata,SIMU001413,AC0000001413,483673.16
C001414,Aradhana Sur,customer001414@novafin.example,0536443495,1953-01-18,"080, Goda Zila, Rohtak-800920",Ahmedabad,SIMU001414,AC0000001414,297039.29
C001415,Yatin Rajan,customer001415@novafin.example,0456869690,1957-03-01,"H.No. 524, Magar Nagar, Satara-584276",Chennai,SIMU001415,AC0000001415,251224.58
C001416,Girik Ghosh,customer001416@novafin.example,7933335694,1983-02-28,"H.No. 76, Chacko Marg, Akola 064103",Mumbai,SIMU001416,AC0000001416,212532.07
C001417,Damyanti Bhatnagar,customer001417@novafin.example,3265234655,1954-04-24,"46/72, Lad Marg, Faridabad 989289",Bangalore,SIMU001417,AC0000001417,263498.2
C001418,Charita Kade,customer001418@novafin.example,3542562860,2002-07-04,"75/134, Sheth Nagar, Tadipatri-850582",Delhi,SIMU001418,AC0000001418,82133.89
C001419,Charles Pal,customer001419@novafin.example,4651206906,1998-11-14,"725, Agarwal Ganj, Kochi 846439",Ahmedabad,SIMU001419,AC0000001419,107117.51
C001420,Anika Datta,customer001420@novafin.example,5400923195,1979-06-04,"H.No. 39, Barad Nagar, Darbhanga-292620",Delhi,SIMU001420,AC0000001420,486778.32
C001421,Janya Pillai,customer001421@novafin.example,6284975657,1986-01-29,"109, Buch Path, Raiganj-828095",Chennai,SIMU001421,AC0000001421,84938.35
C001422,Pranit Upadhyay,customer001422@novafin.example,9783018986,1965-07-14,"45, Dugar Marg, Burhanpur-032718",Kolkata,SIMU001422,AC0000001422,62225.05
C001423,Ishanvi Venkatesh,customer001423@novafin.example,5098020752,1999-08-11,"H.No. 39, Rastogi Nagar, Katihar 773920",Kolkata,SIMU001423,AC0000001423,120911.66
C001424,Chanchal Kumer,customer001424@novafin.example,0731971890,1949-07-30,"29, Rana Zila, Cuttack-166647",Delhi,SIMU001424,AC0000001424,421201.36
C001425,Ayush Suresh,customer001425@novafin.example,5275652083,1989-12-19,"61/832, Narayanan Zila, Jehanabad 074166",Hyderabad,SIMU001425,AC0000001425,176881.01
C001426,Shivansh Barad,customer001426@novafin.example,0428316723,2002-07-31,"10, Bava Marg, Ghaziabad 737788",Mumbai,SIMU001426,AC0000001426,66338.03
C001427,Elijah Kumer,customer001427@novafin.example,8100729084,1994-08-19,"17/056, Shroff Road, Bathinda 757903",Kolkata,SIMU001427,AC0000001427,287225.74
C001428,Mohini Shenoy,customer001428@novafin.example,9479109999,1964-11-06,"308, Mani Nagar, Kakinada-430498",Hyderabad,SIMU001428,AC0000001428,271851.88
C001429,Atharv Sheth,customer001429@novafin.example,0026755475,2000-05-30,"38, Om Street, Vasai-Virar 230358",Bangalore,SIMU001429,AC0000001429,398611.55
C001430,Gaurav Soman,customer001430@novafin.example,6330804808,1952-12-09,"04/43, Rao Nagar, Madhyamgram-211271",Kolkata,SIMU001430,AC0000001430,78446.45
C001431,Zaitra Cherian,customer001431@novafin.example,9817663521,1978-07-28,"H.No. 107, Rana Nagar, Hajipur-464147",Delhi,SIMU001431,AC0000001431,95394.88
C001432,Inaya Mukhopadhyay,customer001432@novafin.example,8953742525,1982-04-10,"951, Raju Marg, Rajahmundry-370140",Mumbai,SIMU001432,AC0000001432,464340.88
C001433,David Sarraf,customer001433@novafin.example,5199632304,1968-07-21,"15/953, Tiwari Ganj, Mysore-290628",Mumbai,SIMU001433,AC0000001433,398229.17
C001434,Ekani Rege,customer001434@novafin.example,0309805183,2001-02-21,"568, Vig Nagar, Mango-472441",Pune,SIMU001434,AC0000001434,441999.44
C001435,Ubika Ram,customer001435@novafin.example,1874309647,1989-03-17,"83, Virk Road, Nagpur-951628",Hyderabad,SIMU001435,AC0000001435,206945.65
C001436,Devika Pall,customer001436@novafin.example,8262773312,1954-07-11,"34, Kunda Nagar, Mango-476522",Ahmedabad,SIMU001436,AC0000001436,296711.04
C001437,Nandini Rattan,customer001437@novafin.example,1692175171,1988-06-09,"H.No. 70, Amble Path, Raichur 458076",Ahmedabad,SIMU001437,AC0000001437,42796.19
C001438,Devika Warrior,customer001438@novafin.example,8413831276,1998-03-29,"H.No. 94, Goda Circle, Bardhaman-248816",Hyderabad,SIMU001438,AC0000001438,216412.63
C001439,Ranbir Patla,customer001439@novafin.example,4176546141,1947-11-09,"73/912, Toor, Satara 480127",Kolkata,SIMU001439,AC0000001439,43421.7
C001440,Ethan Deshmukh,customer001440@novafin.example,7156853909,1964-02-08,"H.No. 803, Yogi Nagar, Rourkela-641996",Pune,SIMU001440,AC0000001440,352994.03
C001441,Chakrika Bali,customer001441@novafin.example,9376452658,1946-08-10,"65/62, Bassi Marg, Begusarai-598018",Bangalore,SIMU001441,AC0000001441,379231.16
C001442,Abhimanyu Kota,customer001442@novafin.example,0537828687,2007-06-14,"10, Bhatnagar Circle, Aurangabad-239766",Hyderabad,SIMU001442,AC0000001442,451089.9
C001443,Isaiah Peri,customer001443@novafin.example,1519807027,2002-03-30,"86/358, Mohan Ganj, Pali 898749",Bangalore,SIMU001443,AC0000001443,185486.39
C001444,Indali Chakrabarti,customer001444@novafin.example,9233558857,1963-07-03,"89/161, Bala, Pondicherry-530296",Hyderabad,SIMU001444,AC0000001444,172700.92
C001445,Anita Bhandari,customer001445@novafin.example,1679520279,1964-05-04,"11/89, Solanki Zila, Anand 584874",Ahmedabad,SIMU001445,AC0000001445,432661.52
C001446,Brijesh Basu,customer001446@novafin.example,6288658072,1989-01-12,"01, Tank, Bhagalpur 752925",Mumbai,SIMU001446,AC0000001446,486935.91
C001447,Kashvi Sama,customer001447@novafin.example,8469001581,2003-12-20,"24/947, Agrawal Nagar, Hapur-906724",Chennai,SIMU001447,AC0000001447,88833.12
C001448,Pavani Bedi,customer001448@novafin.example,7724877476,1960-02-08,"890, Chandra, Vadodara 347418",Ahmedabad,SIMU001448,AC0000001448,392664.68
C001449,Aishani Desai,customer001449@novafin.example,2230597573,1998-05-08,"57, Parikh Path, Kolhapur-868568",Pune,SIMU001449,AC0000001449,152974.49
C001450,Aryan Sandhu,customer001450@novafin.example,4878264871,1949-04-17,"H.No. 46, Oak Road, Mathura-798529",Kolkata,SIMU001450,AC0000001450,312365.09
C001451,Yashoda Mangat,customer001451@novafin.example,7041450563,1974-09-21,"H.No. 819, Dara Marg, Deoghar 595594",Mumbai,SIMU001451,AC0000001451,114269.45
C001452,Pranav Vohra,customer001452@novafin.example,3324199771,2004-03-18,"74, Raghavan Ganj, Bilaspur 985927",Chennai,SIMU001452,AC0000001452,458880.58
C001453,Aarna Kapoor,customer001453@novafin.example,9474934768,1994-04-25,"18, Sharaf Chowk, Aizawl-808431",Kolkata,SIMU001453,AC0000001453,376948.78
C001454,Eesha Gaba,customer001454@novafin.example,7900531260,1965-12-30,"84/595, Sathe Circle, Chapra 591268",Pune,SIMU001454,AC0000001454,414983.26
C001455,Utkarsh Banerjee,customer001455@novafin.example,8373183594,1997-09-09,"23/25, Bhalla Circle, Tumkur 571162",Delhi,SIMU001455,AC0000001455,56168.06
C001456,Anamika Johal,customer001456@novafin.example,1492863270,1977-04-04,"810, Agate Marg, Munger 443346",Kolkata,SIMU001456,AC0000001456,89433.66
C001457,Pratyush Prashad,customer001457@novafin.example,3564162987,1955-11-23,"14/351, De Chowk, Eluru 044852",Bangalore,SIMU001457,AC0000001457,107525.24
C001458,Charan Dhar,customer001458@novafin.example,5472240553,1953-07-11,"H.No. 458, Deshmukh, Bharatpur-340870",Chennai,SIMU001458,AC0000001458,422563.92
C001459,Omya Kar,customer001459@novafin.example,5556385981,1963-05-17,"H.No. 86, Basak, Hapur-733807",Chennai,SIMU001459,AC0000001459,40708.75
C001460,Nidra Rama,customer001460@novafin.example,9404475017,1973-09-12,"H.No. 89, Barad, North Dumdum-972232",Bangalore,SIMU001460,AC0000001460,461064.76
C001461,Qabil Basak,customer001461@novafin.example,3006319106,1995-12-04,"591, Mitra Zila, Dhanbad-861223",Chennai,SIMU001461,AC0000001461,155139.31
C001462,Nisha Dara,customer001462@novafin.example,0245422492,1947-02-27,"20/001, Dayal Ganj, Hajipur-824350",Ahmedabad,SIMU001462,AC0000001462,264935.03
C001463,Gopal Kaul,customer001463@novafin.example,3295617629,1973-05-24,"H.No. 08, Sha, Adoni-361408",Mumbai,SIMU001463,AC0000001463,348557.82
C001464,Aadi Shroff,customer001464@novafin.example,9063360273,1977-08-12,"H.No. 736, Dhingra Street, Pondicherry-773824",Chennai,SIMU001464,AC0000001464,201921.71
C001465,Yadavi Dugal,customer001465@novafin.example,4629222283,1959-01-12,"23/590, Dhillon Marg, Bhopal 014412",Ahmedabad,SIMU001465,AC0000001465,109352.25
C001466,Hamsini Dyal,customer001466@novafin.example,9245670893,1947-12-29,"933, Mallick Chowk, Nagercoil 583387",Ahmedabad,SIMU001466,AC0000001466,303768.12
C001467,Fariq Bains,customer001467@novafin.example,3094587595,1969-02-20,"230, Subramaniam Nagar, Karaikudi-186948",Pune,SIMU001467,AC0000001467,188518.28
C001468,Meera Shan,customer001468@novafin.example,7529148356,1989-01-20,"27/025, Pillay Street, Kota-055624",Hyderabad,SIMU001468,AC0000001468,380756.54
C001469,Luke Sami,customer001469@novafin.example,7680940596,1962-07-15,"H.No. 24, Issac Path, Nagpur-543261",Mumbai,SIMU001469,AC0000001469,160407.95
C001470,Thomas Misra,customer001470@novafin.example,3715243109,1981-12-10,"53/12, Patla Street, Rewa-974787",Kolkata,SIMU001470,AC0000001470,48584.25
C001471,Radhika Sarma,customer001471@novafin.example,4428630707,1995-06-07,"H.No. 244, Andra Circle, Katni 211874",Chennai,SIMU001471,AC0000001471,432127.81
C001472,Atharv Mammen,customer001472@novafin.example,9100723149,1984-04-26,"64/041, Borah Street, Berhampore-431055",Chennai,SIMU001472,AC0000001472,346905.24
C001473,Teerth Chakrabarti,customer001473@novafin.example,8878506606,1963-10-29,"35/15, Bail Marg, Jamshedpur 277021",Hyderabad,SIMU001473,AC0000001473,334503.98
C001474,Victor Zacharia,customer001474@novafin.example,1151116271,1987-07-31,"H.No. 061, Nanda Marg, Rohtak-255310",Bangalore,SIMU001474,AC0000001474,435699.22
C001475,Ryan Tata,customer001475@novafin.example,2207250845,1982-12-25,"96/925, Keer Ganj, Agra-099931",Bangalore,SIMU001475,AC0000001475,250196.17
C001476,Amruta Bhargava,customer001476@novafin.example,9981297192,1976-02-01,"H.No. 94, Doctor, Bilaspur 450266",Delhi,SIMU001476,AC0000001476,332501.49
C001477,Oscar Srinivas,customer001477@novafin.example,8696648110,1984-02-14,"430, Tailor Marg, Mehsana-677810",Bangalore,SIMU001477,AC0000001477,131290.77
C001478,Aarush Uppal,customer001478@novafin.example,4089351331,1957-10-11,"36/616, Babu Street, Amroha 951266",Hyderabad,SIMU001478,AC0000001478,363551.73
C001479,Omya Sampath,customer001479@novafin.example,1084039092,1960-05-11,"63/33, Pal, Katni-676055",Hyderabad,SIMU001479,AC0000001479,226308.23
C001480,Avi Bansal,customer001480@novafin.example,0908306925,2002-01-30,"H.No. 64, Brahmbhatt Road, Jabalpur 436160",Kolkata,SIMU001480,AC0000001480,429503.43
C001481,Agastya Gole,customer001481@novafin.example,7619181498,1981-02-24,"217, Mallick Chowk, Kochi 675500",Ahmedabad,SIMU001481,AC0000001481,144699.39
C001482,Raghav Tak,customer001482@novafin.example,3157522950,1972-06-04,"03/67, Sanghvi Road, Karimnagar 753515",Ahmedabad,SIMU001482,AC0000001482,168518.92
C001483,Aarna Tak,customer001483@novafin.example,3927081207,1959-10-04,"H.No. 103, Ahluwalia Street, Mathura-160990",Kolkata,SIMU001483,AC0000001483,302631.4
C001484,Idika Suresh,customer001484@novafin.example,1661907644,1964-09-26,"61/622, Shukla Street, Mira-Bhayandar-105402",Bangalore,SIMU001484,AC0000001484,267969.02
C001485,Anirudh Gole,customer001485@novafin.example,6559218956,2007-02-06,"974, Gupta Path, Katihar 238487",Pune,SIMU001485,AC0000001485,291692.13
C001486,Frado Modi,customer001486@novafin.example,4337360908,1960-10-16,"63, Wadhwa Zila, Rohtak-900249",Hyderabad,SIMU001486,AC0000001486,166776.06
C001487,Vidhi Yogi,customer001487@novafin.example,2346151216,2001-06-24,"H.No. 066, Tiwari Path, Ambala-425658",Mumbai,SIMU001487,AC0000001487,253825.75
C001488,Tejas Narayan,customer001488@novafin.example,0445039863,1971-04-17,"14/49, Raman Circle, Durgapur-532831",Pune,SIMU001488,AC0000001488,494471.46
C001489,Saksham Bains,customer001489@novafin.example,0791904878,1970-01-22,"451, Wable Street, Madanapalle 541833",Pune,SIMU001489,AC0000001489,434208.51
C001490,Hritik Modi,customer001490@novafin.example,4250743820,2001-11-07,"86, Sekhon Chowk, Thanjavur 053576",Hyderabad,SIMU001490,AC0000001490,336656.81
C001491,Thomas Ramanathan,customer001491@novafin.example,3361424741,1995-08-17,"56/61, Trivedi Road, Bilaspur-648517",Hyderabad,SIMU001491,AC0000001491,114471.04
C001492,Shivani Pathak,customer001492@novafin.example,7306146017,1971-05-08,"00/925, Vaidya Marg, Ozhukarai 278387",Chennai,SIMU001492,AC0000001492,452351.35
C001493,Varenya Raja,customer001493@novafin.example,4023471451,1990-06-17,"26/56, Golla Path, Gandhinagar 562754",Kolkata,SIMU001493,AC0000001493,338751.9
C001494,Aarna Atwal,customer001494@novafin.example,4989397595,1990-04-29,"094, Bandi Chowk, Bardhaman 765839",Delhi,SIMU001494,AC0000001494,367609.52
C001495,Ekansh Sidhu,customer001495@novafin.example,9270438852,2003-07-26,"H.No. 43, Deep Nagar, Mathura 442402",Ahmedabad,SIMU001495,AC0000001495,498797.82
C001496,Abhimanyu Mitra,customer001496@novafin.example,8869890876,1978-10-27,"71, Panchal Zila, Jamalpur-378156",Hyderabad,SIMU001496,AC0000001496,455782.99
C001497,Netra Dugar,customer001497@novafin.example,7367138731,2007-04-11,"66, Samra Zila, Bijapur 988967",Kolkata,SIMU001497,AC0000001497,209430.59
C001498,Orinder Borra,customer001498@novafin.example,2479224768,1992-05-20,"71, Venkataraman Road, Jaunpur-578523",Bangalore,SIMU001498,AC0000001498,301936.26
C001499,Matthew Thakkar,customer001499@novafin.example,0934137345,1978-03-10,"H.No. 58, Golla Street, Proddatur 951719",Chennai,SIMU001499,AC0000001499,188004.35
C001500,Shravya Bal,customer001500@novafin.example,7769313164,1959-01-02,"H.No. 25, Anand Path, Karimnagar-321012",Chennai,SIMU001500,AC0000001500,351001.1
C001501,Charita Raval,customer001501@novafin.example,5914999597,1952-02-14,"H.No. 68, Pingle Street, Gaya-143545",Ahmedabad,SIMU001501,AC0000001501,455600.09
C001502,Reyansh Randhawa,customer001502@novafin.example,9883686364,1980-03-10,"63/267, Dewan Ganj, Burhanpur 429429",Pune,SIMU001502,AC0000001502,265974.56
C001503,Faraj Chakraborty,customer001503@novafin.example,4743506978,1985-01-14,"112, Kale Nagar, Guntakal-990150",Delhi,SIMU001503,AC0000001503,424303.38
C001504,Ikshita Misra,customer001504@novafin.example,6168068030,2004-06-17,"80, Iyer Zila, Panipat 360574",Delhi,SIMU001504,AC0000001504,164547.43
C001505,Quincy Chaudry,customer001505@novafin.example,1549599291,1986-03-20,"13/64, Suri Zila, Ratlam-059483",Ahmedabad,SIMU001505,AC0000001505,85773.47
C001506,Aryan Bala,customer001506@novafin.example,6801153609,1987-01-16,"34/973, Bhargava Street, Ballia 015353",Hyderabad,SIMU001506,AC0000001506,369463.65
C001507,Jagrati Kannan,customer001507@novafin.example,5624888804,1963-08-26,"55/51, Kade Marg, Ichalkaranji-574119",Delhi,SIMU001507,AC0000001507,474788.61
C001508,Kala Issac,customer001508@novafin.example,0389166770,1950-07-28,"04/39, Dhawan Road, Patna 585783",Pune,SIMU001508,AC0000001508,335856.46
C001509,Rehaan Sridhar,customer001509@novafin.example,3773120588,1980-12-23,"07/487, Brahmbhatt Circle, Bardhaman 951405",Chennai,SIMU001509,AC0000001509,193759.61
C001510,Ekbal Chaudhuri,customer001510@novafin.example,6170004854,1990-12-02,"H.No. 945, Nadkarni Street, Kulti 255614",Hyderabad,SIMU001510,AC0000001510,224724.47
C001511,Harrison Dugal,customer001511@novafin.example,0109321529,2000-07-03,"H.No. 148, Dugar Ganj, Agra-526121",Pune,SIMU001511,AC0000001511,201549.15
C001512,Nitara Misra,customer001512@novafin.example,0011233016,1968-08-02,"73/238, Rama Ganj, Navi Mumbai 344622",Hyderabad,SIMU001512,AC0000001512,245286.3
C001513,Vidhi Lalla,customer001513@novafin.example,5389059509,1989-04-06,"36/25, Swamy Chowk, Guwahati 872741",Mumbai,SIMU001513,AC0000001513,248504.87
C001514,Kashish Buch,customer001514@novafin.example,7981555184,1957-01-12,"522, Sule Zila, Warangal-248729",Mumbai,SIMU001514,AC0000001514,249304.35
C001515,Neel Bajaj,customer001515@novafin.example,9172651342,2002-11-13,"145, Devan Marg, Ambattur-302413",Chennai,SIMU001515,AC0000001515,262726.75
C001516,Alexander D’Alia,customer001516@novafin.example,3146442143,1991-10-08,"H.No. 92, Sridhar Street, Nagpur 604976",Kolkata,SIMU001516,AC0000001516,276673.29
C001517,Zarna Sengupta,customer001517@novafin.example,5696411350,1987-09-13,"763, Roy Ganj, Thane-119475",Kolkata,SIMU001517,AC0000001517,50679.44
C001518,Ishani Gour,customer001518@novafin.example,0112704225,1989-10-18,"14/33, Ray Zila, Chinsurah-974469",Delhi,SIMU001518,AC0000001518,90248.5
C001519,Balveer Sura,customer001519@novafin.example,1989511157,1961-12-17,"15, Varty Path, Hyderabad 642362",Chennai,SIMU001519,AC0000001519,187768.2
C001520,Harinakshi Upadhyay,customer001520@novafin.example,6937147875,1969-12-05,"H.No. 784, Mallick Road, Allahabad-748942",Ahmedabad,SIMU001520,AC0000001520,93031.47
C001521,Damyanti Kashyap,customer001521@novafin.example,9366604486,1982-04-15,"H.No. 827, Kannan Chowk, Amroha 496784",Delhi,SIMU001521,AC0000001521,394997.06
C001522,Jeremiah Shere,customer001522@novafin.example,3188156754,1964-07-03,"79/707, Bhat, Mango 455300",Ahmedabad,SIMU001522,AC0000001522,182998.99
C001523,Vedhika Hayre,customer001523@novafin.example,4127259212,1971-08-17,"H.No. 05, Oommen Path, Khammam-774856",Delhi,SIMU001523,AC0000001523,173871.68
C001524,Nachiket Raval,customer001524@novafin.example,2437428220,1964-05-13,"49, Barman Marg, Nanded 520148",Bangalore,SIMU001524,AC0000001524,27238.91
C001525,Oni Batta,customer001525@novafin.example,7372500932,1972-02-27,"H.No. 506, Barman Path, Tezpur-158844",Hyderabad,SIMU001525,AC0000001525,124456.62
C001526,Jonathan Kalla,customer001526@novafin.example,4941100208,1973-02-14,"H.No. 623, Char Street, Jamshedpur 519679",Delhi,SIMU001526,AC0000001526,298732.48
C001527,Nikita Bala,customer001527@novafin.example,8653143422,2007-01-09,"H.No. 077, Gandhi Street, Kishanganj 499589",Delhi,SIMU001527,AC0000001527,257549.12
C001528,Mugdha Sur,customer001528@novafin.example,2860176787,1949-07-16,"H.No. 305, Dora Street, Bettiah 522377",Mumbai,SIMU001528,AC0000001528,86467.83
C001529,Chaitanya Madan,customer001529@novafin.example,8063244896,1947-12-30,"26/165, Mukhopadhyay Path, Bhind 399702",Kolkata,SIMU001529,AC0000001529,325906.58
C001530,Chameli Raj,customer001530@novafin.example,6904761029,1965-08-17,"H.No. 37, Bali Chowk, Tadipatri 705035",Kolkata,SIMU001530,AC0000001530,228787.09
C001531,Om Khanna,customer001531@novafin.example,2464560485,1986-01-01,"H.No. 63, Grewal Street, Shivpuri 117851",Ahmedabad,SIMU001531,AC0000001531,207075.3
C001532,Idika Garg,customer001532@novafin.example,2916942229,1982-10-23,"75/76, Suri Zila, Dindigul 224588",Bangalore,SIMU001532,AC0000001532,278546.74
C001533,Rajata Sant,customer001533@novafin.example,7983340833,1972-05-03,"92/668, Raja Marg, Hosur 795653",Pune,SIMU001533,AC0000001533,476282.59
C001534,Aryan Bawa,customer001534@novafin.example,2750936047,1983-10-07,"714, Choudhury Street, Chittoor 727939",Pune,SIMU001534,AC0000001534,384502.68
C001535,Maanas Reddy,customer001535@novafin.example,9542762933,1960-03-20,"H.No. 728, Pai Zila, Erode-809809",Chennai,SIMU001535,AC0000001535,33510.16
C001536,Adya Bahl,customer001536@novafin.example,3627244522,1963-04-06,"32, Gola Chowk, Siliguri-553250",Bangalore,SIMU001536,AC0000001536,322676.29
C001537,Manya Guha,customer001537@novafin.example,9745116516,1957-06-11,"H.No. 339, Sandhu Marg, Mau 529664",Chennai,SIMU001537,AC0000001537,132476.21
C001538,Dominic Chander,customer001538@novafin.example,3207239191,1968-01-25,"36, Trivedi, Rajkot 765599",Pune,SIMU001538,AC0000001538,173243.82
C001539,Ladli Sachar,customer001539@novafin.example,6022364499,1961-08-05,"43/424, Chawla, Bhatpara-317774",Mumbai,SIMU001539,AC0000001539,207186.48
C001540,Manbir Golla,customer001540@novafin.example,1242197381,1963-02-25,"H.No. 751, Goda Nagar, Panvel-850833",Hyderabad,SIMU001540,AC0000001540,104334.59
C001541,Urvi Chaudhuri,customer001541@novafin.example,4535135634,1950-12-07,"354, Chada Chowk, Bhilwara 382541",Bangalore,SIMU001541,AC0000001541,166646.07
C001542,Nirja Dhaliwal,customer001542@novafin.example,0682994580,1969-03-22,"86/919, Chada Circle, Belgaum-499314",Hyderabad,SIMU001542,AC0000001542,241565.0
C001543,Yuvraj Sahota,customer001543@novafin.example,1338613674,1952-06-22,"H.No. 43, Sethi Ganj, Karawal Nagar-671274",Pune,SIMU001543,AC0000001543,230990.98
C001544,Aayush Sahni,customer001544@novafin.example,3121789406,1986-01-23,"041, Sani Circle, Pudukkottai-191678",Delhi,SIMU001544,AC0000001544,187798.1
C001545,Dipta Rajan,customer001545@novafin.example,7401925531,2000-01-10,"16, Merchant Zila, Hosur 039726",Ahmedabad,SIMU001545,AC0000001545,195644.17
C001546,Gayathri Manda,customer001546@novafin.example,7690941425,1972-05-02,"03/855, Tripathi Street, Jhansi-329967",Chennai,SIMU001546,AC0000001546,103319.67
C001547,Dayamai Jain,customer001547@novafin.example,8599197763,1972-04-19,"H.No. 43, Ray Chowk, Bidar-287117",Kolkata,SIMU001547,AC0000001547,34084.25
C001548,Rajeshri Prabhakar,customer001548@novafin.example,5955394506,1968-07-24,"63/09, Shenoy, Saharsa-541793",Chennai,SIMU001548,AC0000001548,370405.19
C001549,Theodore Chada,customer001549@novafin.example,9142154409,1955-08-23,"57/40, Bajaj Road, Kozhikode 703547",Delhi,SIMU001549,AC0000001549,125315.36
C001550,Lajita Kata,customer001550@novafin.example,7799751090,1987-12-05,"23, Reddy Road, Mirzapur 411708",Bangalore,SIMU001550,AC0000001550,305104.1
C001551,Max Dewan,customer001551@novafin.example,9251390029,1998-12-03,"47, Bhakta Street, Uluberia 237839",Delhi,SIMU001551,AC0000001551,83501.94
C001552,Zayyan Talwar,customer001552@novafin.example,7456844263,1998-07-02,"H.No. 19, Johal Nagar, Kishanganj 082413",Bangalore,SIMU001552,AC0000001552,203216.41
C001553,Jacob Sami,customer001553@novafin.example,6449035934,1995-12-12,"H.No. 30, Choudhry Chowk, Salem-160639",Hyderabad,SIMU001553,AC0000001553,391343.59
C001554,Thomas Bhavsar,customer001554@novafin.example,7811080238,1984-11-30,"25/795, Parmar Ganj, Tirupati-119354",Bangalore,SIMU001554,AC0000001554,307113.93
C001555,Qasim Virk,customer001555@novafin.example,3996240238,1949-07-22,"59, Lal Zila, Hyderabad-903957",Bangalore,SIMU001555,AC0000001555,339435.71
C001556,Krisha Khurana,customer001556@novafin.example,3910673338,1967-05-30,"02/49, Raman Marg, Noida-855201",Bangalore,SIMU001556,AC0000001556,47911.65
C001557,Isaac Patla,customer001557@novafin.example,4484792074,1999-12-23,"221, Shan Chowk, Tadepalligudem-254983",Mumbai,SIMU001557,AC0000001557,222968.39
C001558,Atharv Joshi,customer001558@novafin.example,0410372810,1957-05-13,"H.No. 51, Sankar Street, Madhyamgram 079633",Kolkata,SIMU001558,AC0000001558,83707.65
C001559,Pratyush Dutt,customer001559@novafin.example,1766689921,1974-01-27,"345, Palan, Arrah-562192",Hyderabad,SIMU001559,AC0000001559,250338.26
C001560,Bachittar Modi,customer001560@novafin.example,1475376378,1965-07-07,"H.No. 76, Parmar Marg, Mehsana 051865",Delhi,SIMU001560,AC0000001560,122610.08
C001561,Meghana Shetty,customer001561@novafin.example,4511590592,1976-09-10,"646, Tata, Ranchi 466063",Bangalore,SIMU001561,AC0000001561,168030.32
C001562,Yamini Prabhu,customer001562@novafin.example,4162750209,1957-07-13,"802, Manda, Eluru 763514",Mumbai,SIMU001562,AC0000001562,339679.41
C001563,Adya Sinha,customer001563@novafin.example,5129545893,2006-09-19,"49/99, Bhavsar, Gudivada-359522",Hyderabad,SIMU001563,AC0000001563,320828.94
C001564,Ekanta Buch,customer001564@novafin.example,0901817497,1951-01-19,"360, Char, Satna 459619",Delhi,SIMU001564,AC0000001564,223942.23
C001565,Amruta Bhatia,customer001565@novafin.example,5975834459,1946-10-04,"H.No. 841, Grover Circle, Pondicherry 907872",Mumbai,SIMU001565,AC0000001565,268002.77
C001566,Falguni Banerjee,customer001566@novafin.example,4151909375,2002-07-13,"06/169, Chowdhury Road, Bharatpur-284836",Mumbai,SIMU001566,AC0000001566,159285.71
C001567,Jagvi Patla,customer001567@novafin.example,7706992269,1983-12-22,"08, Tank Street, Amravati 023512",Mumbai,SIMU001567,AC0000001567,261426.06
C001568,Aashi Pau,customer001568@novafin.example,9157349438,1959-07-22,"84/91, Zachariah Ganj, Dehri-018811",Chennai,SIMU001568,AC0000001568,394530.49
C001569,Vihaan Kaur,customer001569@novafin.example,9523314324,1991-03-05,"787, Saha, Sambalpur-908132",Chennai,SIMU001569,AC0000001569,195012.87
C001570,Chandresh Tripathi,customer001570@novafin.example,2044843519,1952-04-24,"57/10, Dhaliwal Road, Gudivada-028422",Kolkata,SIMU001570,AC0000001570,165291.82
C001571,Gunbir Tara,customer001571@novafin.example,1831377434,2002-10-10,"25/17, Kapoor Ganj, Sri Ganganagar 368220",Bangalore,SIMU001571,AC0000001571,285365.91
C001572,Gaurika Dugal,customer001572@novafin.example,9685462116,1974-01-07,"21/24, Shankar Nagar, Bhiwani-536292",Chennai,SIMU001572,AC0000001572,351896.86
C001573,Yatan Natarajan,customer001573@novafin.example,1134496895,2001-06-05,"99/45, Mall Road, Ajmer 472047",Ahmedabad,SIMU001573,AC0000001573,182036.72
C001574,Damini Dass,customer001574@novafin.example,7563949046,1966-02-14,"57, Varughese Road, Jalna 252888",Bangalore,SIMU001574,AC0000001574,31055.97
C001575,Chanchal Raghavan,customer001575@novafin.example,0893043178,1961-10-21,"99, Oak Chowk, Hajipur 937772",Mumbai,SIMU001575,AC0000001575,455768.02
C001576,Jairaj Pathak,customer001576@novafin.example,2241250383,1965-03-26,"372, Saxena Nagar, Coimbatore-537006",Ahmedabad,SIMU001576,AC0000001576,95843.63
C001577,Neel Keer,customer001577@novafin.example,7335210858,1969-11-20,"218, Mand, Salem-885899",Mumbai,SIMU001577,AC0000001577,395274.96
C001578,Jason Chaudhry,customer001578@novafin.example,2817834206,1990-06-01,"433, Setty Road, Kavali 204093",Mumbai,SIMU001578,AC0000001578,368692.72
C001579,Bishakha Divan,customer001579@novafin.example,3009173163,1989-09-23,"87/244, Thakkar Chowk, Chapra-712125",Mumbai,SIMU001579,AC0000001579,454770.21
C001580,Rachana Brahmbhatt,customer001580@novafin.example,2419827244,1948-03-05,"91/52, Kade Circle, Mysore-789516",Chennai,SIMU001580,AC0000001580,241956.84
C001581,Ishita Bhalla,customer001581@novafin.example,8005440277,1990-11-30,"H.No. 625, Pillai Chowk, Nagpur-036685",Hyderabad,SIMU001581,AC0000001581,150459.39
C001582,Devika Khare,customer001582@novafin.example,3847184581,1957-08-21,"18/23, Hari Marg, Guntur 112980",Bangalore,SIMU001582,AC0000001582,72409.23
C001583,Gabriel Ben,customer001583@novafin.example,6237050674,1956-07-12,"H.No. 46, Mallick Path, Gandhinagar-169145",Delhi,SIMU001583,AC0000001583,440216.71
C001584,Chatresh Jhaveri,customer001584@novafin.example,5354237246,1996-05-10,"76, Tailor Zila, Gandhidham-455224",Hyderabad,SIMU001584,AC0000001584,196101.97
C001585,Caleb Parsa,customer001585@novafin.example,4254978064,1987-08-26,"34/897, Biswas Ganj, Haldia-156539",Pune,SIMU001585,AC0000001585,227347.72
C001586,Qasim Chanda,customer001586@novafin.example,5424015043,1993-07-11,"83/58, Pandey Path, Purnia-548759",Mumbai,SIMU001586,AC0000001586,70124.27
C001587,Vasudha Lad,customer001587@novafin.example,5429043682,1980-09-09,"85/078, Srivastava Marg, Ratlam 081580",Bangalore,SIMU001587,AC0000001587,29594.36
C001588,Reva Vig,customer001588@novafin.example,5119324671,1956-02-20,"371, Anand Nagar, Arrah-351875",Delhi,SIMU001588,AC0000001588,340093.64
C001589,Christopher Peri,customer001589@novafin.example,2093613014,1999-06-04,"941, Kakar Nagar, Kumbakonam 806932",Delhi,SIMU001589,AC0000001589,181113.89
C001590,Balveer Bobal,customer001590@novafin.example,7130370971,2002-05-10,"77/37, Cherian Ganj, Aurangabad-759274",Ahmedabad,SIMU001590,AC0000001590,478667.35
C001591,Champak Chad,customer001591@novafin.example,0697740097,1960-04-18,"66/180, Chandra Marg, Hajipur-370070",Hyderabad,SIMU001591,AC0000001591,442275.88
C001592,Harish Ahuja,customer001592@novafin.example,2212683905,2008-06-04,"69/349, Ahluwalia Zila, Madhyamgram 987101",Mumbai,SIMU001592,AC0000001592,201995.52
C001593,Dalaja Buch,customer001593@novafin.example,6328225196,1968-01-19,"72, Bhatnagar Zila, Jaipur-544965",Pune,SIMU001593,AC0000001593,111862.97
C001594,Balendra Dugar,customer001594@novafin.example,2182548057,1945-10-09,"426, Konda Ganj, Mangalore-175487",Kolkata,SIMU001594,AC0000001594,215118.86
C001595,Jeet Hari,customer001595@novafin.example,0206139203,1976-03-26,"H.No. 48, Gokhale Street, Begusarai-739004",Ahmedabad,SIMU001595,AC0000001595,154120.72
C001596,Victor Balay,customer001596@novafin.example,6676296029,1986-05-06,"H.No. 71, Mishra Marg, Bardhaman 844657",Kolkata,SIMU001596,AC0000001596,352703.65
C001597,Jacob Korpal,customer001597@novafin.example,1534278932,1955-07-29,"65, Warrior Road, Warangal-494645",Ahmedabad,SIMU001597,AC0000001597,404952.07
C001598,Daniel Gulati,customer001598@novafin.example,0214366594,1983-04-12,"345, Kamdar Ganj, Munger-822896",Delhi,SIMU001598,AC0000001598,78701.86
C001599,Veda Pillay,customer001599@novafin.example,9203980133,1999-07-22,"77/014, Contractor Zila, Raurkela Industrial Township 623153",Bangalore,SIMU001599,AC0000001599,491245.36
C001600,Naveen Borah,customer001600@novafin.example,5876509163,1947-03-07,"92/151, Chanda Nagar, Ludhiana 430027",Delhi,SIMU001600,AC0000001600,74263.73
C001601,Umang Devi,customer001601@novafin.example,6569427638,1971-09-04,"76, Chaudhry Ganj, Tirupati-107539",Ahmedabad,SIMU001601,AC0000001601,406075.77
C001602,Farhan Majumdar,customer001602@novafin.example,4264293064,1959-03-01,"74, Zachariah Street, Bijapur-584743",Ahmedabad,SIMU001602,AC0000001602,111098.77
C001603,Vrinda Nayar,customer001603@novafin.example,8972459798,1958-05-16,"H.No. 40, Doshi Road, Jaipur 149961",Kolkata,SIMU001603,AC0000001603,395103.04
C001604,Urvashi Sehgal,customer001604@novafin.example,4539057986,1986-02-04,"953, Bali Nagar, Sri Ganganagar-395256",Bangalore,SIMU001604,AC0000001604,434723.49
C001605,Suhani Sura,customer001605@novafin.example,1252458701,1949-11-21,"H.No. 733, Hayre Path, Ajmer-921515",Delhi,SIMU001605,AC0000001605,254462.84
C001606,Dayamai Mukhopadhyay,customer001606@novafin.example,8787171359,1991-12-20,"H.No. 48, Narayanan Street, Kozhikode 396433",Ahmedabad,SIMU001606,AC0000001606,78645.3
C001607,Qushi Butala,customer001607@novafin.example,0992868784,1968-02-16,"672, Sarraf Nagar, Vadodara 699128",Kolkata,SIMU001607,AC0000001607,234326.74
C001608,Meghana Vasa,customer001608@novafin.example,9441649331,1971-08-07,"H.No. 262, Vasa Zila, Singrauli 363235",Mumbai,SIMU001608,AC0000001608,149266.11
C001609,Eshana Garg,customer001609@novafin.example,9165613073,1950-12-24,"54/430, Shetty Nagar, Naihati 774146",Pune,SIMU001609,AC0000001609,30871.1
C001610,Harish Thaker,customer001610@novafin.example,1633253363,1995-08-17,"86/607, Grover Nagar, Lucknow 666069",Chennai,SIMU001610,AC0000001610,489500.39
C001611,Anirudh Varma,customer001611@novafin.example,2610689655,1997-07-29,"H.No. 14, Gole Zila, Kanpur 396848",Pune,SIMU001611,AC0000001611,271572.35
C001612,Eesha Rama,customer001612@novafin.example,0018208716,1953-12-03,"19, Toor Zila, Karaikudi-987921",Mumbai,SIMU001612,AC0000001612,230602.76
C001613,Gaurangi Agate,customer001613@novafin.example,8175760180,1992-02-28,"624, Chadha, Warangal 281665",Chennai,SIMU001613,AC0000001613,253916.6
C001614,Vinaya Suresh,customer001614@novafin.example,1319749313,1991-08-31,"H.No. 59, Swamy Ganj, Uluberia-182566",Kolkata,SIMU001614,AC0000001614,95610.86
C001615,Imaran Rajagopal,customer001615@novafin.example,9172715483,1951-12-19,"H.No. 350, Jaggi Ganj, Rewa-749687",Bangalore,SIMU001615,AC0000001615,30531.31
C001616,Sanaya Mitra,customer001616@novafin.example,6544821873,1952-10-30,"H.No. 88, Sinha Chowk, Thane-031513",Delhi,SIMU001616,AC0000001616,265144.6
C001617,Ladli Prakash,customer001617@novafin.example,8656996387,2005-10-31,"412, Khare Path, Firozabad-065729",Ahmedabad,SIMU001617,AC0000001617,429638.8
C001618,Oviya Raja,customer001618@novafin.example,6206703933,1976-07-16,"H.No. 084, Singh Ganj, Gorakhpur 003409",Delhi,SIMU001618,AC0000001618,60560.99
C001619,Gautami Vaidya,customer001619@novafin.example,7173203106,2006-12-16,"H.No. 847, Trivedi Circle, Bhind-587957",Ahmedabad,SIMU001619,AC0000001619,177301.06
C001620,Frederick Chaudhary,customer001620@novafin.example,9179461906,1989-02-03,"H.No. 832, Varughese Chowk, Katni 899842",Pune,SIMU001620,AC0000001620,485818.9
C001621,Ansh Karnik,customer001621@novafin.example,6503052411,1995-08-10,"H.No. 13, Nazareth Ganj, Phusro-957603",Bangalore,SIMU001621,AC0000001621,265791.43
C001622,Ekavir Balasubramanian,customer001622@novafin.example,9297045386,1950-05-23,"76, Comar Street, Thanjavur-561431",Kolkata,SIMU001622,AC0000001622,216556.57
C001623,Rudra Vala,customer001623@novafin.example,4899531200,2008-06-02,"H.No. 024, Seshadri Zila, Thrissur 423733",Chennai,SIMU001623,AC0000001623,62444.53
C001624,Samarth Mistry,customer001624@novafin.example,4147189762,1986-11-04,"92/101, Deshpande Chowk, Shimoga 151750",Ahmedabad,SIMU001624,AC0000001624,405599.11
C001625,Oviya Keer,customer001625@novafin.example,3240496196,1972-08-11,"14, Sule Path, Khandwa-868623",Ahmedabad,SIMU001625,AC0000001625,66809.43
C001626,Yasti Prabhu,customer001626@novafin.example,7171219993,1971-06-23,"70/022, Samra Chowk, Bally-527843",Ahmedabad,SIMU001626,AC0000001626,237357.36
C001627,Advaith Kanda,customer001627@novafin.example,8064659491,1989-07-25,"49/320, Dhaliwal Ganj, Burhanpur 870375",Mumbai,SIMU001627,AC0000001627,490818.6
C001628,Vritti Wali,customer001628@novafin.example,4576530924,1946-11-13,"225, Prabhakar Chowk, Rampur 226643",Bangalore,SIMU001628,AC0000001628,73755.58
C001629,Aarush Mand,customer001629@novafin.example,5731492662,1975-06-21,"828, Srivastava Nagar, Ghaziabad-245886",Kolkata,SIMU001629,AC0000001629,42020.17
C001630,Isaiah Sharaf,customer001630@novafin.example,9969793393,1994-12-08,"88, Rastogi Ganj, Hapur-738681",Bangalore,SIMU001630,AC0000001630,417306.66
C001631,Ijaya Gole,customer001631@novafin.example,3507993787,1953-05-24,"49/60, Joshi Ganj, Belgaum 086722",Hyderabad,SIMU001631,AC0000001631,447802.68
C001632,Radha Goyal,customer001632@novafin.example,0767778673,1981-11-22,"H.No. 97, Sani Road, Bellary 537406",Chennai,SIMU001632,AC0000001632,335933.09
C001633,Aahana Dey,customer001633@novafin.example,1033248773,1981-07-30,"86/61, Dhaliwal Ganj, Jaipur 357247",Ahmedabad,SIMU001633,AC0000001633,476418.69
C001634,Samar Pall,customer001634@novafin.example,2685007284,1981-05-04,"99/86, Dyal Marg, Satara 514904",Pune,SIMU001634,AC0000001634,417022.72
C001635,Udant Pai,customer001635@novafin.example,5434536499,1978-10-19,"22, Dhaliwal Street, Aizawl-153300",Chennai,SIMU001635,AC0000001635,426050.78
C001636,Watika Apte,customer001636@novafin.example,7507697693,1953-01-02,"869, Dada Nagar, Hazaribagh 207500",Pune,SIMU001636,AC0000001636,291071.65
C001637,Neha Buch,customer001637@novafin.example,5859392244,1968-09-07,"214, More Circle, Gwalior-999517",Ahmedabad,SIMU001637,AC0000001637,365412.58
C001638,Rushil Joshi,customer001638@novafin.example,3815695907,1986-04-24,"H.No. 636, Bhatt Zila, Kadapa 408117",Pune,SIMU001638,AC0000001638,365058.91
C001639,Aryan Prashad,customer001639@novafin.example,8214528789,1972-08-14,"H.No. 284, Patel Nagar, Aurangabad-056083",Mumbai,SIMU001639,AC0000001639,71282.59
C001640,Gopal Doctor,customer001640@novafin.example,0485896549,1964-02-19,"38/65, Sharaf Road, Gaya 054874",Chennai,SIMU001640,AC0000001640,26043.55
C001641,Balhaar Nayar,customer001641@novafin.example,6230056094,1970-03-08,"350, Rana Marg, Gandhinagar 050590",Pune,SIMU001641,AC0000001641,419194.85
C001642,Kashish Shankar,customer001642@novafin.example,5789379391,1963-10-11,"990, Nanda Ganj, Gwalior-091027",Hyderabad,SIMU001642,AC0000001642,285153.03
C001643,Anita Tank,customer001643@novafin.example,4243211190,1997-06-26,"73, Chopra Circle, Kulti-983145",Pune,SIMU001643,AC0000001643,358495.63
C001644,Zaid Swaminathan,customer001644@novafin.example,3463328742,1973-02-01,"05/80, Bawa Nagar, Miryalaguda-381575",Bangalore,SIMU001644,AC0000001644,451016.63
C001645,George Murthy,customer001645@novafin.example,3857818077,1994-11-26,"81/51, Madan Road, Vellore 995417",Ahmedabad,SIMU001645,AC0000001645,91713.36
C001646,Balendra Aggarwal,customer001646@novafin.example,5626668854,1998-07-13,"76, Patel Marg, Tadipatri-234423",Kolkata,SIMU001646,AC0000001646,75806.72
C001647,Priya Golla,customer001647@novafin.example,6648491861,1982-12-22,"580, Jhaveri Path, Chandigarh-131356",Chennai,SIMU001647,AC0000001647,114083.12
C001648,Ikbal Sawhney,customer001648@novafin.example,2784734479,1996-07-19,"17/61, Reddy, Tirunelveli-885843",Kolkata,SIMU001648,AC0000001648,127405.01
C001649,Tanveer Murthy,customer001649@novafin.example,4087474073,1984-09-29,"75/657, Bhakta Chowk, Amravati-442511",Chennai,SIMU001649,AC0000001649,365474.26
C001650,Diya Lad,customer001650@novafin.example,5192415286,1962-09-22,"17, Rai Nagar, Medininagar 445337",Mumbai,SIMU001650,AC0000001650,384645.94
C001651,Praneel Bahri,customer001651@novafin.example,5691461641,1958-06-01,"40/91, Loke Ganj, Pallavaram-090719",Bangalore,SIMU001651,AC0000001651,465147.6
C001652,Vasatika Chaudry,customer001652@novafin.example,5149514955,1978-09-24,"07/29, Sandhu Marg, Hazaribagh-843881",Mumbai,SIMU001652,AC0000001652,391768.96
C001653,Deepa Wagle,customer001653@novafin.example,7230990704,1968-10-19,"H.No. 060, Parmar Road, Phagwara 818733",Ahmedabad,SIMU001653,AC0000001653,242259.24
C001654,Ayush Goel,customer001654@novafin.example,6327223736,1963-06-13,"60/590, Shetty Road, Raurkela Industrial Township-522654",Delhi,SIMU001654,AC0000001654,482831.01
C001655,Charles Padmanabhan,customer001655@novafin.example,9734513599,1974-04-10,"H.No. 098, Shanker, Bhind 051431",Bangalore,SIMU001655,AC0000001655,276923.07
C001656,Bina Chand,customer001656@novafin.example,9913656402,1974-10-06,"28, Goswami, Maheshtala 357993",Bangalore,SIMU001656,AC0000001656,287782.51
C001657,Charita Pillai,customer001657@novafin.example,2517475294,1969-10-26,"H.No. 12, Varghese Circle, Junagadh-836766",Kolkata,SIMU001657,AC0000001657,423437.65
C001658,Sudiksha Bhardwaj,customer001658@novafin.example,1012213387,1957-10-14,"H.No. 83, Mani Path, Malda 988396",Ahmedabad,SIMU001658,AC0000001658,464076.17
C001659,Joshua Pathak,customer001659@novafin.example,5430935352,1978-12-29,"60, Walia Marg, Rohtak-157561",Delhi,SIMU001659,AC0000001659,353613.41
C001660,Chakradhar Bose,customer001660@novafin.example,3022123955,2004-03-03,"328, Lad Path, Firozabad-263262",Delhi,SIMU001660,AC0000001660,371984.96
C001661,Chakrika Lalla,customer001661@novafin.example,3715045196,1979-03-28,"15/913, Sami Street, Gaya 263554",Delhi,SIMU001661,AC0000001661,74188.13
C001662,Banjeet Johal,customer001662@novafin.example,6931057197,1993-06-28,"H.No. 55, Setty Street, Junagadh 602356",Pune,SIMU001662,AC0000001662,264452.31
C001663,Anthony Kaul,customer001663@novafin.example,9998689195,1975-05-08,"99/93, Chokshi Circle, Tezpur-874612",Kolkata,SIMU001663,AC0000001663,223865.75
C001664,Fiyaz Anand,customer001664@novafin.example,2415517586,1968-04-24,"702, Ratti Circle, Raebareli-858431",Chennai,SIMU001664,AC0000001664,154958.04
C001665,Lekha Edwin,customer001665@novafin.example,0651494739,1996-08-10,"H.No. 557, Bhatti Chowk, Kurnool-275960",Pune,SIMU001665,AC0000001665,485983.53
C001666,Leela Seth,customer001666@novafin.example,5843423149,1996-02-12,"H.No. 86, Samra Nagar, Kolkata 804099",Ahmedabad,SIMU001666,AC0000001666,407278.49
C001667,Edhitha Dash,customer001667@novafin.example,1405085013,1994-04-21,"641, Garg Street, Avadi-254392",Delhi,SIMU001667,AC0000001667,221054.1
C001668,Harini Kakar,customer001668@novafin.example,0424081744,1984-07-04,"27/682, Chaudhari Nagar, Dehradun-466142",Hyderabad,SIMU001668,AC0000001668,425460.35
C001669,Vinaya Agarwal,customer001669@novafin.example,0979096351,1950-09-23,"33/170, Palla Street, Mathura-970860",Pune,SIMU001669,AC0000001669,363140.32
C001670,Warinder Sibal,customer001670@novafin.example,5872537172,1961-04-26,"H.No. 032, Raja Path, Darbhanga-413311",Chennai,SIMU001670,AC0000001670,120422.31
C001671,Gavin Sachdeva,customer001671@novafin.example,9484226631,1946-11-01,"49/131, Raj Path, Thiruvananthapuram 671364",Hyderabad,SIMU001671,AC0000001671,351140.37
C001672,Rohan Narasimhan,customer001672@novafin.example,4522823253,1994-12-26,"93/49, Pant Marg, Sirsa-833521",Delhi,SIMU001672,AC0000001672,491134.36
C001673,Aadi Ram,customer001673@novafin.example,0641231540,1976-12-14,"50, Ratta Zila, Ajmer-034914",Delhi,SIMU001673,AC0000001673,264349.38
C001674,Amol Pal,customer001674@novafin.example,6963642721,1992-03-13,"676, Srivastava Circle, Nangloi Jat 672698",Pune,SIMU001674,AC0000001674,362417.55
C001675,Robert Agrawal,customer001675@novafin.example,3332798821,1989-04-03,"H.No. 996, Minhas Zila, Bareilly-147561",Pune,SIMU001675,AC0000001675,292083.1
C001676,Benjamin Joshi,customer001676@novafin.example,9526068228,1993-12-31,"H.No. 10, Rai, Coimbatore-929325",Kolkata,SIMU001676,AC0000001676,345265.66
C001677,Chakradhar Thaman,customer001677@novafin.example,0690303471,1954-12-25,"H.No. 238, Narayanan Path, Kolhapur-072230",Hyderabad,SIMU001677,AC0000001677,441801.69
C001678,Xavier Prabhu,customer001678@novafin.example,3398951113,1997-07-25,"79/27, Sidhu Circle, Bahraich-360842",Kolkata,SIMU001678,AC0000001678,408944.77
C001679,Leela Reddy,customer001679@novafin.example,1444865743,2001-06-10,"14/84, Dasgupta, Ajmer 298113",Mumbai,SIMU001679,AC0000001679,37004.27
C001680,Aayush Vasa,customer001680@novafin.example,3391419811,1962-08-05,"50/749, Bera Path, Ichalkaranji-271929",Delhi,SIMU001680,AC0000001680,50205.87
C001681,Lucky Venkatesh,customer001681@novafin.example,4161693624,1997-10-23,"63/238, Hayre Zila, Kanpur 741037",Bangalore,SIMU001681,AC0000001681,119953.65
C001682,Nathan Gill,customer001682@novafin.example,5941525838,1961-07-30,"11/64, Saraf Road, Orai 713290",Delhi,SIMU001682,AC0000001682,492177.89
C001683,Daniel Gokhale,customer001683@novafin.example,5851185811,1971-10-07,"535, Ranganathan, Sasaram 140812",Hyderabad,SIMU001683,AC0000001683,94553.49
C001684,Gayathri Sanghvi,customer001684@novafin.example,1676602716,1977-02-25,"71/81, Issac, Aizawl 705104",Bangalore,SIMU001684,AC0000001684,353032.55
C001685,Viraj Agarwal,customer001685@novafin.example,2821311482,1995-11-09,"H.No. 44, Shetty Marg, Siliguri-963490",Hyderabad,SIMU001685,AC0000001685,121900.43
C001686,Gavin Seth,customer001686@novafin.example,8933450041,1990-12-31,"03/076, Bobal Marg, Kolkata 166846",Bangalore,SIMU001686,AC0000001686,195374.16
C001687,Krishna Balasubramanian,customer001687@novafin.example,2848181869,1961-01-14,"H.No. 05, Sarraf Path, Tirupati 721396",Ahmedabad,SIMU001687,AC0000001687,73678.0
C001688,Netra Dua,customer001688@novafin.example,9160494172,1947-08-01,"H.No. 668, Kibe Marg, Guntur 858935",Chennai,SIMU001688,AC0000001688,377646.05
C001689,Charan Mody,customer001689@novafin.example,0571265656,1967-02-09,"71, Shanker Path, Gwalior-207018",Kolkata,SIMU001689,AC0000001689,137857.85
C001690,Geetika Vyas,customer001690@novafin.example,5967926255,1974-04-15,"H.No. 335, Varghese, Jorhat 861868",Hyderabad,SIMU001690,AC0000001690,354144.64
C001691,Advaith Krishnan,customer001691@novafin.example,4229978532,1994-02-01,"89/30, Atwal, Chennai-376584",Bangalore,SIMU001691,AC0000001691,465080.29
C001692,Hitesh Modi,customer001692@novafin.example,5650257870,1967-09-30,"79/904, Hans Marg, Mahbubnagar 991838",Kolkata,SIMU001692,AC0000001692,222868.96
C001693,Amara Wali,customer001693@novafin.example,6269616367,2008-01-19,"969, Gole Road, Navi Mumbai-489788",Pune,SIMU001693,AC0000001693,483770.78
C001694,Alka Char,customer001694@novafin.example,4527705087,1967-07-23,"H.No. 48, Yadav Zila, Mango-013919",Bangalore,SIMU001694,AC0000001694,31158.49
C001695,Triya Bhatia,customer001695@novafin.example,4142013498,2006-01-08,"H.No. 04, Goel Marg, Fatehpur-357236",Hyderabad,SIMU001695,AC0000001695,121466.43
C001696,Vasatika Karan,customer001696@novafin.example,0890345446,1997-06-10,"09/549, Sahota Marg, Morbi-307909",Ahmedabad,SIMU001696,AC0000001696,419242.15
C001697,Xiti Mallick,customer001697@novafin.example,7617099511,1973-02-15,"62, Bhandari Zila, Ajmer-579550",Pune,SIMU001697,AC0000001697,383676.16
C001698,Christopher Kunda,customer001698@novafin.example,4156630572,1956-03-02,"175, Gola Circle, Phusro-537013",Chennai,SIMU001698,AC0000001698,393669.7
C001699,Manya Balakrishnan,customer001699@novafin.example,2032489323,1974-04-01,"46/68, Jayaraman Path, Bally-484268",Chennai,SIMU001699,AC0000001699,164734.42
C001700,Vidhi Sastry,customer001700@novafin.example,7465857856,1998-06-04,"793, Raju Road, Tadepalligudem-165228",Delhi,SIMU001700,AC0000001700,492140.33
C001701,Sarthak Narain,customer001701@novafin.example,1877863414,1990-11-25,"H.No. 76, Sehgal Ganj, Surat-188727",Mumbai,SIMU001701,AC0000001701,113813.88
C001702,Omya Bhakta,customer001702@novafin.example,8886742050,1965-10-12,"163, Ray Road, Tiruchirappalli-515312",Delhi,SIMU001702,AC0000001702,374162.76
C001703,Chaaya Bora,customer001703@novafin.example,8298790868,2008-04-16,"01, Atwal Chowk, Tezpur 967015",Mumbai,SIMU001703,AC0000001703,204169.16
C001704,Nitesh Gour,customer001704@novafin.example,4124655295,1999-08-30,"H.No. 683, Ahluwalia Street, Kozhikode-113180",Kolkata,SIMU001704,AC0000001704,157578.32
C001705,Luke Butala,customer001705@novafin.example,9800847555,1965-05-18,"23/91, Datta Ganj, Jamalpur-669498",Hyderabad,SIMU001705,AC0000001705,86781.6
C001706,Ishita Varghese,customer001706@novafin.example,8469873297,1997-02-23,"713, Bera Chowk, Rampur 698459",Hyderabad,SIMU001706,AC0000001706,27681.44
C001707,Darsh Raghavan,customer001707@novafin.example,0947830626,1979-10-20,"H.No. 44, Kibe Marg, Ajmer-209274",Ahmedabad,SIMU001707,AC0000001707,362102.42
C001708,Chaitanya Varty,customer001708@novafin.example,1220215128,1971-09-20,"H.No. 41, Narula Marg, Berhampur 008777",Delhi,SIMU001708,AC0000001708,43971.78
C001709,Faras Bhagat,customer001709@novafin.example,3226073478,1974-08-21,"46/43, Bhatia Zila, Kolhapur-385437",Pune,SIMU001709,AC0000001709,308518.16
C001710,Vasana Keer,customer001710@novafin.example,5858219645,1982-10-05,"H.No. 31, Buch Street, Raurkela Industrial Township-889839",Hyderabad,SIMU001710,AC0000001710,258011.7
C001711,Samesh Bail,customer001711@novafin.example,8141257067,2002-03-24,"H.No. 54, Nanda Chowk, Coimbatore-315687",Pune,SIMU001711,AC0000001711,59618.38
C001712,Jackson Barman,customer001712@novafin.example,4264596394,1970-11-23,"H.No. 903, Pai Path, Bhavnagar-327502",Pune,SIMU001712,AC0000001712,274562.66
C001713,Ekavir Dubey,customer001713@novafin.example,4210238728,1962-08-11,"49/706, Munshi, Bhiwandi-433562",Delhi,SIMU001713,AC0000001713,272287.99
C001714,Gauri Bala,customer001714@novafin.example,1118700008,1949-05-20,"208, Keer, Yamunanagar 898046",Delhi,SIMU001714,AC0000001714,222567.34
C001715,Ekavir Sekhon,customer001715@novafin.example,0147824759,2007-03-11,"06/65, Rau Nagar, Surendranagar Dudhrej-027316",Kolkata,SIMU001715,AC0000001715,68674.14
C001716,William Pall,customer001716@novafin.example,2450632705,1990-08-15,"56/468, Radhakrishnan Marg, Sikar-691428",Chennai,SIMU001716,AC0000001716,444613.45
C001717,Abhiram Badal,customer001717@novafin.example,0137437847,1961-12-26,"258, Kapoor Ganj, Purnia-233450",Pune,SIMU001717,AC0000001717,182256.6
C001718,Hema Majumdar,customer001718@novafin.example,7765786610,2006-01-04,"H.No. 862, Tata Road, Thrissur 489140",Hyderabad,SIMU001718,AC0000001718,128761.51
C001719,Megha Ramachandran,customer001719@novafin.example,1555800875,1967-12-28,"H.No. 838, Hans Street, Meerut 446850",Ahmedabad,SIMU001719,AC0000001719,498399.76
C001720,Rudra Chahal,customer001720@novafin.example,8541842932,1976-07-02,"73, Sur Ganj, Jabalpur 653605",Bangalore,SIMU001720,AC0000001720,79492.93
C001721,Vidhi Butala,customer001721@novafin.example,7931082627,2003-06-07,"04/186, Rama, Phagwara 661182",Pune,SIMU001721,AC0000001721,236691.94
C001722,Gagan Badal,customer001722@novafin.example,5864358309,1959-02-15,"H.No. 492, Reddy Circle, Hazaribagh-175686",Chennai,SIMU001722,AC0000001722,480475.99
C001723,Zashil Nadig,customer001723@novafin.example,9642206992,1998-04-17,"H.No. 358, Sharma Nagar, Machilipatnam-449108",Pune,SIMU001723,AC0000001723,206151.99
C001724,Viraj Mannan,customer001724@novafin.example,1927277834,2002-06-24,"18/16, Chadha Chowk, Bidhannagar-103402",Mumbai,SIMU001724,AC0000001724,208291.07
C001725,Vyanjana Kanda,customer001725@novafin.example,1745741791,1946-01-11,"H.No. 013, Bhargava Ganj, Kochi 890401",Hyderabad,SIMU001725,AC0000001725,36735.22
C001726,Yug Edwin,customer001726@novafin.example,5819277244,1965-04-21,"H.No. 846, Chaudhary Circle, Bongaigaon 365974",Pune,SIMU001726,AC0000001726,269296.8
C001727,Chaitanya Chawla,customer001727@novafin.example,8719290833,1969-04-15,"78/96, Bobal Circle, Burhanpur-699169",Ahmedabad,SIMU001727,AC0000001727,256232.24
C001728,Tanvi Sethi,customer001728@novafin.example,8665748659,1986-07-01,"73, Babu Circle, Surendranagar Dudhrej-068233",Hyderabad,SIMU001728,AC0000001728,451683.76
C001729,Wahab Kapur,customer001729@novafin.example,4741267886,1976-01-15,"H.No. 60, Dugal Path, Jaunpur-213305",Chennai,SIMU001729,AC0000001729,177148.56
C001730,Oliver Trivedi,customer001730@novafin.example,2295576930,1960-04-15,"99, Anne Zila, Warangal-154344",Mumbai,SIMU001730,AC0000001730,475400.61
C001731,Vyanjana Mukherjee,customer001731@novafin.example,0848671172,1988-08-04,"436, Batta Path, Vasai-Virar 267240",Delhi,SIMU001731,AC0000001731,486523.67
C001732,Nihal Tailor,customer001732@novafin.example,1321566701,1977-04-14,"H.No. 045, Dutt, Fatehpur 898022",Bangalore,SIMU001732,AC0000001732,322793.21
C001733,Xavier Cheema,customer001733@novafin.example,0503461173,2006-10-27,"H.No. 65, Mital Path, Guwahati 335591",Chennai,SIMU001733,AC0000001733,343409.18
C001734,Charvi Chahal,customer001734@novafin.example,6630363386,1968-04-13,"44, Nanda Ganj, Ratlam 191653",Chennai,SIMU001734,AC0000001734,435851.66
C001735,Aashi Shenoy,customer001735@novafin.example,6696778134,1955-10-28,"64/91, Kalita Path, Nagpur 435184",Kolkata,SIMU001735,AC0000001735,421940.91
C001736,Kritika Joshi,customer001736@novafin.example,9465132710,1990-03-30,"43, Lanka Circle, Indore 920509",Chennai,SIMU001736,AC0000001736,280433.25
C001737,Leela Kakar,customer001737@novafin.example,9236259328,1996-06-15,"92/491, Vaidya Street, Delhi 623818",Kolkata,SIMU001737,AC0000001737,332116.55
C001738,Onkar Loyal,customer001738@novafin.example,1679177619,1987-11-03,"29, Khalsa Street, Khammam 335315",Mumbai,SIMU001738,AC0000001738,379773.14
C001739,Indira Sankaran,customer001739@novafin.example,8724504094,1990-11-24,"82, Yohannan Circle, Solapur-446821",Delhi,SIMU001739,AC0000001739,36282.65
C001740,Robert Prashad,customer001740@novafin.example,9703864732,1955-01-15,"37, Kala Circle, Anand 254145",Pune,SIMU001740,AC0000001740,42996.0
C001741,Vedhika Mammen,customer001741@novafin.example,5904474176,1963-12-07,"H.No. 79, Bandi Road, Pondicherry 532932",Mumbai,SIMU001741,AC0000001741,50777.33
C001742,Chandani Luthra,customer001742@novafin.example,4519955089,2008-05-20,"815, Bala Chowk, Bhusawal 501622",Hyderabad,SIMU001742,AC0000001742,290090.0
C001743,Charita Hayer,customer001743@novafin.example,7149487248,1974-11-16,"830, Sandal Path, Faridabad 820780",Chennai,SIMU001743,AC0000001743,457718.62
C001744,Onveer Banik,customer001744@novafin.example,5210942354,1960-01-13,"92, Apte, Satna 002279",Kolkata,SIMU001744,AC0000001744,209315.49
C001745,Jalsa Sheth,customer001745@novafin.example,5943260322,1945-12-09,"00/378, Swaminathan Zila, Sri Ganganagar-685246",Kolkata,SIMU001745,AC0000001745,230686.89
C001746,Yashawini Uppal,customer001746@novafin.example,9208515122,1948-09-23,"49/411, Choudhary Chowk, Ballia 364873",Bangalore,SIMU001746,AC0000001746,210013.39
C001747,Jeremiah Padmanabhan,customer001747@novafin.example,1259968483,1984-01-16,"71/542, Nori, Shivpuri-947700",Mumbai,SIMU001747,AC0000001747,279046.33
C001748,Gaurang Chacko,customer001748@novafin.example,3533635921,1963-09-20,"15/588, Salvi Marg, Bhubaneswar 387061",Mumbai,SIMU001748,AC0000001748,384081.28
C001749,Hemal Modi,customer001749@novafin.example,1188959491,1967-10-08,"33, Ramakrishnan Marg, Farrukhabad 431374",Bangalore,SIMU001749,AC0000001749,357918.96
C001750,Aadi Chander,customer001750@novafin.example,1106382244,1969-04-09,"H.No. 898, Sur Zila, Anantapur 791543",Mumbai,SIMU001750,AC0000001750,194907.57
C001751,Banjeet Kala,customer001751@novafin.example,5948930494,1987-01-12,"H.No. 695, Zachariah Marg, Madanapalle 331679",Mumbai,SIMU001751,AC0000001751,162672.38
C001752,Lopa Rajan,customer001752@novafin.example,0307505999,1947-01-14,"71, Cheema Nagar, Gandhinagar 105920",Hyderabad,SIMU001752,AC0000001752,313118.77
C001753,Falguni Kale,customer001753@novafin.example,4945583931,1971-11-07,"34/78, Divan Zila, Hazaribagh 078632",Hyderabad,SIMU001753,AC0000001753,388505.26
C001754,Faris Shetty,customer001754@novafin.example,3078176232,1982-09-03,"91/277, Chaudhari Marg, Bareilly 784424",Ahmedabad,SIMU001754,AC0000001754,206171.45
C001755,Upadhriti Saran,customer001755@novafin.example,0425976571,1965-12-07,"95, Raman Zila, Rohtak 140905",Bangalore,SIMU001755,AC0000001755,250144.15
C001756,Charita Mukhopadhyay,customer001756@novafin.example,2521653897,1976-10-07,"67/524, Gopal Road, New Delhi-579970",Chennai,SIMU001756,AC0000001756,89781.19
C001757,Idika Bhatti,customer001757@novafin.example,2450778363,1974-04-27,"22/71, Sagar Marg, Tiruppur 526017",Kolkata,SIMU001757,AC0000001757,403465.96
C001758,Oscar Saha,customer001758@novafin.example,5813261354,1951-03-26,"200, Nair Street, Varanasi-674071",Hyderabad,SIMU001758,AC0000001758,481063.78
C001759,Thomas Kaul,customer001759@novafin.example,1564835628,1992-05-07,"33/64, Dora, Hapur 964587",Delhi,SIMU001759,AC0000001759,166576.84
C001760,Kritika Rajagopalan,customer001760@novafin.example,9303221688,1952-02-23,"55/741, Pillai Street, Mangalore-883340",Pune,SIMU001760,AC0000001760,479761.03
C001761,Upasna Bora,customer001761@novafin.example,4557669625,2002-05-05,"12, Kari Nagar, Ambarnath 417565",Bangalore,SIMU001761,AC0000001761,287923.99
C001762,Sathvik Ahluwalia,customer001762@novafin.example,2242237166,1990-09-09,"H.No. 999, Dutta Chowk, Amritsar-529270",Delhi,SIMU001762,AC0000001762,83536.7
C001763,Christopher Sama,customer001763@novafin.example,6420117310,2004-09-24,"46/005, Batra Street, Bhimavaram 668651",Bangalore,SIMU001763,AC0000001763,297041.33
C001764,Sai Parmar,customer001764@novafin.example,7227839290,1957-12-24,"88/07, Sarin Marg, Surendranagar Dudhrej 654395",Kolkata,SIMU001764,AC0000001764,280147.22
C001765,Harish Kunda,customer001765@novafin.example,3124534749,1947-12-15,"18/22, Kala Street, Gopalpur 474848",Mumbai,SIMU001765,AC0000001765,169728.3
C001766,Megha Mukherjee,customer001766@novafin.example,5142157299,1971-06-16,"H.No. 339, Madan Zila, Deoghar 764612",Pune,SIMU001766,AC0000001766,125575.05
C001767,Indira Naidu,customer001767@novafin.example,5259137206,1949-09-27,"993, Ratta Road, Nanded-753919",Delhi,SIMU001767,AC0000001767,101453.32
C001768,Ranveer Dugar,customer001768@novafin.example,8350739848,1970-05-10,"15/11, Sachdeva Road, Jaunpur 662176",Chennai,SIMU001768,AC0000001768,318020.34
C001769,Turvi Goel,customer001769@novafin.example,3814456514,1968-12-22,"H.No. 446, Kohli Ganj, Pondicherry-450122",Hyderabad,SIMU001769,AC0000001769,117304.95
C001770,Ethan Verma,customer001770@novafin.example,8131205930,1987-09-01,"22/20, More Street, Panchkula-697068",Delhi,SIMU001770,AC0000001770,343714.51
C001771,Nathan Gala,customer001771@novafin.example,6740009773,1990-06-15,"H.No. 95, Badami, Ajmer-355301",Bangalore,SIMU001771,AC0000001771,429409.17
C001772,Hamsini Kapadia,customer001772@novafin.example,3646693706,1965-12-11,"148, Goswami Street, Srinagar 572055",Ahmedabad,SIMU001772,AC0000001772,331220.39
C001773,Utkarsh Gaba,customer001773@novafin.example,6855502694,1981-03-20,"H.No. 722, Thakkar Circle, Adoni-928866",Mumbai,SIMU001773,AC0000001773,163060.02
C001774,Guneet Balasubramanian,customer001774@novafin.example,5285443052,1962-12-17,"707, Taneja Street, Kolhapur 050294",Mumbai,SIMU001774,AC0000001774,144076.62
C001775,Saanvi Karan,customer001775@novafin.example,7881048591,1996-01-27,"487, Mandal Circle, Aizawl 471408",Chennai,SIMU001775,AC0000001775,369654.9
C001776,Vinaya Palla,customer001776@novafin.example,5699229137,1972-09-19,"H.No. 76, Karpe Ganj, Amaravati 791415",Ahmedabad,SIMU001776,AC0000001776,476981.46
C001777,Yachana Mittal,customer001777@novafin.example,7677416537,1997-07-31,"37, Purohit Zila, Patiala-111685",Pune,SIMU001777,AC0000001777,85902.19
C001778,Lakshit Mukhopadhyay,customer001778@novafin.example,7168747825,1995-06-16,"H.No. 10, Bumb Zila, Dehradun-149141",Chennai,SIMU001778,AC0000001778,72521.4
C001779,Frado Chakraborty,customer001779@novafin.example,0174748157,1985-08-26,"802, Gera Zila, Pondicherry 470807",Mumbai,SIMU001779,AC0000001779,452556.33
C001780,Pranit Shenoy,customer001780@novafin.example,7436425424,1971-12-01,"46/669, Agarwal Street, Akola 223187",Pune,SIMU001780,AC0000001780,255784.08
C001781,Yashoda Roy,customer001781@novafin.example,3445397508,1992-06-20,"98, Devi Nagar, Alwar-278362",Pune,SIMU001781,AC0000001781,317762.65
C001782,Anya Minhas,customer001782@novafin.example,4790447515,1956-12-25,"08, Krish Street, Hyderabad-029780",Hyderabad,SIMU001782,AC0000001782,354392.61
C001783,Vasatika Dewan,customer001783@novafin.example,6553092222,1982-11-25,"03/58, Ghosh Ganj, Ambattur 723442",Delhi,SIMU001783,AC0000001783,293637.2
C001784,Ekbal Ramanathan,customer001784@novafin.example,8388148994,1960-03-29,"846, Dar Marg, Jodhpur-818632",Pune,SIMU001784,AC0000001784,408657.39
C001785,Wriddhish Karan,customer001785@novafin.example,5214554472,1994-04-02,"99/74, Gandhi Road, Tiruvottiyur 303748",Kolkata,SIMU001785,AC0000001785,105103.77
C001786,Charles Vohra,customer001786@novafin.example,7432006083,1962-03-08,"58, Venkataraman Path, Morbi-573335",Pune,SIMU001786,AC0000001786,141933.19
C001787,Yachana Kakar,customer001787@novafin.example,9023894056,1971-06-26,"81, Bassi Street, Medininagar 248099",Chennai,SIMU001787,AC0000001787,363294.59
C001788,Nathan Dutta,customer001788@novafin.example,2756173720,1949-12-19,"H.No. 55, Sha Marg, Durg 351067",Kolkata,SIMU001788,AC0000001788,156422.92
C001789,Chameli Lad,customer001789@novafin.example,7167788030,2003-05-24,"00/833, Dara Road, Jamshedpur-503930",Pune,SIMU001789,AC0000001789,88795.27
C001790,Yashodhara Anne,customer001790@novafin.example,5431373129,1983-02-13,"59/973, Goel Street, Ongole 992839",Pune,SIMU001790,AC0000001790,441995.77
C001791,Shivansh Chandra,customer001791@novafin.example,6204678630,2003-08-03,"48/67, Sibal Nagar, Pudukkottai-444911",Ahmedabad,SIMU001791,AC0000001791,236545.04
C001792,Finn Basak,customer001792@novafin.example,5427255730,1981-05-23,"H.No. 84, Kapur Street, Mira-Bhayandar-727521",Hyderabad,SIMU001792,AC0000001792,256311.41
C001793,Om Sur,customer001793@novafin.example,3114341663,1977-01-28,"72/77, Choudhary Chowk, Vellore-534657",Mumbai,SIMU001793,AC0000001793,108490.83
C001794,Darsh Raj,customer001794@novafin.example,4869871646,1984-01-29,"36, Nanda Nagar, Kavali 811000",Mumbai,SIMU001794,AC0000001794,424851.67
C001795,Urishilla Zachariah,customer001795@novafin.example,1826374198,2007-09-01,"H.No. 08, Issac Zila, Jalgaon-744545",Delhi,SIMU001795,AC0000001795,448366.09
C001796,Barkha Subramaniam,customer001796@novafin.example,7879244771,1973-05-27,"99, Dass Road, Gandhinagar-376982",Chennai,SIMU001796,AC0000001796,150036.46
C001797,Sneha Prashad,customer001797@novafin.example,8259308787,1950-05-26,"126, Mutti Ganj, Ambarnath-710262",Mumbai,SIMU001797,AC0000001797,370527.05
C001798,Ekta Chaudry,customer001798@novafin.example,3562844372,1962-12-06,"520, Lanka Nagar, Gaya 918281",Bangalore,SIMU001798,AC0000001798,428553.95
C001799,Bishakha Subramaniam,customer001799@novafin.example,6678303172,1987-06-28,"H.No. 13, Sagar Chowk, Bettiah-419679",Bangalore,SIMU001799,AC0000001799,411005.14
C001800,Bina Narain,customer001800@novafin.example,9208496538,1963-06-29,"84, Kala Path, Meerut 075287",Kolkata,SIMU001800,AC0000001800,390370.12
C001801,Nitesh Dewan,customer001801@novafin.example,7502259312,1971-01-03,"95/503, Sethi Nagar, Bongaigaon 546772",Chennai,SIMU001801,AC0000001801,455494.2
C001802,Keya Sathe,customer001802@novafin.example,8390751638,1957-12-15,"40/99, Sharaf Nagar, Kirari Suleman Nagar-291764",Hyderabad,SIMU001802,AC0000001802,283147.93
C001803,Teerth Ratta,customer001803@novafin.example,4544029195,1990-11-28,"41/49, Date Street, Khammam 022935",Ahmedabad,SIMU001803,AC0000001803,335606.37
C001804,Finn Sura,customer001804@novafin.example,8636938058,1977-12-06,"517, Handa Path, Bahraich 610845",Delhi,SIMU001804,AC0000001804,198763.85
C001805,Sai Bose,customer001805@novafin.example,7961265088,1970-02-22,"799, Yohannan Chowk, Purnia 809651",Chennai,SIMU001805,AC0000001805,448432.83
C001806,Yashica Sehgal,customer001806@novafin.example,4732177854,2006-07-26,"H.No. 608, Nori Path, Bijapur-643275",Hyderabad,SIMU001806,AC0000001806,88593.6
C001807,Fitan Bobal,customer001807@novafin.example,6527701562,1984-01-19,"H.No. 27, Doctor, Ranchi 463164",Mumbai,SIMU001807,AC0000001807,213472.95
C001808,Balveer Ratta,customer001808@novafin.example,4932375583,1995-01-08,"14/932, Mangal Path, Gangtok-820666",Bangalore,SIMU001808,AC0000001808,339772.28
C001809,Sarthak Kuruvilla,customer001809@novafin.example,9710900281,1959-08-08,"61, Arya Chowk, Bardhaman-991627",Delhi,SIMU001809,AC0000001809,384672.88
C001810,Odika Pai,customer001810@novafin.example,2942501229,1970-09-16,"H.No. 92, Bora Chowk, Tenali-162429",Delhi,SIMU001810,AC0000001810,236954.71
C001811,Simon Wali,customer001811@novafin.example,1070177446,1965-10-12,"17/50, Jain Chowk, Mira-Bhayandar-315349",Delhi,SIMU001811,AC0000001811,294019.7
C001812,Krishna Ghose,customer001812@novafin.example,7410375141,1995-07-04,"98/23, Setty, Bikaner-860284",Delhi,SIMU001812,AC0000001812,374561.91
C001813,Tanveer Parsa,customer001813@novafin.example,5012199149,1967-07-09,"53/01, Ram, Darbhanga-059445",Ahmedabad,SIMU001813,AC0000001813,471108.25
C001814,Abha Munshi,customer001814@novafin.example,1020388707,1947-02-23,"H.No. 210, Mangat Nagar, Hosur 975210",Bangalore,SIMU001814,AC0000001814,128939.08
C001815,Bhavani Sankar,customer001815@novafin.example,4255686222,2000-07-16,"H.No. 710, Raja Path, Kakinada 936907",Ahmedabad,SIMU001815,AC0000001815,135081.21
C001816,Lajita Krishnamurthy,customer001816@novafin.example,2358389517,1966-05-03,"H.No. 048, Amble Ganj, Katni-732553",Hyderabad,SIMU001816,AC0000001816,200481.71
C001817,Triveni Mohanty,customer001817@novafin.example,8326225063,1976-08-18,"014, Kunda Marg, Karawal Nagar-038095",Bangalore,SIMU001817,AC0000001817,342578.16
C001818,Frederick Murty,customer001818@novafin.example,0397101044,1970-05-18,"93/40, Rege, Pimpri-Chinchwad 684865",Pune,SIMU001818,AC0000001818,209344.23
C001819,Chavvi Dugal,customer001819@novafin.example,5277685755,1955-04-09,"50, Kade Zila, Karimnagar-674942",Ahmedabad,SIMU001819,AC0000001819,443737.19
C001820,Oscar Chana,customer001820@novafin.example,6095238149,1992-07-11,"03/577, Kannan Chowk, Belgaum 049386",Bangalore,SIMU001820,AC0000001820,490780.15
C001821,Keya Din,customer001821@novafin.example,1755337347,1949-11-18,"58/27, Parekh Marg, Munger-589730",Pune,SIMU001821,AC0000001821,74031.88
C001822,Vyanjana Uppal,customer001822@novafin.example,8144298368,1988-02-08,"H.No. 05, Brar Marg, Sri Ganganagar 510749",Hyderabad,SIMU001822,AC0000001822,421564.33
C001823,Neelima Raj,customer001823@novafin.example,1588901718,1976-09-06,"26/831, Ravi Path, Bhilwara 060511",Hyderabad,SIMU001823,AC0000001823,299849.93
C001824,Vasatika Sahni,customer001824@novafin.example,5435268219,1985-03-28,"32/710, Koshy Chowk, Mau 592123",Delhi,SIMU001824,AC0000001824,203913.3
C001825,Samaksh Mistry,customer001825@novafin.example,5643172104,1999-06-05,"70/198, Warrior Chowk, Etawah 544593",Kolkata,SIMU001825,AC0000001825,198515.97
C001826,Hredhaan Kapadia,customer001826@novafin.example,2547099734,1989-12-15,"H.No. 07, Kumar Marg, Bhubaneswar 294368",Mumbai,SIMU001826,AC0000001826,270414.88
C001827,Ranveer Chakrabarti,customer001827@novafin.example,5394807207,1990-12-27,"40/22, Sawhney Street, Burhanpur 218066",Kolkata,SIMU001827,AC0000001827,487020.2
C001828,Jonathan Nayak,customer001828@novafin.example,7934445190,1965-11-09,"08/306, Malhotra Ganj, Kollam-108425",Chennai,SIMU001828,AC0000001828,270276.6
C001829,Hiral Madan,customer001829@novafin.example,3735349724,1987-09-27,"535, Gour Nagar, Sultan Pur Majra-469033",Pune,SIMU001829,AC0000001829,413187.46
C001830,Vyanjana Choudhry,customer001830@novafin.example,7058775222,1947-12-02,"23/420, Kara Ganj, Bhagalpur 535002",Pune,SIMU001830,AC0000001830,256259.24
C001831,Dipta Sabharwal,customer001831@novafin.example,8366694365,2008-04-05,"97/85, Kannan Zila, Durg 532967",Ahmedabad,SIMU001831,AC0000001831,446406.67
C001832,Ranveer Swamy,customer001832@novafin.example,9428318886,1972-11-10,"H.No. 28, Bumb Nagar, Sonipat-168249",Bangalore,SIMU001832,AC0000001832,263372.57
C001833,Tanmayi Ahluwalia,customer001833@novafin.example,4911406547,1957-12-27,"49/075, Pall Ganj, Kollam-456293",Delhi,SIMU001833,AC0000001833,233951.88
C001834,Chasmum Nanda,customer001834@novafin.example,5158223094,1968-12-02,"56, Ganesh Zila, Buxar-344146",Chennai,SIMU001834,AC0000001834,61616.91
C001835,Leena Jayaraman,customer001835@novafin.example,5291493735,1980-12-20,"16/867, Lall Road, Loni-873207",Hyderabad,SIMU001835,AC0000001835,125470.62
C001836,Gabriel Chatterjee,customer001836@novafin.example,9441826971,1994-03-11,"987, Bail Road, Darbhanga 919994",Delhi,SIMU001836,AC0000001836,99744.74
C001837,Jairaj Das,customer001837@novafin.example,4261422740,1957-01-21,"93/70, D’Alia Circle, Noida-743189",Mumbai,SIMU001837,AC0000001837,339027.08
C001838,Balhaar Balan,customer001838@novafin.example,9246012854,2006-12-15,"150, Bora Circle, Begusarai-670429",Kolkata,SIMU001838,AC0000001838,410307.0
C001839,Saumya Badami,customer001839@novafin.example,5406428235,2000-08-23,"18/64, Mandal Circle, Akola-234960",Mumbai,SIMU001839,AC0000001839,253720.41
C001840,Samarth Tata,customer001840@novafin.example,6272352643,1962-05-12,"57/162, Tripathi, Mehsana-487009",Ahmedabad,SIMU001840,AC0000001840,252535.05
C001841,Aadhya Sabharwal,customer001841@novafin.example,4699483856,2000-06-29,"67/78, Natarajan, Durgapur-975393",Delhi,SIMU001841,AC0000001841,332448.14
C001842,Utkarsh Raman,customer001842@novafin.example,9993260386,2005-06-13,"36/837, Anand Circle, Bidhannagar 718658",Kolkata,SIMU001842,AC0000001842,35661.87
C001843,Tanmayi Mane,customer001843@novafin.example,1204654565,1992-08-13,"38, Joshi Zila, Kolhapur-304210",Bangalore,SIMU001843,AC0000001843,85745.43
C001844,Vyanjana Grewal,customer001844@novafin.example,4879370123,2002-05-11,"75/901, Dayal Street, Tadipatri-013370",Delhi,SIMU001844,AC0000001844,88993.92
C001845,Ekani Som,customer001845@novafin.example,0850749113,1954-10-15,"64/93, Divan Circle, Kishanganj-138003",Bangalore,SIMU001845,AC0000001845,448128.89
C001846,Rudra Keer,customer001846@novafin.example,7361404761,2006-02-12,"58/181, Apte Zila, Phagwara-292231",Delhi,SIMU001846,AC0000001846,51558.2
C001847,Yamini Oza,customer001847@novafin.example,2010898107,1995-02-17,"H.No. 78, Banerjee Ganj, Tirupati-108834",Hyderabad,SIMU001847,AC0000001847,463162.26
C001848,Zashil Doshi,customer001848@novafin.example,3742494178,1977-12-30,"392, Gupta Circle, Pimpri-Chinchwad-571910",Kolkata,SIMU001848,AC0000001848,309694.82
C001849,Wriddhish Saxena,customer001849@novafin.example,3410242505,1952-11-16,"684, Bhatti Road, Bhind 896176",Bangalore,SIMU001849,AC0000001849,442291.77
C001850,Rachit Sahni,customer001850@novafin.example,0429758101,1994-10-18,"H.No. 92, Batta Ganj, Hapur 176825",Hyderabad,SIMU001850,AC0000001850,474945.59
C001851,Ekaja Doshi,customer001851@novafin.example,0496054690,1966-02-02,"04, Bawa Street, Nangloi Jat 087887",Chennai,SIMU001851,AC0000001851,238371.6
C001852,Jonathan Raju,customer001852@novafin.example,2284413335,1992-02-20,"770, Dhar Nagar, Kakinada 823506",Ahmedabad,SIMU001852,AC0000001852,436968.64
C001853,Upadhriti Mukherjee,customer001853@novafin.example,5708832860,1952-06-08,"H.No. 43, Choudhury Road, Aizawl 574643",Delhi,SIMU001853,AC0000001853,129197.81
C001854,Vihaan Bhalla,customer001854@novafin.example,0305818158,1945-11-08,"25/80, Majumdar, Jehanabad-373331",Kolkata,SIMU001854,AC0000001854,310398.39
C001855,Samarth Wali,customer001855@novafin.example,5568502208,1982-08-27,"92/795, Kala Zila, Parbhani 518359",Delhi,SIMU001855,AC0000001855,321025.58
C001856,Aadhya Saran,customer001856@novafin.example,2014079834,2001-07-20,"60/108, Choudhary Ganj, New Delhi-996321",Hyderabad,SIMU001856,AC0000001856,104667.81
C001857,Jagvi Kant,customer001857@novafin.example,9753175286,1963-01-06,"H.No. 259, Tak Ganj, Panvel 835002",Pune,SIMU001857,AC0000001857,463117.17
C001858,Urvashi Loke,customer001858@novafin.example,8975784235,1993-10-14,"H.No. 21, Dewan Road, Srinagar-344779",Mumbai,SIMU001858,AC0000001858,134161.55
C001859,Vedhika Saha,customer001859@novafin.example,9205515704,1946-05-24,"H.No. 94, Choudhury Circle, Tezpur 687443",Kolkata,SIMU001859,AC0000001859,87801.27
C001860,Waida Jhaveri,customer001860@novafin.example,4029030081,1951-10-26,"40/755, Sidhu, Gulbarga 634844",Bangalore,SIMU001860,AC0000001860,121115.56
C001861,Daniel Nath,customer001861@novafin.example,4475508238,1983-08-19,"H.No. 371, Narain, Pallavaram 271463",Kolkata,SIMU001861,AC0000001861,417594.24
C001862,Hemal Menon,customer001862@novafin.example,8468638720,1981-05-19,"704, Lal, Kolhapur-402655",Mumbai,SIMU001862,AC0000001862,109275.54
C001863,Pranit Lala,customer001863@novafin.example,8023310818,1995-04-19,"14/388, Som Street, Morbi 909944",Bangalore,SIMU001863,AC0000001863,441932.5
C001864,Gavin Walla,customer001864@novafin.example,3240621461,1963-05-17,"37/025, Palan Path, Jhansi-814157",Mumbai,SIMU001864,AC0000001864,69265.23
C001865,Indrajit Bhalla,customer001865@novafin.example,4922396652,1989-02-09,"08/27, Nadig Road, Panipat 659925",Delhi,SIMU001865,AC0000001865,453442.76
C001866,Vinaya Sanghvi,customer001866@novafin.example,3736435371,1972-06-16,"00, Narasimhan, Jaipur-286323",Bangalore,SIMU001866,AC0000001866,451060.25
C001867,Chandran Goel,customer001867@novafin.example,5574744936,1967-10-21,"08, Misra Ganj, Rourkela-409393",Kolkata,SIMU001867,AC0000001867,272971.01
C001868,Mahika Mammen,customer001868@novafin.example,9353956215,1954-09-21,"H.No. 889, Rout Street, Ghaziabad-361916",Pune,SIMU001868,AC0000001868,440541.54
C001869,Reva Kanda,customer001869@novafin.example,2177594144,1947-04-12,"376, Shan, Raebareli 762439",Kolkata,SIMU001869,AC0000001869,134005.97
C001870,Chandresh Rattan,customer001870@novafin.example,0079823389,1979-01-09,"39, Borde Street, Ambala-816269",Ahmedabad,SIMU001870,AC0000001870,400038.9
C001871,Raksha Kannan,customer001871@novafin.example,1059734468,1987-11-04,"47/92, Kaur, Navi Mumbai 629087",Kolkata,SIMU001871,AC0000001871,191495.96
C001872,Meera Zacharia,customer001872@novafin.example,3677639663,1961-11-17,"H.No. 755, Kunda Nagar, Karaikudi-138389",Mumbai,SIMU001872,AC0000001872,227107.46
C001873,Guneet Bhatti,customer001873@novafin.example,5282079077,1991-12-12,"25/61, Sandhu Marg, Thane-802802",Hyderabad,SIMU001873,AC0000001873,251642.09
C001874,Praneel Mitra,customer001874@novafin.example,6616517586,2003-06-07,"04, Wagle Ganj, Thiruvananthapuram-384099",Chennai,SIMU001874,AC0000001874,457290.54
C001875,Rachit Rana,customer001875@novafin.example,7649857742,1984-04-12,"70/547, Bava Street, Bhiwani 652967",Mumbai,SIMU001875,AC0000001875,159551.67
C001876,Urishilla Choudhry,customer001876@novafin.example,6680731001,1977-08-11,"00/220, Krish Nagar, Aizawl-382235",Kolkata,SIMU001876,AC0000001876,147457.36
C001877,Pratyush Dhaliwal,customer001877@novafin.example,9412456212,1963-03-08,"H.No. 139, Nath Marg, Karnal 551765",Bangalore,SIMU001877,AC0000001877,361845.7
C001878,Thomas Sama,customer001878@novafin.example,9509262897,1949-09-05,"H.No. 30, Chaudhuri Marg, Patiala-885899",Bangalore,SIMU001878,AC0000001878,299543.89
C001879,Sneha Baral,customer001879@novafin.example,6998189237,1966-04-11,"H.No. 136, Samra Road, Kharagpur 858039",Mumbai,SIMU001879,AC0000001879,271886.88
C001880,Lucky Sharma,customer001880@novafin.example,9053875189,1957-12-02,"977, Kata Ganj, Ludhiana-143269",Kolkata,SIMU001880,AC0000001880,335909.41
C001881,Charvi Dasgupta,customer001881@novafin.example,4232008658,1960-10-28,"19/34, Chander Street, Anantapuram 467573",Pune,SIMU001881,AC0000001881,219201.41
C001882,Edhitha Chad,customer001882@novafin.example,1561731243,1976-10-25,"61, Mahal Chowk, Ambattur-300568",Mumbai,SIMU001882,AC0000001882,98519.83
C001883,Jatin Sen,customer001883@novafin.example,7340697541,1958-11-01,"H.No. 08, Deep, Srikakulam 092213",Hyderabad,SIMU001883,AC0000001883,149118.88
C001884,Ucchal Balasubramanian,customer001884@novafin.example,5038607294,1955-02-17,"H.No. 51, Pingle Street, Srikakulam-285586",Kolkata,SIMU001884,AC0000001884,293218.36
C001885,Wyatt Dar,customer001885@novafin.example,0278634876,1954-09-16,"55/21, Banik Zila, Rajpur Sonarpur 615667",Hyderabad,SIMU001885,AC0000001885,496104.37
C001886,Sachi Cheema,customer001886@novafin.example,4112928810,1983-02-17,"H.No. 79, Nagarajan Marg, Ramagundam 085548",Kolkata,SIMU001886,AC0000001886,383611.65
C001887,Yoshita Bassi,customer001887@novafin.example,9043987888,1965-04-10,"H.No. 602, Banerjee Marg, Kavali 052198",Kolkata,SIMU001887,AC0000001887,287249.85
C001888,Rachit Acharya,customer001888@novafin.example,7730881530,1959-09-16,"70, Dhaliwal Path, Adoni-538412",Ahmedabad,SIMU001888,AC0000001888,109891.81
C001889,Hemang Kapur,customer001889@novafin.example,5332588840,1957-05-25,"212, Chakrabarti Zila, Barasat-485024",Ahmedabad,SIMU001889,AC0000001889,145544.38
C001890,Elijah Badami,customer001890@novafin.example,6810713779,1987-10-26,"46/073, Gera Chowk, Aizawl 324044",Hyderabad,SIMU001890,AC0000001890,299384.3
C001891,Harshil Dutt,customer001891@novafin.example,7856343614,1951-05-29,"H.No. 31, Wadhwa Street, Jorhat-677564",Kolkata,SIMU001891,AC0000001891,374496.65
C001892,Yachana Jaggi,customer001892@novafin.example,3320948168,2005-10-15,"H.No. 146, Varma Zila, Howrah 739246",Mumbai,SIMU001892,AC0000001892,380211.74
C001893,Vihaan Chakraborty,customer001893@novafin.example,6425088232,1973-08-07,"77/323, Dugar Chowk, Gudivada-921332",Ahmedabad,SIMU001893,AC0000001893,396976.9
C001894,Abdul Ramaswamy,customer001894@novafin.example,8694605692,1947-06-22,"58/26, Sanghvi Zila, Kollam 381258",Delhi,SIMU001894,AC0000001894,72632.34
C001895,Qasim Nagarajan,customer001895@novafin.example,2197476044,1963-10-06,"656, Sami Street, Tenali 464300",Kolkata,SIMU001895,AC0000001895,398388.53
C001896,Naveen Mody,customer001896@novafin.example,6605313978,1978-02-23,"93/777, Mody Street, Bardhaman-784128",Bangalore,SIMU001896,AC0000001896,101350.55
C001897,Nitara Cherian,customer001897@novafin.example,8261249987,1986-06-27,"40/68, Goel Zila, Sri Ganganagar 104086",Bangalore,SIMU001897,AC0000001897,407075.45
C001898,Raghav Dhar,customer001898@novafin.example,8684810624,1969-04-12,"86/512, Nayar Nagar, Bhubaneswar-280786",Delhi,SIMU001898,AC0000001898,249042.61
C001899,Ucchal Sule,customer001899@novafin.example,1696202336,1972-11-09,"81/378, Narayanan, Durgapur 543512",Kolkata,SIMU001899,AC0000001899,66866.83
C001900,Deepa Parsa,customer001900@novafin.example,3859524050,1999-04-28,"66/605, Varghese Circle, Adoni 924398",Hyderabad,SIMU001900,AC0000001900,130340.87
C001901,Gayathri Vyas,customer001901@novafin.example,2257021168,1956-07-28,"H.No. 98, Ramesh, Raebareli-781548",Mumbai,SIMU001901,AC0000001901,314288.71
C001902,Leena Chadha,customer001902@novafin.example,5383366449,1993-05-02,"H.No. 342, Shroff Marg, Mau 611556",Kolkata,SIMU001902,AC0000001902,467075.37
C001903,Nilima Aggarwal,customer001903@novafin.example,4057876601,1991-08-23,"H.No. 73, Sethi Nagar, Hosur-279727",Kolkata,SIMU001903,AC0000001903,316633.66
C001904,Advik Choudhury,customer001904@novafin.example,9946521745,1985-03-30,"68/44, Bajaj Ganj, Nagaon 145795",Hyderabad,SIMU001904,AC0000001904,363012.77
C001905,Suhani Hegde,customer001905@novafin.example,5679972815,1989-10-17,"32/763, Chana, Udupi 973976",Bangalore,SIMU001905,AC0000001905,474215.03
C001906,Leela Peri,customer001906@novafin.example,4718175340,1988-10-02,"H.No. 175, Kamdar Marg, Parbhani-602109",Delhi,SIMU001906,AC0000001906,329138.37
C001907,Leela Gopal,customer001907@novafin.example,9696727833,2008-05-29,"196, Ghosh Circle, Jammu-981200",Ahmedabad,SIMU001907,AC0000001907,30087.44
C001908,Urvashi Sen,customer001908@novafin.example,6715691470,2001-11-20,"54/164, Bala Marg, Moradabad-006652",Hyderabad,SIMU001908,AC0000001908,117504.58
C001909,Sai Bedi,customer001909@novafin.example,4557868592,2004-07-19,"59, Seth Chowk, Bhiwandi 420180",Chennai,SIMU001909,AC0000001909,317215.24
C001910,Bhavika Dhawan,customer001910@novafin.example,6872170466,1990-09-06,"62/11, Sule Marg, Siliguri 046583",Bangalore,SIMU001910,AC0000001910,195876.5
C001911,Janya Zacharia,customer001911@novafin.example,1665813662,1982-08-07,"02/130, Bakshi Path, Noida-783488",Bangalore,SIMU001911,AC0000001911,488431.8
C001912,Amaira Ranganathan,customer001912@novafin.example,8247407943,1999-12-15,"H.No. 66, Chakraborty Marg, Gaya 323929",Mumbai,SIMU001912,AC0000001912,498488.14
C001913,Advaith Contractor,customer001913@novafin.example,6103216580,1971-05-24,"51/193, Wason Circle, Ghaziabad-458167",Kolkata,SIMU001913,AC0000001913,192735.64
C001914,Fitan Kibe,customer001914@novafin.example,4201859052,1950-12-16,"H.No. 67, Grewal Street, Moradabad-865038",Kolkata,SIMU001914,AC0000001914,217589.21
C001915,Jeet Bhagat,customer001915@novafin.example,9599222492,1947-07-02,"H.No. 592, Desai Street, Gudivada-648618",Chennai,SIMU001915,AC0000001915,270927.78
C001916,Om Pall,customer001916@novafin.example,9143211724,1998-09-16,"20/80, Sachdev Circle, Bidhannagar 871353",Mumbai,SIMU001916,AC0000001916,461609.28
C001917,Riya Hayre,customer001917@novafin.example,4205703659,1967-02-19,"27, Dugar, Firozabad-998117",Hyderabad,SIMU001917,AC0000001917,369915.89
C001918,Frederick Kari,customer001918@novafin.example,0261671672,1955-07-02,"H.No. 262, Babu Zila, Ahmedabad 209143",Pune,SIMU001918,AC0000001918,190050.67
C001919,Wazir Wason,customer001919@novafin.example,1531189230,1961-04-24,"88/72, Seshadri Circle, Srinagar-042387",Hyderabad,SIMU001919,AC0000001919,132490.37
C001920,Yamini Bajaj,customer001920@novafin.example,0779642770,1998-12-01,"H.No. 39, Bhatti, Loni 413174",Chennai,SIMU001920,AC0000001920,241010.53
C001921,Gautami Dara,customer001921@novafin.example,4423344025,1999-08-04,"H.No. 889, Chauhan Street, Jalandhar 874853",Kolkata,SIMU001921,AC0000001921,298080.69
C001922,Harinakshi Sant,customer001922@novafin.example,6087254777,1997-04-04,"83, Gupta Path, Panipat 811016",Hyderabad,SIMU001922,AC0000001922,108141.52
C001923,Ishaan Venkatesh,customer001923@novafin.example,4469316815,1987-07-19,"04, Om Road, Khora  492306",Mumbai,SIMU001923,AC0000001923,290349.59
C001924,Dhruv Atwal,customer001924@novafin.example,7484252467,1949-11-16,"39, Wadhwa Nagar, Nagercoil-589832",Hyderabad,SIMU001924,AC0000001924,186483.8
C001925,Sathvik Narayan,customer001925@novafin.example,1333169543,1964-05-29,"H.No. 51, Taneja Marg, Mehsana-720439",Mumbai,SIMU001925,AC0000001925,406397.57
C001926,Jai Thakkar,customer001926@novafin.example,2716965645,2004-01-31,"H.No. 347, Ratti Marg, Uluberia-406689",Hyderabad,SIMU001926,AC0000001926,441153.7
C001927,Mason Oak,customer001927@novafin.example,2836930801,1957-07-15,"83/02, Balakrishnan Nagar, Haldia 723861",Hyderabad,SIMU001927,AC0000001927,354741.13
C001928,Champak Bose,customer001928@novafin.example,1913640695,1996-05-04,"H.No. 477, Pandya Ganj, Noida 884974",Kolkata,SIMU001928,AC0000001928,292505.09
C001929,Lipika Kapur,customer001929@novafin.example,2855633660,1955-08-17,"92/118, Warrior Street, Shahjahanpur 510271",Chennai,SIMU001929,AC0000001929,384799.81
C001930,Indira Verma,customer001930@novafin.example,4796056233,1976-11-07,"85/43, Rajan Road, Anantapur-954637",Ahmedabad,SIMU001930,AC0000001930,348757.47
C001931,Yuvraj Kanda,customer001931@novafin.example,0304716623,1962-06-23,"819, Arora Road, Moradabad 295207",Bangalore,SIMU001931,AC0000001931,253935.83
C001932,Warda Master,customer001932@novafin.example,4656637070,1958-12-01,"H.No. 435, Nagi Ganj, Firozabad-222847",Hyderabad,SIMU001932,AC0000001932,57088.27
C001933,Lila Banik,customer001933@novafin.example,9749091261,1983-05-25,"H.No. 418, Mishra Path, Howrah 896560",Chennai,SIMU001933,AC0000001933,346533.66
C001934,Libni Pillay,customer001934@novafin.example,4956977556,1965-06-28,"H.No. 522, Bal, Nagpur 507629",Chennai,SIMU001934,AC0000001934,405076.66
C001935,Onkar Bajaj,customer001935@novafin.example,2172209434,1980-11-15,"H.No. 985, Shah Chowk, Rajpur Sonarpur-137230",Kolkata,SIMU001935,AC0000001935,478836.7
C001936,Upkaar Murty,customer001936@novafin.example,1361877497,1959-11-07,"H.No. 85, Nagar Ganj, Tadipatri 154143",Bangalore,SIMU001936,AC0000001936,357888.81
C001937,Chatura Mani,customer001937@novafin.example,8724308848,2003-07-22,"H.No. 42, Bedi Path, Adoni 375790",Hyderabad,SIMU001937,AC0000001937,142922.36
C001938,Eta Parekh,customer001938@novafin.example,8806395845,1988-05-02,"65/37, Kumar Nagar, Bulandshahr 985683",Mumbai,SIMU001938,AC0000001938,214492.05
C001939,Chatura Pant,customer001939@novafin.example,8344027554,2007-09-07,"50/33, Konda Marg, Tinsukia 402110",Pune,SIMU001939,AC0000001939,61113.69
C001940,Hiral Misra,customer001940@novafin.example,4606534930,2004-08-17,"H.No. 91, Prashad Marg, Dindigul-773904",Delhi,SIMU001940,AC0000001940,251363.84
C001941,Gayathri Merchant,customer001941@novafin.example,6233193121,1953-08-20,"77/38, Bandi Nagar, Panchkula 968706",Pune,SIMU001941,AC0000001941,128818.91
C001942,Qushi Upadhyay,customer001942@novafin.example,3316509833,1979-01-03,"01/40, Mody Path, Kavali-469898",Hyderabad,SIMU001942,AC0000001942,111822.62
C001943,Vanya Korpal,customer001943@novafin.example,3953725801,1981-02-07,"003, Kar Street, Ujjain 192686",Chennai,SIMU001943,AC0000001943,262024.69
C001944,Indrajit Swaminathan,customer001944@novafin.example,8555550518,2004-11-16,"662, Mohan Road, Bulandshahr 704110",Chennai,SIMU001944,AC0000001944,136559.15
C001945,Chatresh Gokhale,customer001945@novafin.example,4913597489,1955-02-21,"53, Savant Zila, Bhimavaram 053725",Chennai,SIMU001945,AC0000001945,439552.69
C001946,Hemangini Rajan,customer001946@novafin.example,3734348891,1997-05-09,"420, Deo Zila, Surendranagar Dudhrej 066259",Chennai,SIMU001946,AC0000001946,133873.58
C001947,Urishilla Sodhi,customer001947@novafin.example,4112848421,1962-11-20,"94/047, Chadha Circle, Bhiwani-161684",Chennai,SIMU001947,AC0000001947,422258.99
C001948,Michael Rajagopalan,customer001948@novafin.example,8279414550,2005-01-28,"H.No. 987, Kapadia Nagar, Panipat-985270",Pune,SIMU001948,AC0000001948,99097.9
C001949,Sanaya Kashyap,customer001949@novafin.example,4463464749,1953-11-20,"H.No. 015, Gandhi Street, Bettiah-595881",Mumbai,SIMU001949,AC0000001949,81942.28
C001950,Rohan Sandal,customer001950@novafin.example,6088232351,1968-01-02,"H.No. 49, Pathak Road, Surat-176810",Mumbai,SIMU001950,AC0000001950,346010.76
C001951,Tanish Dutt,customer001951@novafin.example,7073081414,1970-01-02,"54/517, Hari Ganj, Jabalpur-548765",Ahmedabad,SIMU001951,AC0000001951,316567.81
C001952,Gautam Prabhu,customer001952@novafin.example,6655172864,1975-03-08,"14, Dutta Chowk, Cuttack 531965",Bangalore,SIMU001952,AC0000001952,427805.03
C001953,Leena Manda,customer001953@novafin.example,1805400853,1964-03-24,"96, Barad Zila, Gudivada-591311",Pune,SIMU001953,AC0000001953,319817.05
C001954,Anthony Virk,customer001954@novafin.example,8157491671,1977-10-06,"78, Narayan Circle, Khandwa 038528",Ahmedabad,SIMU001954,AC0000001954,451607.57
C001955,Upadhriti Mistry,customer001955@novafin.example,1541506898,1982-08-08,"78, Iyengar Chowk, Sasaram 851496",Hyderabad,SIMU001955,AC0000001955,258132.54
C001956,Sneha Prasad,customer001956@novafin.example,1695402313,1983-10-04,"95/71, Pandit Ganj, Lucknow-168451",Hyderabad,SIMU001956,AC0000001956,213992.76
C001957,Om Madan,customer001957@novafin.example,2387893038,1972-05-05,"H.No. 962, Dhawan Marg, Saharanpur 953762",Delhi,SIMU001957,AC0000001957,50720.38
C001958,Abdul Parsa,customer001958@novafin.example,2727206675,1970-05-24,"H.No. 375, Sodhi Ganj, Dindigul-883068",Kolkata,SIMU001958,AC0000001958,252202.04
C001959,Abha Varty,customer001959@novafin.example,7049672942,2007-07-27,"798, Banik Nagar, Sultan Pur Majra 028882",Bangalore,SIMU001959,AC0000001959,263675.73
C001960,Saanvi Sura,customer001960@novafin.example,8770152424,1948-08-29,"103, Sodhi Marg, Vadodara-925427",Kolkata,SIMU001960,AC0000001960,433690.06
C001961,Yutika Kale,customer001961@novafin.example,8180343071,1989-05-03,"H.No. 45, Deo Nagar, Secunderabad-858197",Delhi,SIMU001961,AC0000001961,242168.12
C001962,Yashawini Mistry,customer001962@novafin.example,7482232864,1966-03-29,"17, Dewan Road, Mirzapur-066124",Mumbai,SIMU001962,AC0000001962,356666.17
C001963,Atharv Chacko,customer001963@novafin.example,6012418116,1957-10-16,"69/26, Chanda Street, Kishanganj 720206",Ahmedabad,SIMU001963,AC0000001963,174934.35
C001964,Ekaraj Muni,customer001964@novafin.example,0924432954,2004-01-22,"961, Ghose Chowk, Berhampore-731889",Bangalore,SIMU001964,AC0000001964,30614.49
C001965,Balhaar Saraf,customer001965@novafin.example,4462037445,1988-02-22,"73/421, Dhillon Road, Navi Mumbai 078136",Chennai,SIMU001965,AC0000001965,205228.3
C001966,Devika Deo,customer001966@novafin.example,7038394271,1965-11-21,"49, Dave Street, Satna-164004",Mumbai,SIMU001966,AC0000001966,179582.19
C001967,Nicholas Lall,customer001967@novafin.example,4345646639,1948-06-30,"06/335, Parikh Chowk, Udupi 975675",Hyderabad,SIMU001967,AC0000001967,113897.41
C001968,Avni Radhakrishnan,customer001968@novafin.example,7667491348,1997-08-27,"242, Choudhry Street, Rohtak 324421",Hyderabad,SIMU001968,AC0000001968,137641.1
C001969,Mohini Chandran,customer001969@novafin.example,0498359005,1983-10-13,"H.No. 14, Bhandari Marg, Hindupur-837653",Ahmedabad,SIMU001969,AC0000001969,480300.24
C001970,Bachittar Bansal,customer001970@novafin.example,7834108075,1949-08-24,"H.No. 51, Sani Ganj, Agra-942208",Pune,SIMU001970,AC0000001970,198813.97
C001971,Ekanta Agate,customer001971@novafin.example,1215595995,1950-05-29,"65, Kalita Path, Ranchi-811703",Ahmedabad,SIMU001971,AC0000001971,226372.87
C001972,Chaitanya Kothari,customer001972@novafin.example,5383614491,2001-08-28,"H.No. 14, Dara Circle, Navi Mumbai 687261",Kolkata,SIMU001972,AC0000001972,357838.5
C001973,Wakeeta Keer,customer001973@novafin.example,0215384503,1986-05-22,"131, Dalal Street, Aurangabad-434666",Pune,SIMU001973,AC0000001973,198412.04
C001974,Indrajit Jaggi,customer001974@novafin.example,2153944060,1995-03-02,"H.No. 584, Manda, Bidhannagar 393600",Kolkata,SIMU001974,AC0000001974,157824.03
C001975,Chaman Varty,customer001975@novafin.example,3353336941,1979-10-04,"56, Wason Path, Naihati 483868",Delhi,SIMU001975,AC0000001975,296419.62
C001976,Gaurang Dhaliwal,customer001976@novafin.example,5879050730,2004-07-19,"85/636, Raval Marg, Jammu-396286",Chennai,SIMU001976,AC0000001976,411740.57
C001977,Samarth Shanker,customer001977@novafin.example,4701121435,1961-02-08,"28, Walia Street, Etawah 596040",Hyderabad,SIMU001977,AC0000001977,406941.6
C001978,Ucchal Manda,customer001978@novafin.example,7706481335,1987-09-07,"42/350, Varughese Marg, Thrissur-939606",Kolkata,SIMU001978,AC0000001978,431746.65
C001979,Pahal Hegde,customer001979@novafin.example,3919294787,2000-05-24,"03/186, Rajan Circle, Ballia 799481",Chennai,SIMU001979,AC0000001979,94275.77
C001980,Nitara Menon,customer001980@novafin.example,4827719591,1963-07-22,"44, Sinha Chowk, Adoni 188440",Delhi,SIMU001980,AC0000001980,249668.84
C001981,Aadhya Sekhon,customer001981@novafin.example,8231961725,1992-02-04,"27/180, Patel Road, Pudukkottai 289951",Bangalore,SIMU001981,AC0000001981,108888.46
C001982,Ikbal Sood,customer001982@novafin.example,4756365183,1976-11-07,"712, Bajaj Path, Danapur 120358",Ahmedabad,SIMU001982,AC0000001982,88874.05
C001983,Wridesh Saxena,customer001983@novafin.example,1962452405,1977-05-05,"H.No. 91, Varghese, Secunderabad-292977",Pune,SIMU001983,AC0000001983,398033.14
C001984,Qabil Patla,customer001984@novafin.example,5855422054,2002-10-22,"89/67, Kothari Ganj, Noida 063230",Hyderabad,SIMU001984,AC0000001984,144212.67
C001985,Falan Sastry,customer001985@novafin.example,9557632951,1950-06-09,"74/863, Mandal Chowk, Faridabad 036638",Bangalore,SIMU001985,AC0000001985,214240.9
C001986,Chatura Datta,customer001986@novafin.example,8717584053,1973-04-21,"288, Ramakrishnan Chowk, Amroha 746003",Delhi,SIMU001986,AC0000001986,53517.28
C001987,Gautam Acharya,customer001987@novafin.example,8828703517,1963-12-16,"H.No. 00, Sood, Purnia-407125",Hyderabad,SIMU001987,AC0000001987,251356.23
C001988,Bhavna Sahota,customer001988@novafin.example,1555240278,1970-04-07,"083, Panchal, Bhubaneswar 695152",Mumbai,SIMU001988,AC0000001988,238681.04
C001989,Samesh Lall,customer001989@novafin.example,0896071376,1990-05-13,"H.No. 605, Saini Nagar, Bhopal 118328",Pune,SIMU001989,AC0000001989,148390.33
C001990,Anthony Chatterjee,customer001990@novafin.example,4079043893,1976-07-26,"H.No. 61, Parmar Path, Bhatpara-113414",Pune,SIMU001990,AC0000001990,291166.27
C001991,Lakshit Sachdeva,customer001991@novafin.example,6583527383,1982-10-21,"H.No. 694, Ravi Path, Bahraich 931957",Hyderabad,SIMU001991,AC0000001991,188466.63
C001992,Ganga Chawla,customer001992@novafin.example,3944949307,1976-07-27,"02/30, Som Chowk, Tirupati 502860",Kolkata,SIMU001992,AC0000001992,82587.81
C001993,Faraj Tripathi,customer001993@novafin.example,7691081898,1981-07-27,"H.No. 047, Trivedi Nagar, Bally 453256",Chennai,SIMU001993,AC0000001993,299005.53
C001994,Krish Chakraborty,customer001994@novafin.example,9511094526,1950-06-17,"H.No. 14, Gera Marg, Mumbai-888876",Delhi,SIMU001994,AC0000001994,490202.24
C001995,Hredhaan Morar,customer001995@novafin.example,7722285569,1983-12-30,"H.No. 88, Basu Zila, Kollam-761990",Hyderabad,SIMU001995,AC0000001995,193676.79
C001996,Sara Sinha,customer001996@novafin.example,3110253759,1982-08-23,"51/494, Bahri Nagar, Bilaspur 723979",Ahmedabad,SIMU001996,AC0000001996,393003.57
C001997,Hemang Vohra,customer001997@novafin.example,1076059558,1955-06-11,"77/696, Krish Chowk, Dindigul 966070",Ahmedabad,SIMU001997,AC0000001997,447575.41
C001998,Upasna Kala,customer001998@novafin.example,2380571216,1971-10-19,"34, Viswanathan Street, Bilaspur-685446",Kolkata,SIMU001998,AC0000001998,316490.29
C001999,Neha Toor,customer001999@novafin.example,8993219133,1954-03-30,"53/48, Saha Path, Etawah 446240",Ahmedabad,SIMU001999,AC0000001999,325063.29
C002000,Bishakha Char,customer002000@novafin.example,3166417000,1985-07-11,"42, Deo Zila, Khandwa 058085",Delhi,SIMU002000,AC0000002000,437422.38
